<?xml version="1.0" encoding="utf-8"?>
<COLLADA xmlns="http://www.collada.org/2005/11/COLLADASchema" version="1.4.1" xmlns:xsi="http://www.w3.org/2001/XMLSchema-instance">
  <asset>
    <contributor>
      <author>Blender User</author>
      <authoring_tool>Blender 4.5.3 LTS commit date:2025-09-08, commit time:12:46, hash:67807e1800cc</authoring_tool>
    </contributor>
    <created>2025-11-11T21:30:21</created>
    <modified>2025-11-11T21:30:21</modified>
    <unit name="meter" meter="1"/>
    <up_axis>Z_UP</up_axis>
  </asset>
  <library_cameras>
    <camera id="Camera_002-camera" name="Camera.002">
      <optics>
        <technique_common>
          <perspective>
            <xfov sid="xfov">39.59775</xfov>
            <aspect_ratio>1.777778</aspect_ratio>
            <znear sid="znear">0.1</znear>
            <zfar sid="zfar">100</zfar>
          </perspective>
        </technique_common>
      </optics>
      <extra>
        <technique profile="blender">
          <shiftx sid="shiftx" type="float">0</shiftx>
          <shifty sid="shifty" type="float">0</shifty>
          <dof_distance sid="dof_distance" type="float">10</dof_distance>
        </technique>
      </extra>
    </camera>
    <camera id="Camera_001-camera" name="Camera.001">
      <optics>
        <technique_common>
          <perspective>
            <xfov sid="xfov">39.59775</xfov>
            <aspect_ratio>1.777778</aspect_ratio>
            <znear sid="znear">0.1</znear>
            <zfar sid="zfar">100</zfar>
          </perspective>
        </technique_common>
      </optics>
      <extra>
        <technique profile="blender">
          <shiftx sid="shiftx" type="float">0</shiftx>
          <shifty sid="shifty" type="float">0</shifty>
          <dof_distance sid="dof_distance" type="float">10</dof_distance>
        </technique>
      </extra>
    </camera>
    <camera id="Camera-camera" name="Camera">
      <optics>
        <technique_common>
          <perspective>
            <xfov sid="xfov">39.59775</xfov>
            <aspect_ratio>1.777778</aspect_ratio>
            <znear sid="znear">0.1</znear>
            <zfar sid="zfar">100</zfar>
          </perspective>
        </technique_common>
      </optics>
      <extra>
        <technique profile="blender">
          <shiftx sid="shiftx" type="float">0</shiftx>
          <shifty sid="shifty" type="float">0</shifty>
          <dof_distance sid="dof_distance" type="float">10</dof_distance>
        </technique>
      </extra>
    </camera>
  </library_cameras>
  <library_lights>
    <light id="Light_002-light" name="Light.002">
      <technique_common>
        <point>
          <color sid="color">1000 1000 1000</color>
          <constant_attenuation>1</constant_attenuation>
          <linear_attenuation>0</linear_attenuation>
          <quadratic_attenuation>0</quadratic_attenuation>
        </point>
      </technique_common>
      <extra>
        <technique profile="blender">
          <type sid="type" type="int">0</type>
          <flag sid="flag" type="int">0</flag>
          <mode sid="mode" type="int">2097153</mode>
          <red sid="red" type="float">1</red>
          <green sid="green" type="float">1</green>
          <blue sid="blue" type="float">1</blue>
          <energy sid="blender_energy" type="float">1000</energy>
          <spotsize sid="spotsize" type="float">75</spotsize>
          <spotblend sid="spotblend" type="float">0.15</spotblend>
          <clipsta sid="clipsta" type="float">0.04999995</clipsta>
          <clipend sid="clipend" type="float">40</clipend>
          <radius sid="radius" type="float">0.1</radius>
          <area_shape sid="area_shape" type="int">1</area_shape>
          <area_size sid="area_size" type="float">0.1</area_size>
          <area_sizey sid="area_sizey" type="float">0.1</area_sizey>
          <area_sizez sid="area_sizez" type="float">1</area_sizez>
        </technique>
      </extra>
    </light>
    <light id="Light_001-light" name="Light.001">
      <technique_common>
        <point>
          <color sid="color">1000 1000 1000</color>
          <constant_attenuation>1</constant_attenuation>
          <linear_attenuation>0</linear_attenuation>
          <quadratic_attenuation>0</quadratic_attenuation>
        </point>
      </technique_common>
      <extra>
        <technique profile="blender">
          <type sid="type" type="int">0</type>
          <flag sid="flag" type="int">0</flag>
          <mode sid="mode" type="int">2097153</mode>
          <red sid="red" type="float">1</red>
          <green sid="green" type="float">1</green>
          <blue sid="blue" type="float">1</blue>
          <energy sid="blender_energy" type="float">1000</energy>
          <spotsize sid="spotsize" type="float">75</spotsize>
          <spotblend sid="spotblend" type="float">0.15</spotblend>
          <clipsta sid="clipsta" type="float">0.04999995</clipsta>
          <clipend sid="clipend" type="float">40</clipend>
          <radius sid="radius" type="float">0.1</radius>
          <area_shape sid="area_shape" type="int">1</area_shape>
          <area_size sid="area_size" type="float">0.1</area_size>
          <area_sizey sid="area_sizey" type="float">0.1</area_sizey>
          <area_sizez sid="area_sizez" type="float">1</area_sizez>
        </technique>
      </extra>
    </light>
    <light id="Light-light" name="Light">
      <technique_common>
        <point>
          <color sid="color">1000 1000 1000</color>
          <constant_attenuation>1</constant_attenuation>
          <linear_attenuation>0</linear_attenuation>
          <quadratic_attenuation>0</quadratic_attenuation>
        </point>
      </technique_common>
      <extra>
        <technique profile="blender">
          <type sid="type" type="int">0</type>
          <flag sid="flag" type="int">0</flag>
          <mode sid="mode" type="int">2097153</mode>
          <red sid="red" type="float">1</red>
          <green sid="green" type="float">1</green>
          <blue sid="blue" type="float">1</blue>
          <energy sid="blender_energy" type="float">1000</energy>
          <spotsize sid="spotsize" type="float">75</spotsize>
          <spotblend sid="spotblend" type="float">0.15</spotblend>
          <clipsta sid="clipsta" type="float">0.04999995</clipsta>
          <clipend sid="clipend" type="float">40</clipend>
          <radius sid="radius" type="float">0.1</radius>
          <area_shape sid="area_shape" type="int">1</area_shape>
          <area_size sid="area_size" type="float">0.1</area_size>
          <area_sizey sid="area_sizey" type="float">0.1</area_sizey>
          <area_sizez sid="area_sizez" type="float">1</area_sizez>
        </technique>
      </extra>
    </light>
  </library_lights>
  <library_effects>
    <effect id="Label_001-effect">
      <profile_COMMON>
        <technique sid="common">
          <lambert>
            <emission>
              <color sid="emission">0 0 0 1</color>
            </emission>
            <diffuse>
              <color sid="diffuse">0.8 0.8 0.8 1</color>
            </diffuse>
            <index_of_refraction>
              <float sid="ior">1.5</float>
            </index_of_refraction>
          </lambert>
        </technique>
      </profile_COMMON>
    </effect>
    <effect id="Plastic-effect">
      <profile_COMMON>
        <technique sid="common">
          <lambert>
            <emission>
              <color sid="emission">0 0 0 1</color>
            </emission>
            <diffuse>
              <color sid="diffuse">0.8 0.8 0.8 1</color>
            </diffuse>
            <index_of_refraction>
              <float sid="ior">1.5</float>
            </index_of_refraction>
          </lambert>
        </technique>
      </profile_COMMON>
    </effect>
  </library_effects>
  <library_images/>
  <library_materials>
    <material id="Label_001-material" name="Label.001">
      <instance_effect url="#Label_001-effect"/>
    </material>
    <material id="Plastic-material" name="Plastic">
      <instance_effect url="#Plastic-effect"/>
    </material>
  </library_materials>
  <library_geometries>
    <geometry id="Plane-mesh" name="Plane">
      <mesh>
        <source id="Plane-mesh-positions">
          <float_array id="Plane-mesh-positions-array" count="6630">0 0 0.05680453 -0.03408277 3.07578e-7 -2.289229 0.07952654 3.12157e-7 -2.323312 0.266982 3.10631e-7 -2.311951 0.5453251 3.09105e-7 -2.30059 0.653254 3.00709e-7 -2.238105 0.7100587 2.83155e-7 -2.107454 0.7327806 2.54916e-7 -1.897276 0.7271001 2.35835e-7 -1.755265 0.6986978 2.33546e-7 -1.738223 0.7384611 2.07596e-7 -1.545087 0.7157392 1.90805e-7 -1.420117 0.664615 1.83936e-7 -1.368993 0.6873369 1.74014e-7 -1.295147 0.6702955 1.50355e-7 -1.119052 0.6248517 1.44249e-7 -1.073608 0.6305322 1.29748e-7 -0.9656795 0.6021298 0 -0.789585 0.6248517 0 -0.6305319 0.6986978 0 -0.4771593 0.7271001 0 -0.3578695 0.7555025 0 -0.1988162 0.7327806 -1.19826e-7 0.8918335 0.749822 -1.26695e-7 0.9429577 0.641893 -1.75541e-7 1.306508 0.460118 -2.14465e-7 1.596212 0.2669821 -2.38888e-7 1.777987 0.2556211 -2.57969e-7 1.919998 0.3408282 -2.59495e-7 1.931359 0.2556211 -2.64838e-7 1.971122 0.2953844 -2.66364e-7 1.982483 0.3067454 -2.9384e-7 2.18698 0.2726625 -3.03762e-7 2.260826 0.01704138 -3.03762e-7 2.260826 0 0 0.05680453 -0.03391855 -0.003340244 -2.289229 0.07914358 0.007795274 -2.323312 0.2656964 0.02616912 -2.311951 0.5426991 0.05345135 -2.30059 0.6501084 0.06403034 -2.238105 0.7066395 0.06959819 -2.107454 0.729252 0.07182526 -1.897276 0.723599 0.07126849 -1.755265 0.6953334 0.06848454 -1.738223 0.7349052 0.07238203 -1.545087 0.7122927 0.0701549 -1.420117 0.6614147 0.06514382 -1.368993 0.6840271 0.06737095 -1.295147 0.6670678 0.06570059 -1.119052 0.6218429 0.06124615 -1.073608 0.627496 0.06180304 -0.9656795 0.5992304 0.05901902 -0.789585 0.6218429 0.06124609 -0.6305319 0.6953334 0.06848442 -0.4771593 0.723599 0.07126832 -0.3578695 0.7518645 0.07405221 -0.1988162 0.729252 0.0718249 0.8918335 0.7462114 0.07349526 0.9429577 0.6388021 0.06291633 1.306508 0.4579024 0.04509907 1.596212 0.2656965 0.02616858 1.777987 0.2543902 0.02505499 1.919998 0.339187 0.03340673 1.931359 0.2543902 0.02505499 1.971122 0.2939621 0.02895236 1.982483 0.3052683 0.03006601 2.18698 0.2713496 0.02672529 2.260826 0.01695924 0.001669943 2.260826 0 0 0.05680453 -0.03342795 -0.006648898 -2.289229 0.07799839 0.01551502 -2.323312 0.261852 0.05208575 -2.311951 0.5348467 0.1063879 -2.30059 0.6407018 0.1274438 -2.238105 0.696415 0.1385259 -2.107454 0.7187004 0.1429587 -1.897276 0.7131291 0.1418504 -1.755265 0.6852725 0.1363094 -1.738223 0.7242717 0.1440668 -1.545087 0.7019864 0.139634 -1.420117 0.6518445 0.1296601 -1.368993 0.6741298 0.1340929 -1.295147 0.6574159 0.1307682 -1.119052 0.6128454 0.1219027 -1.073608 0.6184166 0.1230108 -0.9656795 0.59056 0.1174698 -0.789585 0.6128454 0.1219026 -0.6305319 0.6852725 0.1363092 -0.4771593 0.7131291 0.1418502 -0.3578695 0.7409857 0.1473912 -0.1988162 0.7187004 0.1429582 0.8918335 0.7354143 0.1462829 0.9429577 0.6295593 0.1252269 1.306508 0.451277 0.08976435 1.596212 0.2618522 0.05208534 1.777987 0.2507095 0.04986894 1.919998 0.3342793 0.06649202 1.931359 0.2507095 0.04986894 1.971122 0.2897087 0.05762624 1.982483 0.3008514 0.0598427 2.18698 0.2674235 0.05319339 2.260826 0.01671385 0.00332427 2.260826 0 0 0.05680453 -0.0326153 -0.009893417 -2.289229 0.07610207 0.02308559 -2.323312 0.2554858 0.07750105 -2.311951 0.5218434 0.1582998 -2.30059 0.6251251 0.1896299 -2.238105 0.6794838 0.2061194 -2.107454 0.7012273 0.2127152 -1.897276 0.6957914 0.2110663 -1.755265 0.6686121 0.2028215 -1.738223 0.7066631 0.2143641 -1.545087 0.6849197 0.2077683 -1.420117 0.6359968 0.1929277 -1.368993 0.6577403 0.1995235 -1.295147 0.6414327 0.1945766 -1.119052 0.5979458 0.181385 -1.073608 0.6033816 0.1830339 -0.9656795 0.5762023 0.1747891 -0.789585 0.5979458 0.1813849 -0.6305319 0.6686121 0.2028213 -0.4771593 0.6957915 0.2110661 -0.3578695 0.7229708 0.2193108 -0.1988162 0.7012274 0.2127149 0.8918335 0.717535 0.2176617 0.9429577 0.6142534 0.1863315 1.306508 0.4403055 0.133565 1.596212 0.255486 0.07750058 1.777987 0.2446143 0.07420265 1.919998 0.3261523 0.09893691 1.931359 0.2446143 0.07420265 1.971122 0.2826653 0.08574527 1.982483 0.2935371 0.0890432 2.18698 0.2609218 0.07914942 2.260826 0.01630771 0.00494647 2.260826 0 0 0.05680453 -0.03148841 -0.0130425 -2.289229 0.07347279 0.03043377 -2.323312 0.2466591 0.1021699 -2.311951 0.5038145 0.2086871 -2.30059 0.6035279 0.2499898 -2.238105 0.6560086 0.271728 -2.107454 0.6770008 0.2804232 -1.897276 0.6717528 0.2782494 -1.755265 0.6455125 0.2673803 -1.738223 0.682249 0.282597 -1.545087 0.6612567 0.2739017 -1.420117 0.6140241 0.2543373 -1.368993 0.6350164 0.2630326 -1.295147 0.6192722 0.2565112 -1.119052 0.5772876 0.2391205 -1.073608 0.5825357 0.2412943 -0.9656795 0.5562953 0.2304252 -0.789585 0.5772876 0.2391204 -0.6305319 0.6455126 0.2673801 -0.4771593 0.6717529 0.2782492 -0.3578695 0.6979932 0.2891183 -0.1988162 0.677001 0.2804229 0.8918335 0.6927452 0.2869443 0.9429577 0.5930319 0.2456417 1.306508 0.4250937 0.1760793 1.596212 0.2466593 0.1021694 1.777987 0.2361631 0.09782171 1.919998 0.3148843 0.130429 1.931359 0.2361631 0.09782171 1.971122 0.2728997 0.1130384 1.982483 0.2833958 0.1173861 2.18698 0.2519074 0.1043431 2.260826 0.0157442 0.006521165 2.260826 0 0 0.05680453 -0.0300585 -0.01606625 -2.289229 0.07013601 0.03748869 -2.323312 0.235457 0.1258547 -2.311951 0.4809336 0.2570647 -2.30059 0.5761184 0.307942 -2.238105 0.6262157 0.3347196 -2.107454 0.6462546 0.3454306 -1.897276 0.641245 0.3427528 -1.755265 0.6161963 0.3293641 -1.738223 0.6512644 0.3481083 -1.545087 0.6312255 0.3373973 -1.420117 0.586138 0.3132975 -1.368993 0.6061769 0.3240085 -1.295147 0.5911478 0.3159752 -1.119052 0.5510699 0.2945532 -1.073608 0.5560796 0.2972309 -0.9656795 0.531031 0.2838421 -0.789585 0.5510699 0.2945532 -0.6305319 0.6161964 0.329364 -0.4771593 0.6412451 0.3427526 -0.3578695 0.6662937 0.3561414 -0.1988162 0.6462548 0.3454303 0.8918335 0.661284 0.3534635 0.9429577 0.5660992 0.3025861 1.306508 0.405788 0.2168979 1.596212 0.2354573 0.1258543 1.777987 0.2254378 0.1204987 1.919998 0.3005837 0.160665 1.931359 0.2254378 0.1204987 1.971122 0.2605059 0.139243 1.982483 0.2705254 0.1445985 2.18698 0.240467 0.1285319 2.260826 0.01502931 0.008032977 2.260826 0 0 0.05680453 -0.02833884 -0.01893514 -2.289229 0.06612372 0.04418271 -2.323312 0.2219873 0.1483275 -2.311951 0.453421 0.3029666 -2.30059 0.5431606 0.3629287 -2.238105 0.5903921 0.3944877 -2.107454 0.6092846 0.4071113 -1.897276 0.6045615 0.4039554 -1.755265 0.5809459 0.3881759 -1.738223 0.6140078 0.4102672 -1.545087 0.5951153 0.3976435 -1.420117 0.552607 0.3692405 -1.368993 0.5714996 0.3818641 -1.295147 0.5573303 0.3723964 -1.119052 0.5195451 0.3471491 -1.073608 0.5242683 0.350305 -0.9656795 0.5006526 0.3345255 -0.789585 0.5195451 0.3471491 -0.6305319 0.5809459 0.3881757 -0.4771593 0.6045616 0.4039552 -0.3578695 0.6281774 0.4197347 -0.1988162 0.6092848 0.407111 0.8918335 0.6234542 0.4165787 0.9429577 0.5337147 0.3566165 1.306508 0.3825743 0.2556277 1.596212 0.2219876 0.1483271 1.777987 0.2125414 0.1420153 1.919998 0.2833884 0.1893538 1.931359 0.2125414 0.1420152 1.971122 0.2456033 0.1641066 1.982483 0.2550496 0.1704183 2.18698 0.2267107 0.1514829 2.260826 0.01416957 0.009467422 2.260826 0 0 0.05680453 -0.02634656 -0.02162164 -2.289229 0.06147462 0.05045121 -2.323312 0.2063797 0.1693719 -2.311951 0.4215418 0.3459508 -2.30059 0.504972 0.4144202 -2.238105 0.5488826 0.4504567 -2.107454 0.5664469 0.4648713 -1.897276 0.5620558 0.4612677 -1.755265 0.5401006 0.4432494 -1.738223 0.570838 0.4684749 -1.545087 0.5532737 0.4540603 -1.420117 0.5137542 0.4216275 -1.368993 0.5313184 0.4360421 -1.295147 0.5181453 0.4252311 -1.119052 0.4830168 0.3964019 -1.073608 0.4874078 0.4000055 -0.9656795 0.4654526 0.3819872 -0.789585 0.4830168 0.3964018 -0.6305319 0.5401006 0.4432493 -0.4771593 0.562056 0.4612675 -0.3578695 0.5840113 0.4792857 -0.1988162 0.5664471 0.464871 0.8918335 0.5796203 0.475682 0.9429577 0.4961901 0.4072125 1.306508 0.3556762 0.2918956 1.596212 0.2063801 0.1693714 1.777987 0.1975979 0.1621641 1.919998 0.2634639 0.2162189 1.931359 0.1975979 0.1621641 1.971122 0.2283354 0.1873897 1.982483 0.2371175 0.194597 2.18698 0.2107712 0.172975 2.260826 0.01317334 0.01081067 2.260826 0 0 0.05680453 -0.02410036 -0.02409994 -2.289229 0.0562334 0.05623394 -2.323312 0.1887845 0.188785 -2.311951 0.3856028 0.3856033 -2.30059 0.4619201 0.4619205 -2.238105 0.5020871 0.5020875 -2.107454 0.5181539 0.5181543 -1.897276 0.5141373 0.5141376 -1.755265 0.4940538 0.4940541 -1.738223 0.5221707 0.522171 -1.545087 0.5061039 0.5061042 -1.420117 0.4699536 0.4699538 -1.368993 0.4860204 0.4860206 -1.295147 0.4739704 0.4739706 -1.119052 0.4418368 0.441837 -1.073608 0.4458535 0.4458537 -0.9656795 0.42577 0.4257702 -0.789585 0.4418368 0.4418369 -0.6305319 0.4940539 0.494054 -0.4771593 0.5141374 0.5141375 -0.3578695 0.5342209 0.5342209 -0.1988162 0.5181542 0.518154 0.8918335 0.5302043 0.5302041 0.9429577 0.453887 0.4538868 1.306508 0.3253527 0.3253524 1.596212 0.188785 0.1887847 1.777987 0.1807516 0.1807512 1.919998 0.2410021 0.2410017 1.931359 0.1807516 0.1807512 1.971122 0.2088685 0.2088681 1.982483 0.2169018 0.2169015 2.18698 0.1928017 0.1928012 2.260826 0.01205027 0.01204985 2.260826 0 0 0.05680453 -0.02162212 -0.02634602 -2.289229 0.05045086 0.06147491 -2.323312 0.1693714 0.2063801 -2.311951 0.3459503 0.4215422 -2.30059 0.4144197 0.5049723 -2.238105 0.4504563 0.548883 -2.107454 0.4648709 0.5664472 -1.897276 0.4612672 0.5620562 -1.755265 0.443249 0.5401008 -1.738223 0.4684746 0.5708382 -1.545087 0.45406 0.553274 -1.420117 0.4216271 0.5137544 -1.368993 0.4360417 0.5313187 -1.295147 0.4252308 0.5181455 -1.119052 0.3964016 0.483017 -1.073608 0.4000052 0.487408 -0.9656795 0.381987 0.4654527 -0.789585 0.3964017 0.4830169 -0.6305319 0.4432491 0.5401008 -0.4771593 0.4612674 0.5620561 -0.3578695 0.4792857 0.5840113 -0.1988162 0.4648712 0.566447 0.8918335 0.4756821 0.5796201 0.9429577 0.4072127 0.4961899 1.306508 0.2918959 0.3556759 1.596212 0.1693718 0.2063798 1.777987 0.1621645 0.1975976 1.919998 0.2162193 0.2634636 1.931359 0.1621645 0.1975976 1.971122 0.18739 0.228335 1.982483 0.1945974 0.2371171 2.18698 0.1729755 0.2107707 2.260826 0.01081115 0.01317298 2.260826 0 0 0.05680453 -0.01893562 -0.02833861 -2.289229 0.0441823 0.06612408 -2.323312 0.1483269 0.2219876 -2.311951 0.3029661 0.4534214 -2.30059 0.3629282 0.543161 -2.238105 0.3944872 0.5903924 -2.107454 0.4071108 0.6092849 -1.897276 0.4039549 0.6045618 -1.755265 0.3881754 0.5809462 -1.738223 0.4102668 0.6140081 -1.545087 0.3976432 0.5951156 -1.420117 0.3692401 0.5526073 -1.368993 0.3818637 0.5714999 -1.295147 0.3723961 0.5573304 -1.119052 0.3471488 0.5195453 -1.073608 0.3503047 0.5242684 -0.9656795 0.3345253 0.5006527 -0.789585 0.3471489 0.5195453 -0.6305319 0.3881756 0.5809461 -0.4771593 0.4039551 0.6045617 -0.3578695 0.4197346 0.6281774 -0.1988162 0.4071111 0.6092848 0.8918335 0.4165788 0.6234542 0.9429577 0.3566167 0.5337145 1.306508 0.2556281 0.382574 1.596212 0.1483274 0.2219873 1.777987 0.1420156 0.2125411 1.919998 0.1893541 0.2833881 1.931359 0.1420156 0.2125411 1.971122 0.164107 0.245603 1.982483 0.1704187 0.2550493 2.18698 0.1514834 0.2267104 2.260826 0.009467899 0.01416909 2.260826 0 0 0.05680453 -0.01606673 -0.0300582 -2.289229 0.03748828 0.0701363 -2.323312 0.1258541 0.2354573 -2.311951 0.2570641 0.4809339 -2.30059 0.3079414 0.5761187 -2.238105 0.3347191 0.626216 -2.107454 0.3454301 0.6462549 -1.897276 0.3427523 0.6412452 -1.755265 0.3293636 0.6161966 -1.738223 0.3481079 0.6512647 -1.545087 0.3373969 0.6312258 -1.420117 0.3132971 0.5861381 -1.368993 0.3240081 0.6061771 -1.295147 0.3159749 0.5911479 -1.119052 0.2945529 0.5510701 -1.073608 0.2972306 0.5560798 -0.9656795 0.2838419 0.5310312 -0.789585 0.2945529 0.5510701 -0.6305319 0.3293638 0.6161965 -0.4771593 0.3427525 0.6412451 -0.3578695 0.3561413 0.6662937 -0.1988162 0.3454304 0.6462547 0.8918335 0.3534637 0.6612839 0.9429577 0.3025864 0.5660991 1.306508 0.2168983 0.4057878 1.596212 0.1258546 0.235457 1.777987 0.1204991 0.2254376 1.919998 0.1606655 0.3005835 1.931359 0.1204991 0.2254376 1.971122 0.1392434 0.2605057 1.982483 0.144599 0.2705251 2.18698 0.1285324 0.2404667 2.260826 0.008033514 0.01502901 2.260826 0 0 0.05680453 -0.01304304 -0.03148818 -2.289229 0.03043305 0.07347303 -2.323312 0.1021693 0.2466593 -2.311951 0.2086865 0.5038148 -2.30059 0.2499892 0.6035281 -2.238105 0.2717274 0.6560088 -2.107454 0.2804228 0.6770011 -1.897276 0.278249 0.6717531 -1.755265 0.2673798 0.6455127 -1.738223 0.2825967 0.6822491 -1.545087 0.2739014 0.6612569 -1.420117 0.254337 0.6140242 -1.368993 0.2630323 0.6350165 -1.295147 0.2565108 0.6192723 -1.119052 0.2391203 0.5772877 -1.073608 0.241294 0.5825358 -0.9656795 0.230425 0.5562955 -0.789585 0.2391203 0.5772877 -0.6305319 0.26738 0.6455126 -0.4771593 0.2782492 0.6717529 -0.3578695 0.2891182 0.6979932 -0.1988162 0.2804231 0.6770009 0.8918335 0.2869446 0.6927451 0.9429577 0.245642 0.5930318 1.306508 0.1760797 0.4250935 1.596212 0.1021698 0.2466592 1.777987 0.09782218 0.236163 1.919998 0.1304295 0.3148841 1.931359 0.09782218 0.236163 1.971122 0.113039 0.2728995 1.982483 0.1173866 0.2833956 2.18698 0.1043437 0.2519072 2.260826 0.006521642 0.01574409 2.260826 0 0 0.05680453 -0.009893953 -0.03261512 -2.289229 0.02308487 0.07610225 -2.323312 0.07750046 0.255486 -2.311951 0.1582992 0.5218437 -2.30059 0.1896293 0.6251252 -2.238105 0.2061188 0.6794839 -2.107454 0.2127147 0.7012274 -1.897276 0.2110657 0.6957916 -1.755265 0.202821 0.6686122 -1.738223 0.2143637 0.7066633 -1.545087 0.2077679 0.6849198 -1.420117 0.1929273 0.6359969 -1.368993 0.1995232 0.6577404 -1.295147 0.1945763 0.6414328 -1.119052 0.1813847 0.5979459 -1.073608 0.1830337 0.6033817 -0.9656795 0.1747889 0.5762024 -0.789585 0.1813848 0.5979458 -0.6305319 0.2028211 0.6686121 -0.4771593 0.2110659 0.6957915 -0.3578695 0.2193107 0.7229708 -0.1988162 0.212715 0.7012273 0.8918335 0.2176619 0.7175348 0.9429577 0.1863318 0.6142533 1.306508 0.1335654 0.4403054 1.596212 0.07750099 0.2554858 1.777987 0.07420313 0.2446141 1.919998 0.09893739 0.3261522 1.931359 0.07420313 0.2446141 1.971122 0.08574581 0.2826651 1.982483 0.08904373 0.2935369 2.18698 0.07915002 0.2609217 2.260826 0.004947066 0.01630753 2.260826 0 0 0.05680453 -0.006649494 -0.03342783 -2.289229 0.01551455 0.07799851 -2.323312 0.05208528 0.2618522 -2.311951 0.1063873 0.5348469 -2.30059 0.1274431 0.640702 -2.238105 0.1385252 0.6964152 -2.107454 0.1429581 0.7187005 -1.897276 0.1418499 0.7131292 -1.755265 0.1363089 0.6852726 -1.738223 0.1440663 0.7242718 -1.545087 0.1396335 0.7019866 -1.420117 0.1296597 0.6518447 -1.368993 0.1340925 0.67413 -1.295147 0.130768 0.657416 -1.119052 0.1219023 0.6128454 -1.073608 0.1230105 0.6184167 -0.9656795 0.1174695 0.5905601 -0.789585 0.1219024 0.6128454 -0.6305319 0.136309 0.6852725 -0.4771593 0.1418501 0.7131291 -0.3578695 0.1473911 0.7409857 -0.1988162 0.1429584 0.7187004 0.8918335 0.146283 0.7354144 0.9429577 0.1252272 0.6295592 1.306508 0.08976471 0.451277 1.596212 0.05208569 0.261852 1.777987 0.04986929 0.2507094 1.919998 0.06649249 0.3342792 1.931359 0.04986929 0.2507094 1.971122 0.05762684 0.2897086 1.982483 0.0598433 0.3008513 2.18698 0.05319392 0.2674233 2.260826 0.003324866 0.01671373 2.260826 0 0 0.05680453 -0.00334084 -0.03391849 -2.289229 0.007794559 0.07914364 -2.323312 0.02616846 0.2656965 -2.311951 0.05345088 0.5426992 -2.30059 0.06402975 0.6501084 -2.238105 0.0695976 0.7066395 -2.107454 0.07182478 0.729252 -1.897276 0.07126802 0.723599 -1.755265 0.06848412 0.6953334 -1.738223 0.07238161 0.7349052 -1.545087 0.07015448 0.7122927 -1.420117 0.06514346 0.6614147 -1.368993 0.06737059 0.6840271 -1.295147 0.06570029 0.6670678 -1.119052 0.06124585 0.6218429 -1.073608 0.0618028 0.627496 -0.9656795 0.05901885 0.5992304 -0.789585 0.06124591 0.6218429 -0.6305319 0.06848424 0.6953334 -0.4771593 0.0712682 0.723599 -0.3578695 0.07405215 0.7518645 -0.1988162 0.07182514 0.729252 0.8918335 0.0734955 0.7462114 0.9429577 0.06291669 0.6388021 1.306508 0.04509949 0.4579024 1.596212 0.02616906 0.2656965 1.777987 0.02505534 0.2543902 1.919998 0.03340721 0.339187 1.931359 0.02505534 0.2543902 1.971122 0.02895295 0.293962 1.982483 0.03006649 0.3052682 2.18698 0.02672576 0.2713496 2.260826 0.001670539 0.01695919 2.260826 0 0 0.05680453 -3.06088e-7 -0.03408277 -2.289229 -3.15634e-7 0.07952654 -2.323312 -3.22301e-7 0.266982 -2.311951 -3.32941e-7 0.5453251 -2.30059 -3.29264e-7 0.653254 -2.238105 -3.14193e-7 0.7100587 -2.107454 -2.86947e-7 0.7327806 -1.897276 -2.67618e-7 0.7271001 -1.755265 -2.64087e-7 0.6986978 -1.738223 -2.39875e-7 0.7384611 -1.545087 -2.22091e-7 0.7157392 -1.420117 -2.12988e-7 0.664615 -1.368993 -2.04059e-7 0.6873369 -1.295147 -1.79654e-7 0.6702955 -1.119052 -1.71562e-7 0.6248517 -1.073608 -1.57309e-7 0.6305322 -0.9656795 -1.32408e-7 0.6021298 -0.789585 0 0.6248517 -0.6305319 0 0.6986978 -0.4771593 0 0.7271001 -0.3578695 0 0.7555025 -0.1988162 0 0.7327806 0.8918335 0 0.749822 0.9429577 1.47483e-7 0.641893 1.306508 1.94353e-7 0.460118 1.596212 2.27218e-7 0.2669821 1.777987 2.46795e-7 0.2556211 1.919998 2.44597e-7 0.3408282 1.931359 2.53664e-7 0.2556211 1.971122 2.53452e-7 0.2953844 1.982483 2.80432e-7 0.3067454 2.18698 2.91844e-7 0.2726625 2.260826 3.03017e-7 0.01704138 2.260826 0 0 0.05680453 0.003340244 -0.03391855 -2.289229 -0.007795274 0.07914358 -2.323312 -0.02616912 0.2656964 -2.311951 -0.05345141 0.5426991 -2.30059 -0.0640304 0.6501084 -2.238105 -0.06959825 0.7066395 -2.107454 -0.07182532 0.729252 -1.897276 -0.07126855 0.723599 -1.755265 -0.0684846 0.6953334 -1.738223 -0.07238209 0.7349052 -1.545087 -0.07015496 0.7122927 -1.420117 -0.06514388 0.6614147 -1.368993 -0.06737101 0.6840271 -1.295147 -0.06570065 0.6670678 -1.119052 -0.06124621 0.6218429 -1.073608 -0.0618031 0.627496 -0.9656795 -0.05901902 0.5992304 -0.789585 -0.06124615 0.6218429 -0.6305319 -0.06848448 0.6953334 -0.4771593 -0.07126837 0.723599 -0.3578695 -0.07405227 0.7518645 -0.1988162 -0.07182496 0.729252 0.8918335 -0.07349532 0.7462114 0.9429577 -0.06291639 0.6388021 1.306508 -0.04509913 0.4579024 1.596212 -0.02616858 0.2656965 1.777987 -0.02505499 0.2543902 1.919998 -0.03340673 0.339187 1.931359 -0.02505499 0.2543902 1.971122 -0.02895236 0.2939621 1.982483 -0.03006601 0.3052683 2.18698 -0.02672529 0.2713496 2.260826 -0.001669943 0.01695924 2.260826 0 0 0.05680453 0.006648898 -0.03342795 -2.289229 -0.01551502 0.07799839 -2.323312 -0.05208575 0.261852 -2.311951 -0.1063879 0.5348467 -2.30059 -0.1274438 0.6407018 -2.238105 -0.1385259 0.696415 -2.107454 -0.1429587 0.7187004 -1.897276 -0.1418504 0.7131291 -1.755265 -0.1363094 0.6852725 -1.738223 -0.1440668 0.7242717 -1.545087 -0.139634 0.7019864 -1.420117 -0.1296601 0.6518445 -1.368993 -0.1340929 0.6741298 -1.295147 -0.1307682 0.6574159 -1.119052 -0.1219027 0.6128454 -1.073608 -0.1230108 0.6184166 -0.9656795 -0.1174698 0.59056 -0.789585 -0.1219026 0.6128454 -0.6305319 -0.1363092 0.6852725 -0.4771593 -0.1418502 0.7131291 -0.3578695 -0.1473912 0.7409857 -0.1988162 -0.1429582 0.7187004 0.8918335 -0.1462829 0.7354143 0.9429577 -0.1252269 0.6295593 1.306508 -0.08976435 0.451277 1.596212 -0.05208534 0.2618522 1.777987 -0.04986894 0.2507095 1.919998 -0.06649202 0.3342793 1.931359 -0.04986894 0.2507095 1.971122 -0.05762624 0.2897087 1.982483 -0.0598427 0.3008514 2.18698 -0.05319339 0.2674235 2.260826 -0.00332427 0.01671385 2.260826 0 0 0.05680453 0.009893417 -0.0326153 -2.289229 -0.02308559 0.07610207 -2.323312 -0.07750111 0.2554858 -2.311951 -0.1582998 0.5218434 -2.30059 -0.1896299 0.625125 -2.238105 -0.2061194 0.6794837 -2.107454 -0.2127152 0.7012272 -1.897276 -0.2110663 0.6957914 -1.755265 -0.2028215 0.668612 -1.738223 -0.2143641 0.7066631 -1.545087 -0.2077683 0.6849196 -1.420117 -0.1929277 0.6359968 -1.368993 -0.1995235 0.6577403 -1.295147 -0.1945766 0.6414327 -1.119052 -0.181385 0.5979457 -1.073608 -0.183034 0.6033816 -0.9656795 -0.1747891 0.5762022 -0.789585 -0.1813849 0.5979458 -0.6305319 -0.2028213 0.6686121 -0.4771593 -0.2110661 0.6957914 -0.3578695 -0.2193108 0.7229707 -0.1988162 -0.2127149 0.7012273 0.8918335 -0.2176617 0.7175349 0.9429577 -0.1863315 0.6142534 1.306508 -0.133565 0.4403055 1.596212 -0.07750058 0.255486 1.777987 -0.07420265 0.2446142 1.919998 -0.09893697 0.3261523 1.931359 -0.07420265 0.2446142 1.971122 -0.08574533 0.2826653 1.982483 -0.0890432 0.2935371 2.18698 -0.07914948 0.2609218 2.260826 -0.00494647 0.01630765 2.260826 0 0 0.05680453 0.0130425 -0.03148841 -2.289229 -0.03043377 0.07347279 -2.323312 -0.1021699 0.2466591 -2.311951 -0.2086871 0.5038145 -2.30059 -0.2499898 0.6035279 -2.238105 -0.271728 0.6560086 -2.107454 -0.2804233 0.6770008 -1.897276 -0.2782495 0.6717528 -1.755265 -0.2673803 0.6455125 -1.738223 -0.2825971 0.682249 -1.545087 -0.2739018 0.6612567 -1.420117 -0.2543374 0.6140241 -1.368993 -0.2630326 0.6350164 -1.295147 -0.2565112 0.6192722 -1.119052 -0.2391206 0.5772876 -1.073608 -0.2412943 0.5825357 -0.9656795 -0.2304252 0.5562953 -0.789585 -0.2391205 0.5772876 -0.6305319 -0.2673802 0.6455126 -0.4771593 -0.2782493 0.6717529 -0.3578695 -0.2891184 0.6979932 -0.1988162 -0.2804229 0.677001 0.8918335 -0.2869444 0.6927452 0.9429577 -0.2456417 0.5930319 1.306508 -0.1760793 0.4250937 1.596212 -0.1021694 0.2466593 1.777987 -0.09782171 0.2361631 1.919998 -0.130429 0.3148843 1.931359 -0.09782171 0.2361631 1.971122 -0.1130385 0.2728997 1.982483 -0.1173861 0.2833958 2.18698 -0.1043431 0.2519074 2.260826 -0.006521165 0.0157442 2.260826 0 0 0.05680453 0.01606625 -0.0300585 -2.289229 -0.03748869 0.07013601 -2.323312 -0.1258547 0.235457 -2.311951 -0.2570648 0.4809336 -2.30059 -0.3079421 0.5761184 -2.238105 -0.3347197 0.6262157 -2.107454 -0.3454307 0.6462546 -1.897276 -0.3427529 0.641245 -1.755265 -0.3293641 0.6161963 -1.738223 -0.3481084 0.6512644 -1.545087 -0.3373973 0.6312255 -1.420117 -0.3132975 0.586138 -1.368993 -0.3240086 0.6061769 -1.295147 -0.3159753 0.5911478 -1.119052 -0.2945532 0.5510699 -1.073608 -0.297231 0.5560796 -0.9656795 -0.2838422 0.531031 -0.789585 -0.2945532 0.5510699 -0.6305319 -0.329364 0.6161964 -0.4771593 -0.3427527 0.6412451 -0.3578695 -0.3561415 0.6662937 -0.1988162 -0.3454303 0.6462548 0.8918335 -0.3534636 0.661284 0.9429577 -0.3025862 0.5660992 1.306508 -0.216898 0.405788 1.596212 -0.1258543 0.2354573 1.777987 -0.1204987 0.2254378 1.919998 -0.160665 0.3005837 1.931359 -0.1204987 0.2254378 1.971122 -0.139243 0.2605059 1.982483 -0.1445985 0.2705254 2.18698 -0.1285319 0.240467 2.260826 -0.008032977 0.01502931 2.260826 0 0 0.05680453 0.01893514 -0.02833884 -2.289229 -0.04418271 0.06612372 -2.323312 -0.1483275 0.2219873 -2.311951 -0.3029667 0.4534209 -2.30059 -0.3629288 0.5431606 -2.238105 -0.3944878 0.590392 -2.107454 -0.4071114 0.6092846 -1.897276 -0.4039555 0.6045615 -1.755265 -0.388176 0.5809459 -1.738223 -0.4102672 0.6140078 -1.545087 -0.3976436 0.5951152 -1.420117 -0.3692405 0.552607 -1.368993 -0.3818641 0.5714995 -1.295147 -0.3723964 0.5573302 -1.119052 -0.3471492 0.5195451 -1.073608 -0.3503051 0.5242682 -0.9656795 -0.3345256 0.5006526 -0.789585 -0.3471491 0.5195451 -0.6305319 -0.3881759 0.5809459 -0.4771593 -0.4039553 0.6045616 -0.3578695 -0.4197348 0.6281773 -0.1988162 -0.4071111 0.6092848 0.8918335 -0.4165787 0.6234542 0.9429577 -0.3566166 0.5337146 1.306508 -0.2556278 0.3825742 1.596212 -0.1483271 0.2219876 1.777987 -0.1420153 0.2125413 1.919998 -0.1893538 0.2833884 1.931359 -0.1420153 0.2125413 1.971122 -0.1641066 0.2456033 1.982483 -0.1704183 0.2550495 2.18698 -0.1514829 0.2267107 2.260826 -0.009467422 0.01416957 2.260826 0 0 0.05680453 0.02162164 -0.02634656 -2.289229 -0.05045121 0.06147462 -2.323312 -0.1693719 0.2063797 -2.311951 -0.3459508 0.4215418 -2.30059 -0.4144201 0.504972 -2.238105 -0.4504567 0.5488827 -2.107454 -0.4648713 0.5664469 -1.897276 -0.4612676 0.5620558 -1.755265 -0.4432494 0.5401006 -1.738223 -0.4684749 0.570838 -1.545087 -0.4540603 0.5532738 -1.420117 -0.4216274 0.5137543 -1.368993 -0.436042 0.5313185 -1.295147 -0.425231 0.5181453 -1.119052 -0.3964018 0.4830168 -1.073608 -0.4000054 0.4874079 -0.9656795 -0.3819872 0.4654526 -0.789585 -0.3964018 0.4830169 -0.6305319 -0.4432492 0.5401007 -0.4771593 -0.4612675 0.562056 -0.3578695 -0.4792857 0.5840113 -0.1988162 -0.464871 0.5664471 0.8918335 -0.4756819 0.5796203 0.9429577 -0.4072124 0.4961901 1.306508 -0.2918956 0.3556762 1.596212 -0.1693714 0.2063801 1.777987 -0.1621641 0.1975979 1.919998 -0.2162189 0.2634639 1.931359 -0.1621641 0.1975979 1.971122 -0.1873896 0.2283354 1.982483 -0.194597 0.2371175 2.18698 -0.172975 0.2107712 2.260826 -0.01081067 0.01317334 2.260826 0 0 0.05680453 0.02409994 -0.02410036 -2.289229 -0.05623394 0.0562334 -2.323312 -0.188785 0.1887845 -2.311951 -0.3856033 0.3856028 -2.30059 -0.4619205 0.4619201 -2.238105 -0.5020875 0.5020871 -2.107454 -0.5181543 0.5181539 -1.897276 -0.5141376 0.5141373 -1.755265 -0.4940541 0.4940538 -1.738223 -0.522171 0.5221707 -1.545087 -0.5061042 0.5061039 -1.420117 -0.4699538 0.4699536 -1.368993 -0.4860206 0.4860204 -1.295147 -0.4739706 0.4739704 -1.119052 -0.441837 0.4418368 -1.073608 -0.4458537 0.4458535 -0.9656795 -0.4257702 0.42577 -0.789585 -0.4418369 0.4418368 -0.6305319 -0.494054 0.4940539 -0.4771593 -0.5141375 0.5141374 -0.3578695 -0.5342209 0.5342209 -0.1988162 -0.518154 0.5181542 0.8918335 -0.5302041 0.5302043 0.9429577 -0.4538868 0.453887 1.306508 -0.3253524 0.3253527 1.596212 -0.1887847 0.188785 1.777987 -0.1807512 0.1807516 1.919998 -0.2410017 0.2410021 1.931359 -0.1807512 0.1807516 1.971122 -0.2088681 0.2088685 1.982483 -0.2169015 0.2169018 2.18698 -0.1928012 0.1928017 2.260826 -0.01204985 0.01205027 2.260826 0 0 0.05680453 0.02634602 -0.02162212 -2.289229 -0.06147491 0.05045086 -2.323312 -0.2063801 0.1693714 -2.311951 -0.4215422 0.3459503 -2.30059 -0.5049723 0.4144197 -2.238105 -0.548883 0.4504563 -2.107454 -0.5664473 0.4648709 -1.897276 -0.5620562 0.4612672 -1.755265 -0.5401009 0.443249 -1.738223 -0.5708383 0.4684746 -1.545087 -0.553274 0.45406 -1.420117 -0.5137545 0.4216271 -1.368993 -0.5313187 0.4360417 -1.295147 -0.5181456 0.4252308 -1.119052 -0.483017 0.3964016 -1.073608 -0.4874081 0.4000052 -0.9656795 -0.4654527 0.381987 -0.789585 -0.483017 0.3964017 -0.6305319 -0.5401008 0.4432491 -0.4771593 -0.5620561 0.4612674 -0.3578695 -0.5840113 0.4792857 -0.1988162 -0.566447 0.4648712 0.8918335 -0.5796202 0.4756821 0.9429577 -0.4961899 0.4072127 1.306508 -0.3556759 0.2918959 1.596212 -0.2063798 0.1693718 1.777987 -0.1975976 0.1621645 1.919998 -0.2634636 0.2162193 1.931359 -0.1975976 0.1621645 1.971122 -0.228335 0.18739 1.982483 -0.2371172 0.1945974 2.18698 -0.2107708 0.1729755 2.260826 -0.01317298 0.01081115 2.260826 0 0 0.05680453 0.02833861 -0.01893562 -2.289229 -0.06612408 0.0441823 -2.323312 -0.2219876 0.1483269 -2.311951 -0.4534214 0.3029661 -2.30059 -0.543161 0.3629282 -2.238105 -0.5903924 0.3944872 -2.107454 -0.6092849 0.4071108 -1.897276 -0.6045618 0.4039549 -1.755265 -0.5809462 0.3881754 -1.738223 -0.6140081 0.4102668 -1.545087 -0.5951156 0.3976432 -1.420117 -0.5526073 0.3692401 -1.368993 -0.5714999 0.3818637 -1.295147 -0.5573304 0.3723961 -1.119052 -0.5195453 0.3471488 -1.073608 -0.5242684 0.3503047 -0.9656795 -0.5006527 0.3345253 -0.789585 -0.5195453 0.3471489 -0.6305319 -0.5809461 0.3881756 -0.4771593 -0.6045617 0.4039551 -0.3578695 -0.6281774 0.4197346 -0.1988162 -0.6092848 0.4071111 0.8918335 -0.6234542 0.4165788 0.9429577 -0.5337145 0.3566167 1.306508 -0.382574 0.2556281 1.596212 -0.2219873 0.1483274 1.777987 -0.2125411 0.1420156 1.919998 -0.2833881 0.1893541 1.931359 -0.2125411 0.1420156 1.971122 -0.245603 0.164107 1.982483 -0.2550493 0.1704187 2.18698 -0.2267104 0.1514834 2.260826 -0.01416909 0.009467899 2.260826 0 0 0.05680453 0.0300582 -0.01606673 -2.289229 -0.0701363 0.03748828 -2.323312 -0.2354573 0.1258541 -2.311951 -0.4809339 0.2570641 -2.30059 -0.5761188 0.3079414 -2.238105 -0.6262161 0.334719 -2.107454 -0.646255 0.34543 -1.897276 -0.6412453 0.3427523 -1.755265 -0.6161966 0.3293636 -1.738223 -0.6512647 0.3481079 -1.545087 -0.6312258 0.3373969 -1.420117 -0.5861382 0.3132971 -1.368993 -0.6061771 0.3240081 -1.295147 -0.591148 0.3159749 -1.119052 -0.5510701 0.2945529 -1.073608 -0.5560798 0.2972306 -0.9656795 -0.5310312 0.2838419 -0.789585 -0.5510701 0.2945529 -0.6305319 -0.6161966 0.3293637 -0.4771593 -0.6412451 0.3427525 -0.3578695 -0.6662937 0.3561413 -0.1988162 -0.6462548 0.3454304 0.8918335 -0.6612839 0.3534637 0.9429577 -0.5660991 0.3025863 1.306508 -0.4057878 0.2168983 1.596212 -0.2354571 0.1258546 1.777987 -0.2254376 0.1204991 1.919998 -0.3005836 0.1606655 1.931359 -0.2254376 0.1204991 1.971122 -0.2605057 0.1392434 1.982483 -0.2705251 0.144599 2.18698 -0.2404667 0.1285324 2.260826 -0.01502901 0.008033514 2.260826 0 0 0.05680453 0.03148818 -0.01304304 -2.289229 -0.07347309 0.03043305 -2.323312 -0.2466593 0.1021692 -2.311951 -0.5038148 0.2086865 -2.30059 -0.6035282 0.249989 -2.238105 -0.6560089 0.2717273 -2.107454 -0.6770012 0.2804226 -1.897276 -0.6717531 0.2782489 -1.755265 -0.6455127 0.2673798 -1.738223 -0.6822492 0.2825965 -1.545087 -0.6612569 0.2739012 -1.420117 -0.6140243 0.2543368 -1.368993 -0.6350166 0.2630321 -1.295147 -0.6192724 0.2565107 -1.119052 -0.5772878 0.2391201 -1.073608 -0.5825359 0.241294 -0.9656795 -0.5562955 0.2304249 -0.789585 -0.5772878 0.2391202 -0.6305319 -0.6455127 0.2673799 -0.4771593 -0.671753 0.278249 -0.3578695 -0.6979933 0.2891181 -0.1988162 -0.677001 0.280423 0.8918335 -0.6927452 0.2869445 0.9429577 -0.5930318 0.2456418 1.306508 -0.4250936 0.1760796 1.596212 -0.2466592 0.1021698 1.777987 -0.236163 0.09782212 1.919998 -0.3148841 0.1304295 1.931359 -0.236163 0.09782218 1.971122 -0.2728995 0.1130389 1.982483 -0.2833957 0.1173866 2.18698 -0.2519072 0.1043437 2.260826 -0.01574409 0.006521642 2.260826 0 0 0.05680453 0.03261512 -0.009894013 -2.289229 -0.07610225 0.02308487 -2.323312 -0.255486 0.07750052 -2.311951 -0.5218437 0.1582992 -2.30059 -0.6251252 0.1896293 -2.238105 -0.6794839 0.2061189 -2.107454 -0.7012274 0.2127147 -1.897276 -0.6957916 0.2110658 -1.755265 -0.6686122 0.202821 -1.738223 -0.7066633 0.2143638 -1.545087 -0.6849198 0.207768 -1.420117 -0.6359969 0.1929274 -1.368993 -0.6577404 0.1995232 -1.295147 -0.6414328 0.1945763 -1.119052 -0.5979459 0.1813848 -1.073608 -0.6033817 0.1830337 -0.9656795 -0.5762024 0.174789 -0.789585 -0.5979458 0.1813848 -0.6305319 -0.6686121 0.2028211 -0.4771593 -0.6957915 0.211066 -0.3578695 -0.7229708 0.2193108 -0.1988162 -0.7012273 0.2127151 0.8918335 -0.7175348 0.2176619 0.9429577 -0.6142533 0.1863319 1.306508 -0.4403054 0.1335654 1.596212 -0.2554858 0.07750105 1.777987 -0.2446141 0.07420313 1.919998 -0.3261522 0.09893745 1.931359 -0.2446141 0.07420313 1.971122 -0.2826651 0.08574581 1.982483 -0.2935369 0.08904373 2.18698 -0.2609217 0.07915002 2.260826 -0.01630753 0.004947066 2.260826 0 0 0.05680453 0.03342783 -0.006649494 -2.289229 -0.07799851 0.01551455 -2.323312 -0.2618522 0.05208528 -2.311951 -0.5348469 0.1063873 -2.30059 -0.640702 0.1274431 -2.238105 -0.6964152 0.1385253 -2.107454 -0.7187005 0.1429581 -1.897276 -0.7131292 0.1418499 -1.755265 -0.6852726 0.1363089 -1.738223 -0.7242718 0.1440663 -1.545087 -0.7019866 0.1396335 -1.420117 -0.6518447 0.1296597 -1.368993 -0.67413 0.1340926 -1.295147 -0.657416 0.130768 -1.119052 -0.6128454 0.1219024 -1.073608 -0.6184167 0.1230106 -0.9656795 -0.5905601 0.1174696 -0.789585 -0.6128454 0.1219024 -0.6305319 -0.6852725 0.1363091 -0.4771593 -0.7131291 0.1418501 -0.3578695 -0.7409857 0.1473912 -0.1988162 -0.7187004 0.1429585 0.8918335 -0.7354144 0.1462831 0.9429577 -0.6295592 0.1252273 1.306508 -0.451277 0.08976477 1.596212 -0.261852 0.05208569 1.777987 -0.2507094 0.04986929 1.919998 -0.3342792 0.06649249 1.931359 -0.2507094 0.04986929 1.971122 -0.2897086 0.05762684 1.982483 -0.3008513 0.0598433 2.18698 -0.2674233 0.0531941 2.260826 -0.01671373 0.003324866 2.260826 0 0 0.05680453 0.03391849 -0.00334084 -2.289229 -0.07914364 0.007794559 -2.323312 -0.2656965 0.02616846 -2.311951 -0.5426992 0.05345082 -2.30059 -0.6501084 0.06402975 -2.238105 -0.7066395 0.0695976 -2.107454 -0.729252 0.07182472 -1.897276 -0.723599 0.07126796 -1.755265 -0.6953334 0.06848406 -1.738223 -0.7349052 0.07238155 -1.545087 -0.7122927 0.07015448 -1.420117 -0.6614147 0.0651434 -1.368993 -0.6840271 0.06737059 -1.295147 -0.6670678 0.06570023 -1.119052 -0.6218429 0.06124585 -1.073608 -0.627496 0.0618028 -0.9656795 -0.5992304 0.05901885 -0.789585 -0.6218429 0.06124591 -0.6305319 -0.6953334 0.06848424 -0.4771593 -0.723599 0.0712682 -0.3578695 -0.7518645 0.07405209 -0.1988162 -0.729252 0.07182514 0.8918335 -0.7462114 0.0734955 0.9429577 -0.6388021 0.06291663 1.306508 -0.4579024 0.04509949 1.596212 -0.2656965 0.026169 1.777987 -0.2543902 0.02505534 1.919998 -0.339187 0.03340721 1.931359 -0.2543902 0.02505534 1.971122 -0.293962 0.02895295 1.982483 -0.3052682 0.03006649 2.18698 -0.2713496 0.02672576 2.260826 -0.01695919 0.001670539 2.260826 0 0 0.05680453 0.03408277 -3.04598e-7 -2.289229 -0.07952654 -3.1911e-7 -2.323312 -0.266982 -3.33971e-7 -2.311951 -0.5453251 -3.56778e-7 -2.30059 -0.653254 -3.57818e-7 -2.238105 -0.7100587 -3.4523e-7 -2.107454 -0.7327806 -3.18978e-7 -1.897276 -0.7271001 -2.994e-7 -1.755265 -0.6986978 -2.94628e-7 -1.738223 -0.7384611 -2.72154e-7 -1.545087 -0.7157392 -2.53377e-7 -1.420117 -0.664615 -2.42039e-7 -1.368993 -0.6873369 -2.34103e-7 -1.295147 -0.6702955 -2.08954e-7 -1.119052 -0.6248517 -1.98875e-7 -1.073608 -0.6305322 -1.8487e-7 -0.9656795 -0.6021298 -1.58728e-7 -0.789585 -0.6248517 -1.39344e-7 -0.6305319 -0.6986978 -1.25193e-7 -0.4771593 -0.7271001 0 -0.3578695 -0.7555025 0 -0.1988162 -0.7327806 0 0.8918335 -0.749822 0 0.9429577 -0.641893 1.19425e-7 1.306508 -0.460118 1.7424e-7 1.596212 -0.2669821 2.15548e-7 1.777987 -0.2556211 2.35622e-7 1.919998 -0.3408282 2.29699e-7 1.931359 -0.2556211 2.42491e-7 1.971122 -0.2953844 2.40541e-7 1.982483 -0.3067454 2.67024e-7 2.18698 -0.2726625 2.79925e-7 2.260826 -0.01704138 3.02272e-7 2.260826 0 0 0.05680453 0.03391855 0.003340244 -2.289229 -0.07914358 -0.007795274 -2.323312 -0.2656964 -0.02616912 -2.311951 -0.5426991 -0.05345141 -2.30059 -0.6501084 -0.06403046 -2.238105 -0.7066395 -0.06959825 -2.107454 -0.729252 -0.07182538 -1.897276 -0.723599 -0.07126861 -1.755265 -0.6953334 -0.06848466 -1.738223 -0.7349052 -0.07238215 -1.545087 -0.7122927 -0.07015496 -1.420117 -0.6614147 -0.06514388 -1.368993 -0.6840271 -0.06737101 -1.295147 -0.6670678 -0.06570065 -1.119052 -0.6218429 -0.06124639 -1.073608 -0.627496 -0.06180316 -0.9656795 -0.5992304 -0.05901908 -0.789585 -0.6218429 -0.06124621 -0.6305319 -0.6953334 -0.06848448 -0.4771593 -0.723599 -0.07126837 -0.3578695 -0.7518645 -0.07405227 -0.1988162 -0.729252 -0.07182502 0.8918335 -0.7462114 -0.07349532 0.9429577 -0.6388021 -0.06291639 1.306508 -0.4579024 -0.04509913 1.596212 -0.2656965 -0.02616858 1.777987 -0.2543902 -0.02505499 1.919998 -0.339187 -0.03340679 1.931359 -0.2543902 -0.02505499 1.971122 -0.2939621 -0.02895236 1.982483 -0.3052683 -0.03006601 2.18698 -0.2713496 -0.02672529 2.260826 -0.01695924 -0.001669943 2.260826 0 0 0.05680453 0.03342795 0.006648898 -2.289229 -0.07799839 -0.01551502 -2.323312 -0.261852 -0.05208581 -2.311951 -0.5348467 -0.106388 -2.30059 -0.6407018 -0.1274439 -2.238105 -0.696415 -0.138526 -2.107454 -0.7187004 -0.1429588 -1.897276 -0.7131291 -0.1418505 -1.755265 -0.6852725 -0.1363095 -1.738223 -0.7242717 -0.1440669 -1.545087 -0.7019864 -0.1396341 -1.420117 -0.6518445 -0.1296602 -1.368993 -0.6741298 -0.134093 -1.295147 -0.6574159 -0.1307684 -1.119052 -0.6128454 -0.1219027 -1.073608 -0.6184166 -0.1230109 -0.9656795 -0.59056 -0.1174699 -0.789585 -0.6128454 -0.1219027 -0.6305319 -0.6852725 -0.1363093 -0.4771593 -0.7131291 -0.1418504 -0.3578695 -0.7409857 -0.1473913 -0.1988162 -0.7187004 -0.1429584 0.8918335 -0.7354143 -0.146283 0.9429577 -0.6295593 -0.125227 1.306508 -0.451277 -0.08976441 1.596212 -0.2618522 -0.05208534 1.777987 -0.2507095 -0.049869 1.919998 -0.3342793 -0.06649208 1.931359 -0.2507095 -0.04986894 1.971122 -0.2897087 -0.0576263 1.982483 -0.3008514 -0.0598427 2.18698 -0.2674235 -0.05319344 2.260826 -0.01671385 -0.00332427 2.260826 0 0 0.05680453 0.0326153 0.009893417 -2.289229 -0.07610207 -0.02308565 -2.323312 -0.2554858 -0.07750111 -2.311951 -0.5218434 -0.1582999 -2.30059 -0.625125 -0.18963 -2.238105 -0.6794837 -0.2061195 -2.107454 -0.7012272 -0.2127153 -1.897276 -0.6957914 -0.2110664 -1.755265 -0.668612 -0.2028216 -1.738223 -0.7066631 -0.2143642 -1.545087 -0.6849196 -0.2077684 -1.420117 -0.6359968 -0.1929278 -1.368993 -0.6577403 -0.1995236 -1.295147 -0.6414327 -0.1945767 -1.119052 -0.5979457 -0.181385 -1.073608 -0.6033816 -0.183034 -0.9656795 -0.5762022 -0.1747893 -0.789585 -0.5979458 -0.181385 -0.6305319 -0.6686121 -0.2028214 -0.4771593 -0.6957914 -0.2110662 -0.3578695 -0.7229707 -0.2193109 -0.1988162 -0.7012273 -0.212715 0.8918335 -0.7175349 -0.2176617 0.9429577 -0.6142534 -0.1863316 1.306508 -0.4403055 -0.1335651 1.596212 -0.255486 -0.07750058 1.777987 -0.2446142 -0.07420265 1.919998 -0.3261523 -0.09893697 1.931359 -0.2446142 -0.07420265 1.971122 -0.2826653 -0.08574533 1.982483 -0.2935371 -0.08904325 2.18698 -0.2609218 -0.07914948 2.260826 -0.01630765 -0.00494647 2.260826 0 0 0.05680453 0.03148841 0.0130425 -2.289229 -0.07347279 -0.03043377 -2.323312 -0.2466591 -0.1021699 -2.311951 -0.5038145 -0.2086871 -2.30059 -0.6035279 -0.2499897 -2.238105 -0.6560086 -0.2717279 -2.107454 -0.6770008 -0.2804232 -1.897276 -0.6717528 -0.2782494 -1.755265 -0.6455125 -0.2673802 -1.738223 -0.682249 -0.282597 -1.545087 -0.6612567 -0.2739017 -1.420117 -0.6140241 -0.2543373 -1.368993 -0.6350164 -0.2630326 -1.295147 -0.6192722 -0.2565111 -1.119052 -0.5772876 -0.2391205 -1.073608 -0.5825357 -0.2412943 -0.9656795 -0.5562953 -0.2304252 -0.789585 -0.5772876 -0.2391204 -0.6305319 -0.6455126 -0.2673801 -0.4771593 -0.6717529 -0.2782492 -0.3578695 -0.6979932 -0.2891183 -0.1988162 -0.677001 -0.2804229 0.8918335 -0.6927452 -0.2869443 0.9429577 -0.5930319 -0.2456417 1.306508 -0.4250937 -0.1760793 1.596212 -0.2466593 -0.1021693 1.777987 -0.2361631 -0.09782171 1.919998 -0.3148843 -0.130429 1.931359 -0.2361631 -0.09782171 1.971122 -0.2728997 -0.1130384 1.982483 -0.2833958 -0.1173861 2.18698 -0.2519074 -0.1043431 2.260826 -0.0157442 -0.006521165 2.260826 0 0 0.05680453 0.0300585 0.01606625 -2.289229 -0.07013601 -0.03748869 -2.323312 -0.235457 -0.1258547 -2.311951 -0.4809336 -0.2570647 -2.30059 -0.5761184 -0.3079421 -2.238105 -0.6262157 -0.3347196 -2.107454 -0.6462546 -0.3454306 -1.897276 -0.641245 -0.3427529 -1.755265 -0.6161963 -0.3293641 -1.738223 -0.6512644 -0.3481084 -1.545087 -0.6312255 -0.3373973 -1.420117 -0.586138 -0.3132975 -1.368993 -0.6061769 -0.3240085 -1.295147 -0.5911478 -0.3159753 -1.119052 -0.5510699 -0.2945532 -1.073608 -0.5560796 -0.2972309 -0.9656795 -0.531031 -0.2838422 -0.789585 -0.5510699 -0.2945532 -0.6305319 -0.6161964 -0.329364 -0.4771593 -0.6412451 -0.3427527 -0.3578695 -0.6662937 -0.3561415 -0.1988162 -0.6462548 -0.3454303 0.8918335 -0.661284 -0.3534635 0.9429577 -0.5660992 -0.3025861 1.306508 -0.405788 -0.2168979 1.596212 -0.2354573 -0.1258543 1.777987 -0.2254378 -0.1204987 1.919998 -0.3005837 -0.160665 1.931359 -0.2254378 -0.1204987 1.971122 -0.2605059 -0.139243 1.982483 -0.2705254 -0.1445985 2.18698 -0.240467 -0.1285319 2.260826 -0.01502931 -0.008032977 2.260826 0 0 0.05680453 0.02833884 0.01893514 -2.289229 -0.06612372 -0.04418271 -2.323312 -0.2219873 -0.1483275 -2.311951 -0.4534209 -0.3029667 -2.30059 -0.5431606 -0.3629288 -2.238105 -0.590392 -0.3944877 -2.107454 -0.6092846 -0.4071114 -1.897276 -0.6045615 -0.4039555 -1.755265 -0.5809459 -0.388176 -1.738223 -0.6140078 -0.4102672 -1.545087 -0.5951152 -0.3976436 -1.420117 -0.552607 -0.3692405 -1.368993 -0.5714995 -0.3818641 -1.295147 -0.5573302 -0.3723964 -1.119052 -0.5195451 -0.3471491 -1.073608 -0.5242682 -0.350305 -0.9656795 -0.5006526 -0.3345255 -0.789585 -0.5195451 -0.3471491 -0.6305319 -0.5809459 -0.3881758 -0.4771593 -0.6045616 -0.4039553 -0.3578695 -0.6281773 -0.4197348 -0.1988162 -0.6092848 -0.4071111 0.8918335 -0.6234542 -0.4165787 0.9429577 -0.5337146 -0.3566166 1.306508 -0.3825742 -0.2556277 1.596212 -0.2219876 -0.1483271 1.777987 -0.2125413 -0.1420153 1.919998 -0.2833884 -0.1893538 1.931359 -0.2125413 -0.1420153 1.971122 -0.2456033 -0.1641066 1.982483 -0.2550495 -0.1704183 2.18698 -0.2267107 -0.1514829 2.260826 -0.01416957 -0.009467422 2.260826 0 0 0.05680453 0.02634656 0.02162164 -2.289229 -0.06147462 -0.05045121 -2.323312 -0.2063797 -0.1693719 -2.311951 -0.4215417 -0.3459509 -2.30059 -0.5049719 -0.4144203 -2.238105 -0.5488826 -0.4504567 -2.107454 -0.5664468 -0.4648714 -1.897276 -0.5620558 -0.4612677 -1.755265 -0.5401005 -0.4432495 -1.738223 -0.570838 -0.468475 -1.545087 -0.5532737 -0.4540604 -1.420117 -0.5137541 -0.4216275 -1.368993 -0.5313184 -0.4360421 -1.295147 -0.5181453 -0.4252311 -1.119052 -0.4830167 -0.3964019 -1.073608 -0.4874078 -0.4000055 -0.9656795 -0.4654525 -0.3819873 -0.789585 -0.4830168 -0.3964018 -0.6305319 -0.5401006 -0.4432494 -0.4771593 -0.5620559 -0.4612675 -0.3578695 -0.5840113 -0.4792858 -0.1988162 -0.566447 -0.4648711 0.8918335 -0.5796203 -0.475682 0.9429577 -0.4961901 -0.4072126 1.306508 -0.3556761 -0.2918956 1.596212 -0.20638 -0.1693714 1.777987 -0.1975979 -0.1621642 1.919998 -0.2634639 -0.2162189 1.931359 -0.1975979 -0.1621641 1.971122 -0.2283353 -0.1873897 1.982483 -0.2371175 -0.194597 2.18698 -0.2107711 -0.172975 2.260826 -0.01317334 -0.01081067 2.260826 0 0 0.05680453 0.02410036 0.02409994 -2.289229 -0.0562334 -0.056234 -2.323312 -0.1887845 -0.188785 -2.311951 -0.3856027 -0.3856033 -2.30059 -0.46192 -0.4619206 -2.238105 -0.5020871 -0.5020876 -2.107454 -0.5181539 -0.5181544 -1.897276 -0.5141372 -0.5141377 -1.755265 -0.4940537 -0.4940542 -1.738223 -0.5221706 -0.522171 -1.545087 -0.5061038 -0.5061042 -1.420117 -0.4699535 -0.469954 -1.368993 -0.4860203 -0.4860208 -1.295147 -0.4739702 -0.4739707 -1.119052 -0.4418367 -0.441837 -1.073608 -0.4458534 -0.4458537 -0.9656795 -0.4257699 -0.4257702 -0.789585 -0.4418367 -0.441837 -0.6305319 -0.4940538 -0.4940541 -0.4771593 -0.5141373 -0.5141376 -0.3578695 -0.5342208 -0.534221 -0.1988162 -0.5181541 -0.5181542 0.8918335 -0.5302042 -0.5302042 0.9429577 -0.4538869 -0.4538869 1.306508 -0.3253527 -0.3253525 1.596212 -0.188785 -0.1887847 1.777987 -0.1807516 -0.1807513 1.919998 -0.241002 -0.2410017 1.931359 -0.1807516 -0.1807513 1.971122 -0.2088685 -0.2088682 1.982483 -0.2169018 -0.2169015 2.18698 -0.1928017 -0.1928012 2.260826 -0.01205027 -0.01204985 2.260826 0 0 0.05680453 0.02162212 0.02634602 -2.289229 -0.05045086 -0.06147491 -2.323312 -0.1693714 -0.2063801 -2.311951 -0.3459503 -0.4215422 -2.30059 -0.4144197 -0.5049723 -2.238105 -0.4504563 -0.548883 -2.107454 -0.4648709 -0.5664472 -1.897276 -0.4612673 -0.5620562 -1.755265 -0.4432491 -0.5401008 -1.738223 -0.4684746 -0.5708382 -1.545087 -0.45406 -0.553274 -1.420117 -0.4216272 -0.5137544 -1.368993 -0.4360418 -0.5313187 -1.295147 -0.4252309 -0.5181455 -1.119052 -0.3964017 -0.483017 -1.073608 -0.4000053 -0.487408 -0.9656795 -0.381987 -0.4654527 -0.789585 -0.3964017 -0.4830169 -0.6305319 -0.4432492 -0.5401008 -0.4771593 -0.4612674 -0.5620561 -0.3578695 -0.4792857 -0.5840113 -0.1988162 -0.4648712 -0.566447 0.8918335 -0.4756821 -0.5796201 0.9429577 -0.4072128 -0.4961899 1.306508 -0.291896 -0.3556759 1.596212 -0.1693718 -0.2063798 1.777987 -0.1621645 -0.1975976 1.919998 -0.2162193 -0.2634636 1.931359 -0.1621645 -0.1975976 1.971122 -0.1873901 -0.228335 1.982483 -0.1945974 -0.2371171 2.18698 -0.1729755 -0.2107707 2.260826 -0.01081115 -0.01317298 2.260826 0 0 0.05680453 0.01893562 0.02833861 -2.289229 -0.0441823 -0.06612408 -2.323312 -0.1483269 -0.2219877 -2.311951 -0.3029659 -0.4534215 -2.30059 -0.362928 -0.5431611 -2.238105 -0.3944871 -0.5903925 -2.107454 -0.4071107 -0.609285 -1.897276 -0.4039548 -0.6045619 -1.755265 -0.3881753 -0.5809462 -1.738223 -0.4102666 -0.6140082 -1.545087 -0.3976431 -0.5951156 -1.420117 -0.36924 -0.5526074 -1.368993 -0.3818636 -0.5715 -1.295147 -0.3723959 -0.5573305 -1.119052 -0.3471487 -0.5195454 -1.073608 -0.3503046 -0.5242685 -0.9656795 -0.3345252 -0.5006528 -0.789585 -0.3471488 -0.5195454 -0.6305319 -0.3881755 -0.5809462 -0.4771593 -0.403955 -0.6045618 -0.3578695 -0.4197345 -0.6281775 -0.1988162 -0.407111 -0.6092848 0.8918335 -0.4165787 -0.6234542 0.9429577 -0.3566167 -0.5337145 1.306508 -0.2556279 -0.3825741 1.596212 -0.1483274 -0.2219874 1.777987 -0.1420156 -0.2125411 1.919998 -0.1893541 -0.2833881 1.931359 -0.1420156 -0.2125411 1.971122 -0.1641069 -0.245603 1.982483 -0.1704187 -0.2550494 2.18698 -0.1514834 -0.2267104 2.260826 -0.009467899 -0.01416909 2.260826 0 0 0.05680453 0.01606673 0.0300582 -2.289229 -0.03748828 -0.0701363 -2.323312 -0.1258541 -0.2354573 -2.311951 -0.2570641 -0.4809339 -2.30059 -0.3079415 -0.5761187 -2.238105 -0.3347191 -0.626216 -2.107454 -0.3454301 -0.6462549 -1.897276 -0.3427524 -0.6412452 -1.755265 -0.3293636 -0.6161966 -1.738223 -0.3481079 -0.6512647 -1.545087 -0.3373969 -0.6312258 -1.420117 -0.3132972 -0.5861381 -1.368993 -0.3240082 -0.6061771 -1.295147 -0.315975 -0.5911479 -1.119052 -0.2945529 -0.5510701 -1.073608 -0.2972306 -0.5560798 -0.9656795 -0.2838419 -0.5310312 -0.789585 -0.2945529 -0.5510701 -0.6305319 -0.3293638 -0.6161965 -0.4771593 -0.3427526 -0.6412451 -0.3578695 -0.3561413 -0.6662937 -0.1988162 -0.3454304 -0.6462547 0.8918335 -0.3534637 -0.6612839 0.9429577 -0.3025864 -0.5660991 1.306508 -0.2168983 -0.4057878 1.596212 -0.1258546 -0.235457 1.777987 -0.1204991 -0.2254376 1.919998 -0.1606655 -0.3005835 1.931359 -0.1204991 -0.2254376 1.971122 -0.1392434 -0.2605057 1.982483 -0.144599 -0.2705251 2.18698 -0.1285324 -0.2404667 2.260826 -0.008033514 -0.01502901 2.260826 0 0 0.05680453 0.01304304 0.03148818 -2.289229 -0.03043305 -0.07347309 -2.323312 -0.1021692 -0.2466593 -2.311951 -0.2086864 -0.5038148 -2.30059 -0.249989 -0.6035282 -2.238105 -0.2717272 -0.6560089 -2.107454 -0.2804225 -0.6770012 -1.897276 -0.2782487 -0.6717532 -1.755265 -0.2673797 -0.6455128 -1.738223 -0.2825964 -0.6822493 -1.545087 -0.2739011 -0.661257 -1.420117 -0.2543367 -0.6140244 -1.368993 -0.2630321 -0.6350166 -1.295147 -0.2565106 -0.6192724 -1.119052 -0.23912 -0.5772879 -1.073608 -0.2412939 -0.5825359 -0.9656795 -0.2304248 -0.5562956 -0.789585 -0.2391201 -0.5772879 -0.6305319 -0.2673798 -0.6455127 -0.4771593 -0.2782489 -0.6717531 -0.3578695 -0.289118 -0.6979934 -0.1988162 -0.2804229 -0.677001 0.8918335 -0.2869443 -0.6927452 0.9429577 -0.2456418 -0.5930319 1.306508 -0.1760796 -0.4250936 1.596212 -0.1021698 -0.2466592 1.777987 -0.09782212 -0.236163 1.919998 -0.1304294 -0.3148841 1.931359 -0.09782212 -0.236163 1.971122 -0.1130388 -0.2728996 1.982483 -0.1173865 -0.2833957 2.18698 -0.1043436 -0.2519072 2.260826 -0.006521642 -0.01574409 2.260826 0 0 0.05680453 0.009893953 0.03261512 -2.289229 -0.02308487 -0.07610225 -2.323312 -0.07750046 -0.255486 -2.311951 -0.1582991 -0.5218437 -2.30059 -0.1896291 -0.6251252 -2.238105 -0.2061188 -0.6794839 -2.107454 -0.2127146 -0.7012274 -1.897276 -0.2110657 -0.6957916 -1.755265 -0.2028208 -0.6686122 -1.738223 -0.2143636 -0.7066633 -1.545087 -0.2077678 -0.6849198 -1.420117 -0.1929273 -0.6359969 -1.368993 -0.1995231 -0.6577404 -1.295147 -0.1945762 -0.6414328 -1.119052 -0.1813846 -0.5979459 -1.073608 -0.1830336 -0.6033817 -0.9656795 -0.1747888 -0.5762024 -0.789585 -0.1813847 -0.5979458 -0.6305319 -0.2028211 -0.6686121 -0.4771593 -0.2110658 -0.6957915 -0.3578695 -0.2193107 -0.7229708 -0.1988162 -0.212715 -0.7012273 0.8918335 -0.2176617 -0.7175348 0.9429577 -0.1863318 -0.6142533 1.306508 -0.1335653 -0.4403054 1.596212 -0.07750099 -0.2554858 1.777987 -0.07420307 -0.2446141 1.919998 -0.09893739 -0.3261522 1.931359 -0.07420307 -0.2446141 1.971122 -0.08574575 -0.2826651 1.982483 -0.08904367 -0.2935369 2.18698 -0.07914996 -0.2609217 2.260826 -0.004947066 -0.01630753 2.260826 0 0 0.05680453 0.006649494 0.03342783 -2.289229 -0.01551455 -0.07799851 -2.323312 -0.05208528 -0.2618521 -2.311951 -0.1063873 -0.5348469 -2.30059 -0.1274433 -0.640702 -2.238105 -0.1385253 -0.6964151 -2.107454 -0.1429582 -0.7187005 -1.897276 -0.1418499 -0.7131292 -1.755265 -0.136309 -0.6852726 -1.738223 -0.1440664 -0.7242718 -1.545087 -0.1396335 -0.7019865 -1.420117 -0.1296598 -0.6518446 -1.368993 -0.1340926 -0.6741299 -1.295147 -0.130768 -0.6574159 -1.119052 -0.1219024 -0.6128454 -1.073608 -0.1230106 -0.6184166 -0.9656795 -0.1174696 -0.59056 -0.789585 -0.1219025 -0.6128454 -0.6305319 -0.1363092 -0.6852725 -0.4771593 -0.1418502 -0.7131291 -0.3578695 -0.1473912 -0.7409857 -0.1988162 -0.1429585 -0.7187004 0.8918335 -0.1462832 -0.7354143 0.9429577 -0.1252273 -0.6295592 1.306508 -0.08976477 -0.451277 1.596212 -0.05208569 -0.261852 1.777987 -0.04986935 -0.2507094 1.919998 -0.06649255 -0.3342792 1.931359 -0.04986935 -0.2507094 1.971122 -0.0576269 -0.2897086 1.982483 -0.0598433 -0.3008512 2.18698 -0.0531941 -0.2674233 2.260826 -0.003324866 -0.01671373 2.260826 0 0 0.05680453 0.00334084 0.03391849 -2.289229 -0.007794559 -0.07914364 -2.323312 -0.0261684 -0.2656965 -2.311951 -0.05345076 -0.5426992 -2.30059 -0.06402963 -0.6501084 -2.238105 -0.06959748 -0.7066395 -2.107454 -0.07182461 -0.729252 -1.897276 -0.07126784 -0.723599 -1.755265 -0.06848394 -0.6953334 -1.738223 -0.07238143 -0.7349052 -1.545087 -0.07015436 -0.7122927 -1.420117 -0.06514328 -0.6614147 -1.368993 -0.06737047 -0.6840271 -1.295147 -0.06570011 -0.6670678 -1.119052 -0.06124573 -0.6218429 -1.073608 -0.06180256 -0.627496 -0.9656795 -0.05901879 -0.5992304 -0.789585 -0.06124579 -0.6218429 -0.6305319 -0.06848412 -0.6953334 -0.4771593 -0.07126808 -0.723599 -0.3578695 -0.07405197 -0.7518645 -0.1988162 -0.07182502 -0.729252 0.8918335 -0.07349532 -0.7462114 0.9429577 -0.06291651 -0.6388021 1.306508 -0.04509943 -0.4579024 1.596212 -0.026169 -0.2656965 1.777987 -0.02505528 -0.2543902 1.919998 -0.03340715 -0.339187 1.931359 -0.02505534 -0.2543902 1.971122 -0.02895277 -0.293962 1.982483 -0.03006649 -0.3052682 2.18698 -0.0267257 -0.2713496 2.260826 -0.001670539 -0.01695919 2.260826 0 0 0.05680453 3.07172e-7 0.03408277 -2.289229 3.13106e-7 -0.07952654 -2.323312 3.13815e-7 -0.266982 -2.311951 3.15607e-7 -0.5453251 -2.30059 3.08499e-7 -0.653254 -2.238105 2.91622e-7 -0.7100587 -2.107454 2.63654e-7 -0.7327806 -1.897276 2.44506e-7 -0.7271001 -1.755265 2.41878e-7 -0.6986978 -1.738223 2.16402e-7 -0.7384611 -1.545087 1.9934e-7 -0.7157392 -1.420117 1.91862e-7 -0.664615 -1.368993 1.82211e-7 -0.6873369 -1.295147 1.58348e-7 -0.6702955 -1.119052 1.517e-7 -0.6248517 -1.073608 1.37267e-7 -0.6305322 -0.9656795 0 -0.6021298 -0.789585 0 -0.6248517 -0.6305319 0 -0.6986978 -0.4771593 0 -0.7271001 -0.3578695 0 -0.7555025 -0.1988162 0 -0.7327806 0.8918335 0 -0.749822 0.9429577 -1.67886e-7 -0.641893 1.306508 -2.08978e-7 -0.460118 1.596212 -2.35704e-7 -0.2669821 1.777987 -2.5492e-7 -0.2556211 1.919998 -2.55431e-7 -0.3408282 1.931359 -2.61789e-7 -0.2556211 1.971122 -2.62842e-7 -0.2953844 1.982483 -2.90182e-7 -0.3067454 2.18698 -3.00511e-7 -0.2726625 2.260826 -3.03559e-7 -0.01704138 2.260826 0 0 0.05680453 -0.003340244 0.03391855 -2.289229 0.007795274 -0.07914358 -2.323312 0.02616918 -0.2656964 -2.311951 0.05345153 -0.5426991 -2.30059 0.06403052 -0.6501084 -2.238105 0.06959837 -0.7066395 -2.107454 0.0718255 -0.729252 -1.897276 0.07126873 -0.723599 -1.755265 0.06848478 -0.6953334 -1.738223 0.07238227 -0.7349052 -1.545087 0.07015508 -0.7122927 -1.420117 0.065144 -0.6614147 -1.368993 0.06737112 -0.6840271 -1.295147 0.06570076 -0.6670678 -1.119052 0.06124645 -0.6218429 -1.073608 0.06180322 -0.627496 -0.9656795 0.0590192 -0.5992304 -0.789585 0.06124639 -0.6218429 -0.6305319 0.0684846 -0.6953334 -0.4771593 0.07126849 -0.723599 -0.3578695 0.07405239 -0.7518645 -0.1988162 0.07182514 -0.729252 0.8918335 0.0734955 -0.7462114 0.9429577 0.06291651 -0.6388021 1.306508 0.04509925 -0.4579024 1.596212 0.02616864 -0.2656965 1.777987 0.02505505 -0.2543902 1.919998 0.03340679 -0.339187 1.931359 0.02505505 -0.2543902 1.971122 0.02895241 -0.2939621 1.982483 0.03006607 -0.3052683 2.18698 0.02672535 -0.2713496 2.260826 0.001669943 -0.01695924 2.260826 0 0 0.05680453 -0.006648898 0.03342795 -2.289229 0.01551502 -0.07799839 -2.323312 0.05208581 -0.261852 -2.311951 0.106388 -0.5348467 -2.30059 0.1274439 -0.6407018 -2.238105 0.1385259 -0.696415 -2.107454 0.1429587 -0.7187004 -1.897276 0.1418505 -0.7131291 -1.755265 0.1363095 -0.6852725 -1.738223 0.1440669 -0.7242717 -1.545087 0.139634 -0.7019864 -1.420117 0.1296601 -0.6518445 -1.368993 0.134093 -0.6741298 -1.295147 0.1307684 -0.6574159 -1.119052 0.1219027 -0.6128454 -1.073608 0.1230109 -0.6184166 -0.9656795 0.1174699 -0.59056 -0.789585 0.1219027 -0.6128454 -0.6305319 0.1363093 -0.6852725 -0.4771593 0.1418503 -0.7131291 -0.3578695 0.1473913 -0.7409857 -0.1988162 0.1429583 -0.7187004 0.8918335 0.1462829 -0.7354143 0.9429577 0.125227 -0.6295593 1.306508 0.08976441 -0.451277 1.596212 0.05208534 -0.2618522 1.777987 0.04986894 -0.2507095 1.919998 0.06649202 -0.3342793 1.931359 0.04986894 -0.2507095 1.971122 0.05762624 -0.2897087 1.982483 0.0598427 -0.3008514 2.18698 0.05319339 -0.2674235 2.260826 0.00332427 -0.01671385 2.260826 0 0 0.05680453 -0.009893417 0.0326153 -2.289229 0.02308565 -0.07610207 -2.323312 0.07750117 -0.2554858 -2.311951 0.1582999 -0.5218434 -2.30059 0.1896301 -0.6251249 -2.238105 0.2061197 -0.6794837 -2.107454 0.2127155 -0.7012271 -1.897276 0.2110665 -0.6957913 -1.755265 0.2028217 -0.668612 -1.738223 0.2143644 -0.7066631 -1.545087 0.2077684 -0.6849196 -1.420117 0.1929278 -0.6359968 -1.368993 0.1995238 -0.6577402 -1.295147 0.1945769 -0.6414327 -1.119052 0.1813852 -0.5979457 -1.073608 0.1830341 -0.6033815 -0.9656795 0.1747893 -0.5762022 -0.789585 0.181385 -0.5979458 -0.6305319 0.2028216 -0.6686121 -0.4771593 0.2110663 -0.6957914 -0.3578695 0.2193111 -0.7229707 -0.1988162 0.2127151 -0.7012273 0.8918335 0.2176619 -0.7175348 0.9429577 0.1863318 -0.6142534 1.306508 0.1335651 -0.4403055 1.596212 0.07750064 -0.255486 1.777987 0.07420271 -0.2446142 1.919998 0.09893703 -0.3261523 1.931359 0.07420271 -0.2446142 1.971122 0.08574539 -0.2826653 1.982483 0.08904325 -0.293537 2.18698 0.07914954 -0.2609218 2.260826 0.00494647 -0.01630765 2.260826 0 0 0.05680453 -0.0130425 0.03148835 -2.289229 0.03043377 -0.07347279 -2.323312 0.1021699 -0.2466591 -2.311951 0.2086872 -0.5038145 -2.30059 0.2499898 -0.6035278 -2.238105 0.2717281 -0.6560085 -2.107454 0.2804234 -0.6770008 -1.897276 0.2782495 -0.6717528 -1.755265 0.2673804 -0.6455125 -1.738223 0.2825971 -0.682249 -1.545087 0.2739018 -0.6612567 -1.420117 0.2543374 -0.6140241 -1.368993 0.2630327 -0.6350163 -1.295147 0.2565112 -0.6192722 -1.119052 0.2391206 -0.5772876 -1.073608 0.2412944 -0.5825356 -0.9656795 0.2304252 -0.5562953 -0.789585 0.2391206 -0.5772876 -0.6305319 0.2673802 -0.6455125 -0.4771593 0.2782493 -0.6717529 -0.3578695 0.2891184 -0.6979932 -0.1988162 0.280423 -0.677001 0.8918335 0.2869445 -0.6927452 0.9429577 0.2456417 -0.5930318 1.306508 0.1760794 -0.4250937 1.596212 0.1021694 -0.2466593 1.777987 0.09782177 -0.2361631 1.919998 0.1304291 -0.3148843 1.931359 0.09782177 -0.2361631 1.971122 0.1130385 -0.2728996 1.982483 0.1173861 -0.2833958 2.18698 0.1043432 -0.2519074 2.260826 0.006521165 -0.0157442 2.260826 0 0 0.05680453 -0.01606625 0.0300585 -2.289229 0.03748869 -0.07013601 -2.323312 0.1258547 -0.235457 -2.311951 0.2570647 -0.4809336 -2.30059 0.307942 -0.5761185 -2.238105 0.3347195 -0.6262158 -2.107454 0.3454306 -0.6462547 -1.897276 0.3427528 -0.641245 -1.755265 0.3293641 -0.6161963 -1.738223 0.3481083 -0.6512644 -1.545087 0.3373973 -0.6312255 -1.420117 0.3132975 -0.586138 -1.368993 0.3240085 -0.606177 -1.295147 0.3159752 -0.5911478 -1.119052 0.2945532 -0.55107 -1.073608 0.2972309 -0.5560797 -0.9656795 0.2838421 -0.5310311 -0.789585 0.2945531 -0.55107 -0.6305319 0.3293639 -0.6161964 -0.4771593 0.3427526 -0.6412451 -0.3578695 0.3561414 -0.6662937 -0.1988162 0.3454302 -0.6462548 0.8918335 0.3534635 -0.661284 0.9429577 0.3025861 -0.5660992 1.306508 0.2168979 -0.405788 1.596212 0.1258543 -0.2354573 1.777987 0.1204987 -0.2254378 1.919998 0.160665 -0.3005837 1.931359 0.1204987 -0.2254378 1.971122 0.139243 -0.2605059 1.982483 0.1445985 -0.2705254 2.18698 0.1285319 -0.240467 2.260826 0.008032977 -0.01502931 2.260826 0 0 0.05680453 -0.01893514 0.02833884 -2.289229 0.04418271 -0.06612372 -2.323312 0.1483275 -0.2219872 -2.311951 0.3029667 -0.4534209 -2.30059 0.3629288 -0.5431606 -2.238105 0.3944879 -0.5903919 -2.107454 0.4071114 -0.6092846 -1.897276 0.4039555 -0.6045615 -1.755265 0.388176 -0.5809458 -1.738223 0.4102673 -0.6140077 -1.545087 0.3976437 -0.5951152 -1.420117 0.3692406 -0.5526069 -1.368993 0.3818642 -0.5714995 -1.295147 0.3723965 -0.5573302 -1.119052 0.3471493 -0.5195451 -1.073608 0.3503051 -0.5242682 -0.9656795 0.3345256 -0.5006525 -0.789585 0.3471492 -0.5195451 -0.6305319 0.3881759 -0.5809459 -0.4771593 0.4039553 -0.6045616 -0.3578695 0.4197348 -0.6281772 -0.1988162 0.4071111 -0.6092848 0.8918335 0.4165788 -0.6234542 0.9429577 0.3566166 -0.5337146 1.306508 0.2556278 -0.3825742 1.596212 0.1483271 -0.2219876 1.777987 0.1420153 -0.2125413 1.919998 0.1893538 -0.2833884 1.931359 0.1420153 -0.2125413 1.971122 0.1641066 -0.2456032 1.982483 0.1704184 -0.2550495 2.18698 0.1514829 -0.2267107 2.260826 0.009467422 -0.01416957 2.260826 0 0 0.05680453 -0.02162164 0.02634656 -2.289229 0.05045121 -0.06147462 -2.323312 0.1693719 -0.2063797 -2.311951 0.3459508 -0.4215418 -2.30059 0.4144202 -0.504972 -2.238105 0.4504567 -0.5488826 -2.107454 0.4648713 -0.5664469 -1.897276 0.4612677 -0.5620558 -1.755265 0.4432494 -0.5401006 -1.738223 0.4684749 -0.570838 -1.545087 0.4540603 -0.5532737 -1.420117 0.4216275 -0.5137542 -1.368993 0.4360421 -0.5313184 -1.295147 0.4252311 -0.5181453 -1.119052 0.3964019 -0.4830168 -1.073608 0.4000055 -0.4874078 -0.9656795 0.3819872 -0.4654526 -0.789585 0.3964018 -0.4830168 -0.6305319 0.4432493 -0.5401006 -0.4771593 0.4612675 -0.562056 -0.3578695 0.4792857 -0.5840113 -0.1988162 0.464871 -0.5664471 0.8918335 0.475682 -0.5796203 0.9429577 0.4072125 -0.4961901 1.306508 0.2918956 -0.3556762 1.596212 0.1693714 -0.2063801 1.777987 0.1621641 -0.1975979 1.919998 0.2162189 -0.2634639 1.931359 0.1621641 -0.1975979 1.971122 0.1873897 -0.2283354 1.982483 0.194597 -0.2371175 2.18698 0.172975 -0.2107712 2.260826 0.01081067 -0.01317334 2.260826 0 0 0.05680453 -0.02409994 0.02410036 -2.289229 0.056234 -0.0562334 -2.323312 0.1887851 -0.1887845 -2.311951 0.3856034 -0.3856027 -2.30059 0.4619207 -0.4619199 -2.238105 0.5020877 -0.5020869 -2.107454 0.5181545 -0.5181537 -1.897276 0.5141378 -0.5141371 -1.755265 0.4940543 -0.4940536 -1.738223 0.5221711 -0.5221706 -1.545087 0.5061043 -0.5061038 -1.420117 0.469954 -0.4699535 -1.368993 0.4860208 -0.4860203 -1.295147 0.4739707 -0.4739702 -1.119052 0.4418371 -0.4418366 -1.073608 0.4458538 -0.4458533 -0.9656795 0.4257703 -0.4257698 -0.789585 0.4418371 -0.4418367 -0.6305319 0.4940541 -0.4940537 -0.4771593 0.5141377 -0.5141372 -0.3578695 0.5342211 -0.5342207 -0.1988162 0.5181542 -0.518154 0.8918335 0.5302042 -0.5302041 0.9429577 0.4538869 -0.4538869 1.306508 0.3253525 -0.3253526 1.596212 0.1887847 -0.1887848 1.777987 0.1807513 -0.1807515 1.919998 0.2410018 -0.241002 1.931359 0.1807513 -0.1807515 1.971122 0.2088682 -0.2088684 1.982483 0.2169016 -0.2169018 2.18698 0.1928014 -0.1928016 2.260826 0.01204985 -0.01205027 2.260826 0 0 0.05680453 -0.02634602 0.02162212 -2.289229 0.06147491 -0.05045086 -2.323312 0.2063801 -0.1693713 -2.311951 0.4215422 -0.3459503 -2.30059 0.5049724 -0.4144196 -2.238105 0.548883 -0.4504562 -2.107454 0.5664473 -0.4648708 -1.897276 0.5620563 -0.4612672 -1.755265 0.5401009 -0.4432489 -1.738223 0.5708383 -0.4684745 -1.545087 0.5532741 -0.4540599 -1.420117 0.5137545 -0.4216271 -1.368993 0.5313188 -0.4360417 -1.295147 0.5181456 -0.4252308 -1.119052 0.483017 -0.3964015 -1.073608 0.4874081 -0.4000052 -0.9656795 0.4654527 -0.3819869 -0.789585 0.483017 -0.3964016 -0.6305319 0.5401008 -0.4432491 -0.4771593 0.5620561 -0.4612673 -0.3578695 0.5840114 -0.4792855 -0.1988162 0.5664471 -0.4648711 0.8918335 0.5796203 -0.475682 0.9429577 0.49619 -0.4072127 1.306508 0.3556759 -0.2918959 1.596212 0.2063798 -0.1693717 1.777987 0.1975976 -0.1621645 1.919998 0.2634636 -0.2162193 1.931359 0.1975976 -0.1621645 1.971122 0.2283351 -0.18739 1.982483 0.2371172 -0.1945974 2.18698 0.2107708 -0.1729754 2.260826 0.01317298 -0.01081115 2.260826 0 0 0.05680453 -0.02833861 0.01893562 -2.289229 0.06612408 -0.0441823 -2.323312 0.2219876 -0.1483269 -2.311951 0.4534214 -0.3029661 -2.30059 0.543161 -0.3629283 -2.238105 0.5903924 -0.3944873 -2.107454 0.6092849 -0.4071109 -1.897276 0.6045618 -0.4039551 -1.755265 0.5809461 -0.3881756 -1.738223 0.6140081 -0.4102669 -1.545087 0.5951155 -0.3976433 -1.420117 0.5526072 -0.3692402 -1.368993 0.5714998 -0.3818638 -1.295147 0.5573304 -0.3723961 -1.119052 0.5195453 -0.3471489 -1.073608 0.5242684 -0.3503048 -0.9656795 0.5006527 -0.3345254 -0.789585 0.5195453 -0.347149 -0.6305319 0.580946 -0.3881757 -0.4771593 0.6045616 -0.4039552 -0.3578695 0.6281774 -0.4197347 -0.1988162 0.6092847 -0.4071112 0.8918335 0.6234541 -0.416579 0.9429577 0.5337144 -0.3566169 1.306508 0.382574 -0.2556281 1.596212 0.2219873 -0.1483275 1.777987 0.2125411 -0.1420156 1.919998 0.2833881 -0.1893542 1.931359 0.2125411 -0.1420156 1.971122 0.245603 -0.164107 1.982483 0.2550493 -0.1704187 2.18698 0.2267104 -0.1514834 2.260826 0.01416909 -0.009467899 2.260826 0 0 0.05680453 -0.0300582 0.01606673 -2.289229 0.0701363 -0.03748822 -2.323312 0.2354573 -0.1258541 -2.311951 0.4809339 -0.2570641 -2.30059 0.5761188 -0.3079414 -2.238105 0.6262161 -0.334719 -2.107454 0.646255 -0.34543 -1.897276 0.6412453 -0.3427523 -1.755265 0.6161966 -0.3293635 -1.738223 0.6512647 -0.3481078 -1.545087 0.6312258 -0.3373968 -1.420117 0.5861382 -0.313297 -1.368993 0.6061771 -0.3240081 -1.295147 0.591148 -0.3159748 -1.119052 0.5510701 -0.2945528 -1.073608 0.5560798 -0.2972306 -0.9656795 0.5310312 -0.2838418 -0.789585 0.5510701 -0.2945528 -0.6305319 0.6161966 -0.3293637 -0.4771593 0.6412451 -0.3427525 -0.3578695 0.6662937 -0.3561412 -0.1988162 0.6462548 -0.3454303 0.8918335 0.6612839 -0.3534636 0.9429577 0.5660991 -0.3025863 1.306508 0.4057878 -0.2168982 1.596212 0.2354571 -0.1258546 1.777987 0.2254376 -0.1204991 1.919998 0.3005836 -0.1606654 1.931359 0.2254376 -0.1204991 1.971122 0.2605057 -0.1392434 1.982483 0.2705251 -0.1445989 2.18698 0.2404667 -0.1285324 2.260826 0.01502901 -0.008033514 2.260826 0 0 0.05680453 -0.03148818 0.01304304 -2.289229 0.07347309 -0.03043305 -2.323312 0.2466593 -0.1021693 -2.311951 0.5038148 -0.2086865 -2.30059 0.6035282 -0.2499892 -2.238105 0.6560088 -0.2717274 -2.107454 0.6770011 -0.2804228 -1.897276 0.6717531 -0.278249 -1.755265 0.6455127 -0.2673798 -1.738223 0.6822491 -0.2825967 -1.545087 0.6612569 -0.2739014 -1.420117 0.6140243 -0.254337 -1.368993 0.6350166 -0.2630323 -1.295147 0.6192724 -0.2565108 -1.119052 0.5772878 -0.2391203 -1.073608 0.5825358 -0.241294 -0.9656795 0.5562955 -0.230425 -0.789585 0.5772878 -0.2391203 -0.6305319 0.6455127 -0.26738 -0.4771593 0.6717529 -0.2782492 -0.3578695 0.6979933 -0.2891182 -0.1988162 0.6770009 -0.2804231 0.8918335 0.6927452 -0.2869446 0.9429577 0.5930318 -0.245642 1.306508 0.4250935 -0.1760797 1.596212 0.2466592 -0.1021698 1.777987 0.236163 -0.09782218 1.919998 0.3148841 -0.1304295 1.931359 0.236163 -0.09782218 1.971122 0.2728995 -0.113039 1.982483 0.2833957 -0.1173866 2.18698 0.2519072 -0.1043437 2.260826 0.01574409 -0.006521642 2.260826 0 0 0.05680453 -0.03261512 0.009893953 -2.289229 0.07610225 -0.02308487 -2.323312 0.255486 -0.0775004 -2.311951 0.5218437 -0.158299 -2.30059 0.6251252 -0.1896291 -2.238105 0.6794839 -0.2061187 -2.107454 0.7012274 -0.2127145 -1.897276 0.6957916 -0.2110656 -1.755265 0.6686123 -0.2028208 -1.738223 0.7066633 -0.2143635 -1.545087 0.6849198 -0.2077677 -1.420117 0.635997 -0.1929271 -1.368993 0.6577405 -0.199523 -1.295147 0.6414329 -0.1945762 -1.119052 0.5979459 -0.1813845 -1.073608 0.6033818 -0.1830335 -0.9656795 0.5762024 -0.1747888 -0.789585 0.5979459 -0.1813846 -0.6305319 0.6686122 -0.202821 -0.4771593 0.6957915 -0.2110658 -0.3578695 0.7229709 -0.2193105 -0.1988162 0.7012273 -0.2127149 0.8918335 0.7175349 -0.2176617 0.9429577 0.6142534 -0.1863316 1.306508 0.4403055 -0.1335653 1.596212 0.2554859 -0.07750093 1.777987 0.2446141 -0.07420307 1.919998 0.3261522 -0.09893733 1.931359 0.2446141 -0.07420307 1.971122 0.2826652 -0.08574569 1.982483 0.2935369 -0.08904367 2.18698 0.2609217 -0.07914996 2.260826 0.01630753 -0.004947066 2.260826 0 0 0.05680453 -0.03342783 0.006649494 -2.289229 0.07799851 -0.01551455 -2.323312 0.2618522 -0.05208528 -2.311951 0.5348469 -0.1063873 -2.30059 0.640702 -0.1274431 -2.238105 0.6964152 -0.1385252 -2.107454 0.7187005 -0.1429581 -1.897276 0.7131292 -0.1418499 -1.755265 0.6852726 -0.1363089 -1.738223 0.7242718 -0.1440663 -1.545087 0.7019866 -0.1396335 -1.420117 0.6518447 -0.1296597 -1.368993 0.67413 -0.1340925 -1.295147 0.657416 -0.130768 -1.119052 0.6128454 -0.1219023 -1.073608 0.6184167 -0.1230105 -0.9656795 0.5905601 -0.1174695 -0.789585 0.6128454 -0.1219024 -0.6305319 0.6852725 -0.136309 -0.4771593 0.7131291 -0.1418501 -0.3578695 0.7409857 -0.1473911 -0.1988162 0.7187004 -0.1429584 0.8918335 0.7354144 -0.146283 0.9429577 0.6295592 -0.1252272 1.306508 0.451277 -0.08976471 1.596212 0.261852 -0.05208569 1.777987 0.2507094 -0.04986929 1.919998 0.3342792 -0.06649249 1.931359 0.2507094 -0.04986929 1.971122 0.2897086 -0.05762684 1.982483 0.3008513 -0.0598433 2.18698 0.2674233 -0.05319392 2.260826 0.01671373 -0.003324866 2.260826 0 0 0.05680453 -0.03391849 0.00334084 -2.289229 0.07914364 -0.007794559 -2.323312 0.2656965 -0.0261684 -2.311951 0.5426992 -0.05345064 -2.30059 0.6501084 -0.06402951 -2.238105 0.7066396 -0.06959736 -2.107454 0.7292521 -0.07182449 -1.897276 0.723599 -0.07126772 -1.755265 0.6953334 -0.06848382 -1.738223 0.7349053 -0.07238131 -1.545087 0.7122927 -0.07015424 -1.420117 0.6614147 -0.06514322 -1.368993 0.6840272 -0.06737035 -1.295147 0.6670679 -0.06570005 -1.119052 0.6218429 -0.06124567 -1.073608 0.627496 -0.06180244 -0.9656795 0.5992304 -0.05901867 -0.789585 0.6218429 -0.06124573 -0.6305319 0.6953334 -0.068484 -0.4771593 0.723599 -0.07126796 -0.3578695 0.7518646 -0.07405185 -0.1988162 0.7292521 -0.0718249 0.8918335 0.7462114 -0.0734952 0.9429577 0.6388022 -0.06291645 1.306508 0.4579024 -0.04509937 1.596212 0.2656965 -0.02616894 1.777987 0.2543902 -0.02505528 1.919998 0.339187 -0.03340709 1.931359 0.2543902 -0.02505528 1.971122 0.293962 -0.02895271 1.982483 0.3052683 -0.03006643 2.18698 0.2713496 -0.02672564 2.260826 0.01695919 -0.001670539 2.260826 0.3400076 0.01670312 1.931359 -0.2918354 -0.04328942 1.982483 -0.2861871 -0.07168585 1.982483 -0.2777825 -0.09939187 1.982483 -0.2460834 -0.1825076 2.18698 -0.2270097 -0.2057492 2.18698 -0.2057496 -0.2270092 2.18698 -0.1825081 -0.2460831 2.18698 -0.1575089 -0.2627872 2.18698 -0.1309927 -0.2769604 2.18698 -0.103215 -0.2884663 2.18698 -0.07444351 -0.2971941 2.18698 -0.04495477 -0.3030598 2.18698 -0.01503336 -0.3060068 2.18698 0.01503276 -0.3060069 2.18698 0.04495429 -0.3030598 2.18698 0.07444304 -0.2971942 2.18698 0.1032147 -0.2884665 2.18698 0.1757481 -0.2369693 1.982483 0.1981289 -0.2186019 1.982483 0.2186016 -0.1981292 1.982483 0.2734258 -0.2027867 1.931359 0.2369689 -0.1757485 1.982483 0.2919858 -0.1750098 1.931359 0.2530543 -0.1516752 1.982483 0.3077338 -0.1455475 1.931359 0.2667026 -0.1261411 1.982483 0.3205181 -0.1146834 1.931359 0.2777824 -0.09939235 1.982483 0.3302157 -0.08271491 1.931359 0.3367331 -0.04994976 1.931359 0.3400076 -0.01670366 1.931359 0.7187004 -0.1429584 0.8918335 0.6626185 -0.08484554 1.041994</float_array>
          <technique_common>
            <accessor source="#Plane-mesh-positions-array" count="2210" stride="3">
              <param name="X" type="float"/>
              <param name="Y" type="float"/>
              <param name="Z" type="float"/>
            </accessor>
          </technique_common>
        </source>
        <source id="Plane-mesh-normals">
          <float_array id="Plane-mesh-normals-array" count="6624">-0.8129969 7.20077e-6 -0.5822682 4.52419e-4 2.22328e-5 -1 4.52419e-4 -2.22407e-5 -1 -0.8090811 -0.07967704 -0.5822709 4.48065e-4 6.64471e-5 -1 -0.7973811 -0.1585845 -0.5822666 -4.39392e-4 -1.10054e-4 1 -0.7779877 -0.2359986 -0.5822712 4.26484e-4 1.52605e-4 -1 -0.7511023 -0.3111125 -0.5822839 4.09482e-4 1.93653e-4 -1 -0.7169826 -0.3832444 -0.5822884 -3.88518e-4 -2.32876e-4 1 -0.6759753 -0.4516711 -0.5822806 -3.63832e-4 -2.69822e-4 1 -0.628481 -0.515742 -0.582256 3.35625e-4 3.04193e-4 -1 -0.5748887 -0.5748672 -0.5822634 3.04192e-4 3.35625e-4 -1 -0.5157718 -0.6284428 -0.5822708 -2.69839e-4 -3.63819e-4 1 -0.4516993 -0.6759683 -0.5822669 -2.32875e-4 -3.88519e-4 1 -0.3832629 -0.7169919 -0.5822648 1.93663e-4 4.09478e-4 -1 -0.3111207 -0.7511035 -0.5822778 1.52612e-4 4.26482e-4 -1 -0.2360094 -0.7779839 -0.5822721 1.10064e-4 4.3939e-4 -1 -0.1586326 -0.797371 -0.5822675 6.64547e-5 4.48064e-4 -1 -0.07966697 -0.8090764 -0.5822787 2.22407e-5 4.52419e-4 -1 4.0052e-5 -0.8129959 -0.5822695 -2.2232e-5 4.52419e-4 -1 0.07975149 -0.8090725 -0.5822726 -6.64471e-5 4.48065e-4 -1 0.158618 -0.7973732 -0.5822683 1.10054e-4 -4.39392e-4 1 0.2359752 -0.7779923 -0.5822747 -1.52605e-4 4.26485e-4 -1 0.3111081 -0.7511087 -0.5822778 -1.93654e-4 4.09482e-4 -1 0.3831951 -0.7170134 -0.5822829 2.32876e-4 -3.88518e-4 1 0.4516481 -0.6759868 -0.582285 2.69822e-4 -3.63832e-4 1 0.5157625 -0.6284559 -0.5822649 3.04193e-4 -3.35625e-4 1 0.5748893 -0.5748666 -0.5822634 -3.35626e-4 3.04192e-4 -1 0.6284685 -0.5157535 -0.5822593 3.63819e-4 -2.69838e-4 1 0.6759887 -0.4516793 -0.5822587 3.88518e-4 -2.32875e-4 1 0.7170047 -0.3832399 -0.5822641 4.09478e-4 -1.93663e-4 1 0.7511091 -0.3111246 -0.5822685 -4.26481e-4 1.52615e-4 -1 0.7779923 -0.2360118 -0.5822597 -4.3939e-4 1.10062e-4 -1 0.7973782 -0.158599 -0.5822668 4.48064e-4 -6.64551e-5 1 0.8090763 -0.07969224 -0.5822755 -4.52419e-4 2.22406e-5 -1 0.8129952 -7.15549e-6 -0.5822705 -4.52419e-4 -2.22328e-5 -1 0.8090798 0.07967722 -0.5822727 -4.48065e-4 -6.64471e-5 -1 0.7973867 0.1585832 -0.5822593 4.39392e-4 1.10054e-4 1 0.7779933 0.2359969 -0.5822644 -4.26484e-4 -1.52605e-4 -1 0.7511023 0.3111125 -0.5822839 -4.09482e-4 -1.93653e-4 -1 0.7169826 0.3832444 -0.5822884 -3.88518e-4 -2.32876e-4 -1 0.6759753 0.4516711 -0.5822806 -3.63832e-4 -2.69822e-4 -1 0.6284649 0.5157485 -0.5822674 -3.35625e-4 -3.04193e-4 -1 0.5748721 0.5748736 -0.5822736 -3.04192e-4 -3.35625e-4 -1 0.5157718 0.6284428 -0.5822708 2.69839e-4 3.63819e-4 1 0.4516993 0.6759683 -0.5822669 2.32875e-4 3.88519e-4 1 0.383284 0.7169862 -0.5822579 -1.93663e-4 -4.09478e-4 -1 0.3111417 0.7510992 -0.5822723 -1.52612e-4 -4.26482e-4 -1 0.2360094 0.7779839 -0.5822721 -1.10064e-4 -4.3939e-4 -1 0.1586326 0.797371 -0.5822675 -6.64547e-5 -4.48064e-4 -1 0.07966697 0.8090764 -0.5822787 -2.22407e-5 -4.52419e-4 -1 -4.00399e-5 0.8129959 -0.5822695 2.2232e-5 -4.52419e-4 -1 -0.07975143 0.8090725 -0.5822726 6.64471e-5 -4.48065e-4 -1 -0.158618 0.7973734 -0.5822682 -1.10054e-4 4.39392e-4 1 -0.2359806 0.7779914 -0.5822736 1.52612e-4 -4.26482e-4 -1 -0.3111076 0.7511068 -0.5822806 1.93647e-4 -4.09485e-4 -1 -0.3831912 0.717017 -0.5822811 2.32876e-4 -3.88518e-4 -1 -0.4516481 0.6759868 -0.582285 -2.69822e-4 3.63832e-4 1 -0.5157623 0.6284558 -0.582265 -3.04193e-4 3.35625e-4 1 -0.5748894 0.5748667 -0.5822634 3.35626e-4 -3.04192e-4 -1 -0.6284685 0.5157535 -0.5822593 -3.63819e-4 2.69838e-4 1 -0.6759814 0.4516822 -0.5822648 -3.88518e-4 2.32875e-4 1 -0.7169982 0.3832426 -0.5822704 -4.09478e-4 1.93663e-4 1 -0.7511032 0.3111252 -0.5822759 4.26482e-4 -1.52612e-4 -1 -0.7779864 0.2360129 -0.5822672 4.3939e-4 -1.10064e-4 -1 -0.7973788 0.1586006 -0.5822654 -4.48064e-4 6.64551e-5 1 -0.8090766 0.07969224 -0.5822751 0.109278 0.01076304 0.9939531 0.1076967 0.02142226 0.9939531 0.1050769 0.03187471 0.9939532 0.1014397 0.04202091 0.9939539 0.09683239 0.05176186 0.9939538 0.09129536 0.06100463 0.9939535 0.08487743 0.0696597 0.9939534 0.07764726 0.07764375 0.9939529 0.06965273 0.08487993 0.9939537 0.06100511 0.09129852 0.9939533 0.05176115 0.09683841 0.9939534 0.04200989 0.1014471 0.9939536 0.031883 0.1050759 0.9939531 0.02143669 0.1076942 0.9939531 0.01076632 0.1092755 0.9939533 -9.5578e-6 0.1098044 0.9939533 -0.01077699 0.1092751 0.9939532 -0.02143007 0.1076945 0.9939531 -0.03187978 0.1050756 0.9939532 -0.04202413 0.1014458 0.9939531 -0.05174219 0.09683865 0.9939543 -0.06098228 0.09129887 0.9939547 -0.06965386 0.08487957 0.9939537 -0.07764899 0.07764327 0.9939528 -0.08488875 0.06965905 0.9939525 -0.09129953 0.06100374 0.9939533 -0.0968461 0.05176049 0.9939526 -0.1014502 0.04201948 0.9939528 -0.1050804 0.031874 0.9939528 -0.1076982 0.02142137 0.9939528 -0.1092759 0.01076227 0.9939533 -0.1098033 -3.599e-7 0.9939534 -0.1092756 -0.01076304 0.9939533 -0.1076967 -0.02142214 0.9939531 -0.1050803 -0.03187465 0.9939528 -0.1014411 -0.04202109 0.9939537 -0.09683239 -0.05176186 0.9939538 -0.09129536 -0.06100463 0.9939535 -0.08488172 -0.06965976 0.9939531 -0.07764959 -0.07764345 0.9939528 -0.06966006 -0.08488035 0.9939532 -0.06101566 -0.09129846 0.9939526 -0.05177336 -0.09683835 0.9939526 -0.04201823 -0.101446 0.9939534 -0.03187835 -0.1050764 0.9939531 -0.02143669 -0.1076942 0.9939531 -0.01076632 -0.1092755 0.9939533 9.556e-6 -0.1098044 0.9939533 0.01077699 -0.1092751 0.9939532 0.02143001 -0.1076946 0.9939531 0.03187972 -0.1050754 0.9939532 0.04202437 -0.101446 0.9939531 0.05175191 -0.09683859 0.9939538 0.06099253 -0.09129875 0.993954 0.0696538 -0.08487999 0.9939536 0.07764852 -0.07764273 0.9939529 0.08488923 -0.06965899 0.9939525 0.09128904 -0.06100362 0.9939543 0.09683346 -0.05176085 0.9939538 0.1014469 -0.04201954 0.9939532 0.1050788 -0.03187406 0.9939531 0.1076963 -0.02142137 0.9939531 0.1092761 -0.01076227 0.9939532 0.1098036 3.55687e-7 0.9939534 -0.05009126 -0.004933595 0.9987325 -0.04936766 -0.009819746 0.9987325 -0.04816758 -0.01461124 0.9987325 -0.04650491 -0.01926207 0.9987324 -0.04439222 -0.02372735 0.9987325 -0.04185014 -0.02796417 0.9987325 -0.03890866 -0.03193169 0.9987325 -0.03558921 -0.0355916 0.9987325 -0.03193098 -0.03890872 0.9987325 -0.02796727 -0.04185134 0.9987323 -0.02372825 -0.04439073 0.9987325 -0.0192607 -0.04650264 0.9987325 -0.0146113 -0.04816669 0.9987325 -0.00982654 -0.04936695 0.9987325 -0.004937112 -0.05009174 0.9987325 3.89399e-7 -0.05033409 0.9987325 0.004932582 -0.05009174 0.9987325 0.00981909 -0.04936689 0.9987325 0.01461577 -0.04816675 0.9987325 0.0192669 -0.04650253 0.9987323 0.02372854 -0.04439067 0.9987325 0.0279622 -0.04185122 0.9987326 0.0319274 -0.0389086 0.9987326 0.03559386 -0.03559154 0.9987325 0.03891217 -0.03193151 0.9987324 0.04185128 -0.02796405 0.9987325 0.04439073 -0.02372723 0.9987325 0.04650259 -0.01926195 0.9987325 0.04816597 -0.01461124 0.9987325 0.04936647 -0.009819626 0.9987325 0.05009132 -0.004933416 0.9987325 0.05033397 0 0.9987325 0.05009156 0.004933595 0.9987325 0.04936623 0.009819686 0.9987325 0.04816639 0.01461124 0.9987325 0.04650425 0.01926207 0.9987325 0.04439222 0.02372729 0.9987325 0.04185014 0.02796411 0.9987326 0.0389086 0.03193175 0.9987325 0.0355919 0.03559166 0.9987325 0.03193652 0.03890872 0.9987323 0.02796959 0.04185134 0.9987323 0.02372843 0.04439079 0.9987325 0.0192604 0.0465027 0.9987325 0.01461142 0.04816669 0.9987325 0.009822905 0.04936695 0.9987325 0.004933178 0.05009174 0.9987325 -3.82877e-7 0.05033409 0.9987325 -0.004932582 0.05009168 0.9987325 -0.00981909 0.04936695 0.9987325 -0.01461172 0.04816663 0.9987325 -0.01926308 0.04650259 0.9987325 -0.02372813 0.04439061 0.9987325 -0.02796489 0.04185122 0.9987325 -0.03193062 0.03890872 0.9987326 -0.03559374 0.03559142 0.9987325 -0.03891187 0.03193145 0.9987323 -0.04185098 0.02796405 0.9987325 -0.04438805 0.02372723 0.9987326 -0.04650032 0.01926195 0.9987326 -0.0481655 0.01461124 0.9987326 -0.0493654 0.009819626 0.9987325 -0.05009102 0.004933416 0.9987325 -0.05033332 0 0.9987325 -0.284534 -0.02802461 0.9582563 -0.2804179 -0.05577808 0.9582561 -0.2735993 -0.08299541 0.9582563 -0.2641472 -0.1094136 0.9582563 -0.2521507 -0.1347781 0.9582562 -0.2377271 -0.1588442 0.958256 -0.2210125 -0.1813805 0.9582561 -0.2021685 -0.2021706 0.9582562 -0.1813802 -0.221013 0.9582561 -0.1588435 -0.2377274 0.958256 -0.1347773 -0.2521519 0.958256 -0.1094147 -0.2641482 0.9582558 -0.08299595 -0.2736008 0.9582558 -0.05577838 -0.2804182 0.958256 -0.02802497 -0.284535 0.958256 0 -0.285912 0.958256 0.02802538 -0.2845348 0.958256 0.05577856 -0.2804183 0.958256 0.08299446 -0.2736017 0.9582557 0.1347751 -0.252152 0.9582563 0.1588432 -0.2377267 0.9582561 0.1813804 -0.221013 0.958256 0.20217 -0.20217 0.958256 0.2210122 -0.1813806 0.9582561 0.2377259 -0.1588441 0.9582563 0.2521516 -0.1347774 0.9582561 0.2641487 -0.1094136 0.9582558 0.273601 -0.08299589 0.9582558 0.2804184 -0.05577844 0.9582558 0.2845349 -0.02802413 0.958256 0.2859119 1.70611e-7 0.958256 0.2845339 0.02802461 0.9582564 0.2804178 0.05577838 0.9582561 0.2736001 0.08299571 0.9582561 0.264147 0.1094136 0.9582563 0.2521511 0.134778 0.9582562 0.2377269 0.1588439 0.958256 0.221013 0.1813808 0.9582559 0.2021686 0.2021704 0.9582563 0.181381 0.221013 0.9582558 0.1588433 0.2377272 0.9582561 0.1347765 0.252152 0.9582561 0.1094146 0.2641482 0.9582558 0.08299607 0.2736008 0.9582558 0.05577838 0.2804183 0.958256 0.02802467 0.2845351 0.958256 1.56189e-7 0.2859119 0.958256 -0.02802532 0.2845347 0.9582561 -0.0557785 0.2804182 0.958256 -0.08299589 0.2736003 0.958256 -0.1094146 0.2641478 0.958256 -0.1347774 0.2521516 0.9582561 -0.1588446 0.2377269 0.958256 -0.1813812 0.2210123 0.958256 -0.2021703 0.2021701 0.958256 -0.2210128 0.1813805 0.958256 -0.2377266 0.1588438 0.9582562 -0.2521508 0.1347778 0.9582562 -0.2641483 0.1094134 0.958256 -0.2736004 0.08299583 0.958256 -0.280418 0.05577856 0.958256 -0.2845352 0.02802407 0.958256 -0.2859112 -1.38861e-7 0.9582562 -0.7471109 -0.07358515 0.6606138 -0.7363021 -0.14646 0.6606124 -0.7183984 -0.2179242 0.6606155 -0.69358 -0.287291 0.6606139 -0.6620809 -0.3538901 0.660614 -0.6242094 -0.4170827 0.6606095 -0.5308433 -0.5308437 0.6606137 -0.4762552 -0.5803191 0.6606139 -0.4170813 -0.6242057 0.6606138 -0.3538901 -0.6620808 0.660614 -0.2872899 -0.6935804 0.660614 -0.217923 -0.7184001 0.660614 -0.1464574 -0.7363011 0.660614 -0.07358378 -0.7471109 0.6606139 -3.29063e-7 -0.7507259 0.660614 0.07358396 -0.7471107 0.6606141 0.1464597 -0.7363005 0.6606143 0.2179245 -0.7183996 0.6606141 0.2872914 -0.6935798 0.6606139 0.1094108 -0.2641466 0.9582567 0.3538905 -0.6620804 0.6606141 0.4170818 -0.6242051 0.660614 0.4762566 -0.580318 0.6606138 0.5308441 -0.5308429 0.6606137 0.5803192 -0.476255 0.6606139 0.624206 -0.4170809 0.6606138 0.6620813 -0.3538894 0.6606139 0.6935803 -0.2872901 0.660614 0.7184001 -0.2179237 0.6606138 0.7363018 -0.1464584 0.6606131 0.7471115 -0.07358312 0.6606133 0.7507266 2.7747e-7 0.6606131 0.7471113 0.07358515 0.6606133 0.7363008 0.1464604 0.6606138 0.7184006 0.2179247 0.6606129 0.6935808 0.2872907 0.6606133 0.6620811 0.3538902 0.6606137 0.6242054 0.4170814 0.660614 0.580318 0.4762563 0.6606142 0.5308423 0.5308441 0.6606143 0.4762548 0.580319 0.6606143 0.4170813 0.6242054 0.660614 0.3538904 0.6620808 0.6606139 0.2872899 0.6935802 0.6606141 0.2179235 0.7183997 0.6606144 0.1464582 0.7363011 0.660614 0.07358336 0.747112 0.6606127 0 0.7507258 0.660614 -0.07358425 0.7471097 0.6606153 -0.1464599 0.7363007 0.660614 -0.2179254 0.7183994 0.6606141 -0.2872915 0.6935808 0.6606128 -0.3538898 0.6620796 0.6606154 -0.4170837 0.6242094 0.6606086 -0.5308443 0.5308424 0.6606138 -0.5803202 0.4762556 0.6606126 -0.6242052 0.4170796 0.6606153 -0.6620845 0.3538913 0.6606097 -0.7184013 0.2179232 0.6606127 -0.7362995 0.1464581 0.6606157 -0.7471112 0.07358336 0.6606138 -0.750726 -1.81834e-7 0.6606138 -0.9623193 -0.09478056 0.2548689 -0.948396 -0.1886474 0.2548671 -0.8933682 -0.3700473 0.2548691 -0.8527957 -0.4558303 0.254869 -0.8040106 -0.5372232 0.2548691 -0.747482 -0.6134431 0.2548692 -0.5803172 -0.4762525 0.6606175 -0.6837548 -0.6837559 0.2548674 -0.6134415 -0.7474827 0.2548711 -0.5372219 -0.8040113 0.2548695 -0.4558289 -0.8527964 0.2548697 -0.3700454 -0.893369 0.2548695 -0.280698 -0.925338 0.2548692 -0.1886464 -0.9483956 0.2548691 -0.09477967 -0.9623193 0.2548693 0 -0.9669756 0.2548692 0.09478062 -0.9623193 0.2548691 0.1886479 -0.9483953 0.2548692 0.2806982 -0.925338 0.2548689 0.3700457 -0.893369 0.2548689 0.4558297 -0.852796 0.2548694 0.5372227 -0.804011 0.2548692 0.6134431 -0.747482 0.2548692 0.6837561 -0.6837545 0.2548677 0.7474828 -0.6134412 0.2548713 0.8040111 -0.5372225 0.2548694 0.8527963 -0.455829 0.2548695 0.8933691 -0.3700448 0.2548695 0.9253382 -0.2806976 0.2548693 0.9483956 -0.1886466 0.2548691 0.9623194 -0.09477943 0.2548691 0.9669755 1.48378e-7 0.2548694 0.9623192 0.09478062 0.2548692 0.9483954 0.1886477 0.2548691 0.9253381 0.2806979 0.2548691 0.8933691 0.3700469 0.2548671 0.8527949 0.4558309 0.2548706 0.8040105 0.5372235 0.2548689 0.7474828 0.6134429 0.2548674 0.6837543 0.6837549 0.254871 0.6134422 0.7474827 0.2548695 0.5372219 0.8040114 0.2548695 0.4558284 0.8527968 0.2548692 0.3700445 0.8933693 0.2548691 0.280697 0.9253383 0.2548693 0.1886463 0.9483957 0.2548692 0.09478038 0.96232 0.254867 1.43673e-6 0.9669755 0.2548692 -0.1886476 0.9483954 0.2548692 -0.2806987 0.9253377 0.2548692 -0.3700457 0.8933694 0.2548674 -0.537223 0.8040114 0.2548671 -0.4762528 0.5803148 0.6606195 -0.6837561 0.6837544 0.2548677 -0.7474824 0.6134428 0.2548691 -0.8527964 0.4558289 0.2548692 -0.8933692 0.370045 0.254869 -0.6935783 0.2872881 0.6606169 -0.9253384 0.2806988 0.254867 -0.9623193 0.09477907 0.2548696 -0.9669755 -2.97961e-7 0.2548694 -0.9946171 -0.09796208 0.03377109 -0.9802258 -0.1949792 0.03377085 -0.9563941 -0.2901203 0.03377097 -0.9253373 -0.2806982 0.2548713 -0.9233523 -0.3824658 0.03377085 -0.8814182 -0.4711279 0.03377097 -0.8309954 -0.5552533 0.03377079 -0.7725689 -0.6340324 0.03377091 -0.7067027 -0.7067043 0.03376936 -0.5552522 -0.8309961 0.03377121 -0.4711278 -0.8814182 0.03377068 -0.3824649 -0.9233527 0.03377121 -0.2901184 -0.9563947 0.03377133 -0.1949777 -0.9802262 0.03377133 -0.09796035 -0.9946172 0.03377103 2.85182e-7 -0.9994297 0.03377074 0.09796202 -0.9946171 0.03377115 0.1949797 -0.9802258 0.03377133 0.2901204 -0.9563941 0.03377127 0.3824656 -0.9233524 0.03377085 0.4711284 -0.8814179 0.03377079 0.5552536 -0.8309952 0.03377085 0.6340323 -0.772569 0.03377014 0.7067035 -0.7067036 0.03377026 0.8309958 -0.5552527 0.03377085 0.8814184 -0.4711278 0.03377085 0.923353 -0.3824641 0.03377097 0.9563949 -0.2901182 0.03377097 0.9802263 -0.1949771 0.03377109 0.9946172 -0.09796029 0.03377115 0.9994297 0 0.03377091 0.994617 0.09796202 0.03377103 0.9802256 0.1949802 0.03377109 0.956394 0.290121 0.03377127 0.9233525 0.3824656 0.03376996 0.8309953 0.5552535 0.03377115 0.7725698 0.6340314 0.03376996 0.6340298 0.772571 0.03377079 0.5552517 0.8309965 0.03377074 0.471127 0.8814187 0.03377151 0.3824642 0.9233531 0.03377056 0.2901182 0.9563947 0.03377163 0.1949777 0.9802262 0.03377139 0.09796017 0.9946172 0.03377139 -1.40801e-7 0.9994297 0.03377115 -0.09796208 0.994617 0.03377145 -0.09478002 0.9623188 0.2548711 -0.1949799 0.9802258 0.03377121 -0.2901201 0.9563943 0.03377079 -0.3824657 0.9233524 0.03377068 -0.4711285 0.8814179 0.03377103 -0.4558281 0.8527963 0.2548715 -0.5552541 0.8309949 0.03377115 -0.634032 0.7725691 0.03377103 -0.6134427 0.7474816 0.2548714 -0.7067036 0.7067034 0.03376996 -0.8309956 0.5552529 0.03377091 -0.8040102 0.537223 0.2548711 -0.8814185 0.4711274 0.03377085 -0.9233534 0.3824633 0.03377109 -0.956395 0.2901177 0.03377103 -0.9802262 0.1949776 0.03377091 -0.9483948 0.1886473 0.2548713 -0.9946172 0.09795993 0.03377091 -0.9994297 -6.72983e-7 0.03377103 -0.8597827 -0.08468198 -0.50359 -0.8473497 -0.1685482 -0.5035772 -0.8267419 -0.2507899 -0.5035895 -0.7981862 -0.3306202 -0.5035763 -0.7619313 -0.4072592 -0.5035878 -0.7183482 -0.4799858 -0.5035767 -0.6678399 -0.548082 -0.5035832 -0.6109019 -0.6109011 -0.5035861 -0.6340305 -0.7725704 0.03377193 -0.548083 -0.6678395 -0.5035826 -0.4072637 -0.7619369 -0.5035758 -0.330618 -0.7981825 -0.5035836 -0.2507894 -0.8267418 -0.5035898 -0.1685476 -0.8473463 -0.5035833 -0.08468049 -0.8597909 -0.503576 0 -0.8639469 -0.5035831 0.08468228 -0.8597829 -0.5035895 0.1685491 -0.8473499 -0.5035766 0.2507914 -0.8267452 -0.5035833 0.3306179 -0.798183 -0.503583 0.4072629 -0.7619284 -0.5035893 0.4799867 -0.7183483 -0.5035759 0.5480818 -0.6678383 -0.5035856 0.6678404 -0.5480812 -0.5035834 0.7725698 -0.6340311 0.03377181 0.7183464 -0.4799822 -0.5035827 0.7619359 -0.4072635 -0.5035774 0.7981837 -0.3306171 -0.5035822 0.8267424 -0.2507883 -0.5035893 0.847346 -0.168547 -0.5035839 0.8597901 -0.08468109 -0.5035774 0.8639466 0 -0.5035835 0.8597834 0.08468192 -0.5035889 0.8473498 0.1685485 -0.5035769 0.8267424 0.2507897 -0.5035889 0.7981857 0.3306203 -0.503577 0.7619335 0.4072611 -0.503583 0.8814186 0.4711272 0.03377223 0.7183433 0.4799811 -0.5035883 0.6678417 0.5480857 -0.5035768 0.6109011 0.6109013 -0.5035867 0.7067033 0.7067037 0.03377115 0.5480834 0.6678395 -0.5035822 0.4799818 0.7183418 -0.5035897 0.3306165 0.7981811 -0.5035868 0.1685478 0.8473424 -0.5035897 0.08468037 0.8597911 -0.503576 0 0.8639465 -0.5035836 -0.08468228 0.8597831 -0.5035892 -0.1685499 0.8473501 -0.5035762 -0.2507919 0.8267415 -0.5035892 -0.3306192 0.7981826 -0.5035827 -0.4072636 0.7619363 -0.5035768 -0.4799836 0.7183454 -0.5035828 -0.5480826 0.6678395 -0.503583 -0.6109032 0.6109021 -0.5035831 -0.6678404 0.5480814 -0.5035832 -0.7725698 0.6340312 0.03377211 -0.7183439 0.4799795 -0.503589 -0.7619337 0.4072607 -0.503583 -0.7981835 0.3306165 -0.5035831 -0.8267469 0.2507892 -0.5035818 -0.8473476 0.1685466 -0.5035816 -0.8597908 0.08468127 -0.5035762 -0.8639469 1.50276e-7 -0.503583 -0.9082461 -0.08945423 -0.4087628 -0.8733398 -0.2649254 -0.4087691 -0.8048786 -0.4302155 -0.4087607 -0.705479 -0.5789735 -0.4087653 -0.6453333 -0.6453343 -0.4087648 -0.5789737 -0.7054798 -0.4087639 -0.5070392 -0.7588325 -0.4087601 -0.4799845 -0.7183434 -0.5035849 -0.3492516 -0.8431695 -0.408765 -0.2649266 -0.873343 -0.4087615 -0.1780478 -0.8951038 -0.4087644 -9.75192e-7 -0.9126401 -0.4087641 0.08945411 -0.9082466 -0.4087616 0.2649265 -0.8733448 -0.4087576 0.3492495 -0.8431671 -0.4087715 0.4302168 -0.8048776 -0.4087611 0.578973 -0.7054803 -0.4087638 0.6453351 -0.645335 -0.4087609 0.6109027 -0.6109008 -0.5035855 0.7054793 -0.5789738 -0.4087644 0.7588322 -0.5070362 -0.4087639 0.8431696 -0.3492521 -0.4087643 0.8733431 -0.2649262 -0.4087616 0.8951031 -0.1780479 -0.4087659 0.9126399 -7.03312e-7 -0.4087646 0.9082467 0.08945411 -0.4087617 0.8733434 0.2649255 -0.4087614 0.8048791 0.4302167 -0.4087581 0.7588313 0.5070344 -0.4087682 0.6453325 0.6453344 -0.4087659 0.5789731 0.7054799 -0.4087646 0.5070373 0.758833 -0.4087614 0.4072636 0.7619346 -0.5035793 0.4302167 0.8048762 -0.4087642 0.3492504 0.8431696 -0.4087656 0.250792 0.8267511 -0.5035732 0.1780486 0.8951048 -0.4087619 1.09897e-6 0.91264 -0.4087645 -0.08945411 0.9082469 -0.4087612 -0.2649258 0.87334 -0.4087683 -0.3492513 0.8431698 -0.4087643 -0.507035 0.7588326 -0.4087647 -0.5789719 0.7054803 -0.4087654 -0.6453334 0.6453341 -0.4087649 -0.7054818 0.5789751 -0.4087584 -0.7588314 0.5070338 -0.4087687 -0.8048766 0.4302154 -0.4087646 -0.8431692 0.3492526 -0.4087647 -0.873342 0.2649267 -0.4087636 -0.8951042 0.178047 -0.408764 -0.9126396 7.20484e-7 -0.4087653 -0.9951186 -0.09801179 0.01152408 -0.9807203 -0.1950773 0.0115233 -0.8951051 -0.1780481 -0.4087614 -0.9238178 -0.3826589 0.01152384 -0.8431681 -0.3492523 -0.4087669 -0.8818624 -0.4713661 0.01152622 -0.8314141 -0.5555338 0.01152497 -0.7588302 -0.5070358 -0.4087684 -0.7729592 -0.6343513 0.01152378 -0.707059 -0.7070607 0.01152515 -0.6343505 -0.7729597 0.01152515 -0.5555329 -0.8314147 0.01152503 -0.4713639 -0.8818635 0.01152527 -0.4302147 -0.8048759 -0.4087666 -0.3826568 -0.9238187 0.01152539 -0.2902644 -0.9568771 0.01152658 -0.1950761 -0.9807205 0.01152449 -0.09800982 -0.9951187 0.0115264 -0.08945351 -0.9082444 -0.408767 3.56439e-7 -0.9999336 0.01152503 0.09801203 -0.9951185 0.01152408 0.1950784 -0.9807199 0.0115264 0.1780471 -0.8951026 -0.4087671 0.290265 -0.956877 0.01152223 0.4713671 -0.8818618 0.01152515 0.5555347 -0.8314136 0.0115261 0.5070342 -0.7588319 -0.4087673 0.634352 -0.7729584 0.01152384 0.7070608 -0.7070589 0.01152515 0.7729603 -0.6343498 0.01152509 0.8314155 -0.5555317 0.01152628 0.8818637 -0.4713636 0.01152402 0.804874 -0.4302158 -0.4087696 0.9238185 -0.3826574 0.01152634 0.9568769 -0.2902654 0.01152539 0.9807205 -0.1950758 0.01152431 0.9951188 -0.09800887 0.01152634 0.9082435 -0.08945441 -0.4087686 0.9999336 9.90244e-7 0.01152515 0.9951186 0.09801179 0.01152408 0.9807199 0.1950786 0.0115261 0.8951019 0.1780477 -0.4087684 0.9568766 0.2902663 0.01152503 0.9238181 0.3826584 0.01152408 0.8431673 0.3492525 -0.4087684 0.8818623 0.4713662 0.01152205 0.7729579 0.6343528 0.01152491 0.7054773 0.5789734 -0.4087686 0.7070583 0.7070614 0.01152515 0.6343505 0.7729597 0.01152616 0.5555329 0.8314147 0.01152539 0.4713649 0.881863 0.01152443 0.3826562 0.923819 0.01152515 0.2902639 0.9568772 0.01152628 0.2649247 0.873341 -0.408767 0.1950759 0.9807205 0.0115239 0.0980097 0.9951187 0.01152634 0.08945327 0.9082444 -0.4087667 -2.21406e-7 0.9999336 0.01152515 -0.09801203 0.9951186 0.01152414 -0.1950776 0.9807201 0.01152318 -0.1780484 0.8951056 -0.40876 -0.38266 0.9238175 0.01152521 -0.4713667 0.881862 0.01152634 -0.4302141 0.8048757 -0.4087677 -0.555534 0.8314139 0.01152521 -0.6343517 0.7729587 0.01152491 -0.7070605 0.7070592 0.01152497 -0.7729593 0.6343511 0.01152223 -0.8818635 0.471364 0.01152414 -0.9238189 0.3826563 0.01152539 -0.9568772 0.290264 0.01152652 -0.9807203 0.1950767 0.01152515 -0.9951187 0.09800946 0.01152485 -0.9082438 0.08945363 -0.4087678 -0.9999336 -1.26761e-6 0.01152515 -0.8834754 -0.08701449 -0.4603256 -0.8495242 -0.257701 -0.460325 -0.9568768 -0.2902651 0.01152807 -0.820173 -0.3397272 -0.4603281 -0.7381352 -0.4932072 -0.4603294 -0.6862396 -0.5631833 -0.4603257 -0.6277338 -0.6277336 -0.4603269 -0.5631816 -0.6862385 -0.4603295 -0.4932078 -0.7381374 -0.4603251 -0.4184809 -0.7829242 -0.4603297 -0.3397256 -0.820174 -0.4603275 -0.1731906 -0.8706929 -0.460325 0 -0.8877481 -0.4603297 0.08701491 -0.8834757 -0.4603251 0.2577009 -0.8495231 -0.4603269 0.3397275 -0.8201743 -0.4603254 0.3826583 -0.9238181 0.01152706 0.4184821 -0.7829237 -0.4603295 0.5631821 -0.6862409 -0.4603253 0.6277331 -0.6277325 -0.4603295 0.6862407 -0.563183 -0.4603246 0.7829248 -0.4184813 -0.4603282 0.8495219 -0.2576998 -0.4603297 0.8706927 -0.1731903 -0.4603253 0.8877481 -5.31576e-7 -0.4603295 0.8834753 0.08701449 -0.460326 0.8495241 0.257701 -0.4603248 0.8201723 0.3397263 -0.4603298 0.7829243 0.4184833 -0.4603275 0.8314136 0.5555345 0.01152771 0.738136 0.4932077 -0.4603275 0.6862401 0.5631834 -0.460325 0.6277341 0.6277335 -0.4603267 0.4932065 0.7381358 -0.4603291 0.4184811 0.7829253 -0.4603279 0.3397263 0.8201751 -0.4603248 0.1731906 0.8706929 -0.4603248 1.22864e-7 0.8877483 -0.4603295 -0.08701497 0.8834757 -0.460325 -0.2576999 0.8495242 -0.4603253 -0.2902656 0.9568768 0.01152682 -0.3397263 0.8201736 -0.4603273 -0.4932075 0.7381362 -0.4603273 -0.5631821 0.6862399 -0.4603269 -0.6277329 0.6277326 -0.4603294 -0.6862398 0.5631817 -0.4603276 -0.7381368 0.4932083 -0.4603256 -0.8314145 0.5555332 0.01152813 -0.7829238 0.4184815 -0.4603301 -0.8201742 0.3397281 -0.4603251 -0.8706927 0.1731907 -0.460325 -0.8834734 0.08701395 -0.4603297 -0.8877493 3.77372e-7 -0.4603275 -0.9648746 -0.09503358 -0.2449195 -0.8706905 -0.1731917 -0.4603291 -0.9277975 -0.2814437 -0.2449107 -0.895743 -0.3710311 -0.2449089 -0.7829251 -0.4184828 -0.4603265 -0.8550629 -0.4570423 -0.2449083 -0.7494683 -0.615074 -0.2449107 -0.6855716 -0.6855741 -0.2449079 -0.5386503 -0.806148 -0.2449108 -0.3710295 -0.8957439 -0.2449085 -0.2814445 -0.9277979 -0.2449086 -0.2576991 -0.8495236 -0.460327 -0.1891471 -0.9509143 -0.2449197 -0.08701467 -0.883475 -0.4603265 -0.09502965 -0.9648779 -0.2449084 0.09503322 -0.9648748 -0.2449195 0.1731917 -0.8706905 -0.4603288 0.2814437 -0.9278004 -0.2448997 0.3710274 -0.8957393 -0.2449282 0.5386499 -0.8061464 -0.2449173 0.4932075 -0.7381367 -0.4603267 0.6150735 -0.7494688 -0.2449109 0.7494691 -0.6150733 -0.2449102 0.7381361 -0.4932081 -0.4603269 0.8061496 -0.5386489 -0.2449089 0.8550646 -0.4570387 -0.2449087 0.8201738 -0.339727 -0.4603264 0.895745 -0.3710271 -0.2449077 0.950914 -0.1891478 -0.2449198 0.8834749 -0.08701419 -0.4603266 0.964878 -0.09502953 -0.2449077 0.9648746 0.09503352 -0.2449197 0.8706905 0.1731919 -0.4603288 0.9277976 0.2814439 -0.2449103 0.8550631 0.4570416 -0.2449082 0.8061465 0.5386497 -0.2449172 0.7494686 0.6150738 -0.2449104 0.6855722 0.6855734 -0.244908 0.5631824 0.6862398 -0.4603266 0.6150724 0.7494705 -0.2449082 0.4570425 0.8550651 -0.2448999 0.3710263 0.895742 -0.2449198 0.2576992 0.8495225 -0.4603288 0.1891478 0.950914 -0.2449196 0.08701509 0.8834751 -0.4603261 0.09503024 0.9648777 -0.2449088 -0.09503322 0.9648748 -0.2449194 -0.1731916 0.8706904 -0.4603291 -0.2814439 0.9277952 -0.2449194 -0.3710291 0.8957414 -0.2449178 -0.4184826 0.7829251 -0.4603267 -0.4570434 0.8550648 -0.2448993 -0.5386533 0.806147 -0.2449079 -0.615075 0.7494683 -0.244908 -0.749469 0.6150742 -0.2449083 -0.8061479 0.5386507 -0.2449103 -0.8957417 0.3710274 -0.2449194 -0.8495222 0.2576999 -0.4603292 -0.9509144 0.1891469 -0.244919 -0.9695462 -6.76518e-7 -0.2449086 -0.9901726 -0.09752267 0.1002374 -0.9758455 -0.1941074 0.100239 -0.9509174 -0.1891491 -0.2449057 -0.9192262 -0.3807569 0.1002373 -0.8774795 -0.4690221 0.1002398 -0.8272824 -0.5527712 0.1002391 -0.8061488 -0.5386514 -0.244906 -0.703546 -0.7035455 0.1002348 -0.6311982 -0.7691166 0.100242 -0.6150744 -0.7494696 -0.244906 -0.469023 -0.8774793 0.100237 -0.4570412 -0.8550665 -0.2448973 -0.3807566 -0.9192267 0.1002338 -0.288823 -0.9521204 0.1002399 -0.1941083 -0.9758456 0.1002373 -0.09752458 -0.9901725 0.1002374 -1.09387e-6 -0.9949635 0.1002376 1.32237e-6 -0.969549 -0.2448977 0.09752327 -0.9901726 0.1002369 0.1941076 -0.9758455 0.100239 0.1891502 -0.950917 -0.2449067 0.3807557 -0.9192262 0.1002416 0.4570441 -0.8550675 -0.2448884 0.5527721 -0.8272819 0.1002388 0.7035455 -0.703545 0.1002418 0.6855744 -0.6855719 -0.2449063 0.827282 -0.5527723 0.1002373 0.87748 -0.4690223 0.1002344 0.9192262 -0.3807561 0.1002401 0.9521205 -0.2888238 0.1002374 0.9278005 -0.2814447 -0.2448983 0.9758461 -0.1941075 0.1002343 0.9901725 -0.09752327 0.1002396 0.9949637 -1.45443e-6 0.1002373 0.9695492 1.18666e-6 -0.2448967 0.9901727 0.09752255 0.1002371 0.9758456 0.1941074 0.100239 0.9509174 0.1891492 -0.2449056 0.9192264 0.3807556 0.1002399 0.8957463 0.3710312 -0.244897 0.8774802 0.4690214 0.1002371 0.8272823 0.5527715 0.1002389 0.7035454 0.7035456 0.100237 0.6311984 0.7691167 0.1002398 0.552772 0.8272819 0.1002389 0.5386514 0.8061487 -0.2449061 0.3807561 0.9192268 0.1002341 0.2888217 0.9521212 0.100237 0.2814441 0.9278007 -0.244898 0.1941074 0.9758458 0.100237 0.09752422 0.9901722 0.1002398 1.20593e-6 0.9949635 0.1002375 -1.20302e-6 0.969549 -0.2448974 -0.09752321 0.9901727 0.1002372 -0.1941074 0.9758458 0.1002371 -0.1891514 0.950919 -0.244898 -0.2888222 0.952121 0.1002373 -0.3807559 0.9192265 0.1002386 -0.5527722 0.8272819 0.1002377 -0.6311976 0.7691177 0.1002373 -0.7035449 0.7035459 0.100239 -0.6855738 0.6855725 -0.2449062 -0.7691171 0.6311984 0.1002374 -0.8774799 0.4690222 0.1002373 -0.8550664 0.4570413 -0.2448974 -0.9192269 0.3807552 0.1002373 -0.9521207 0.2888223 0.10024 -0.9278013 0.281444 -0.2448966 -0.9758455 0.1941087 0.1002373 -0.9901725 0.09752434 0.1002375 -0.9648808 0.09502977 -0.244897 -0.9949635 1.50559e-6 0.1002376 -0.9018703 -0.0888282 -0.4227759 -0.8888227 -0.1767987 -0.4227725 -0.8672093 -0.2630646 -0.4227827 -0.9521213 -0.2888226 0.1002324 -0.8372517 -0.3467998 -0.422776 -0.7535052 -0.5034777 -0.4227766 -0.7005264 -0.5749092 -0.4227792 -0.7691178 -0.6311981 0.1002354 -0.6408024 -0.6408039 -0.4227799 -0.5034767 -0.7535079 -0.4227732 -0.5527728 -0.8272818 0.1002351 -0.4271948 -0.7992278 -0.422776 -0.3467998 -0.8372483 -0.4227828 -0.1767967 -0.8888213 -0.4227761 -0.08882576 -0.9018691 -0.4227792 9.85353e-7 -0.9062343 -0.4227761 0.08882814 -0.9018703 -0.4227759 0.1767984 -0.8888228 -0.4227723 0.263065 -0.8672091 -0.4227828 0.2888226 -0.9521213 0.1002324 0.4271975 -0.799228 -0.4227731 0.4690223 -0.8774799 0.1002353 0.5034776 -0.7535058 -0.4227758 0.5749077 -0.7005274 -0.4227794 0.6311989 -0.7691174 0.1002318 0.7005295 -0.5749096 -0.4227733 0.7691164 -0.6311996 0.1002353 0.7535061 -0.5034767 -0.4227763 0.7992245 -0.4271942 -0.422783 0.8672137 -0.2630656 -0.4227728 0.8888195 -0.1767975 -0.4227798 0.9062342 1.1012e-6 -0.4227761 0.9018704 0.08882814 -0.4227758 0.8888223 0.1767989 -0.422773 0.8672102 0.2630653 -0.4227804 0.9521213 0.2888226 0.1002322 0.7992275 0.4271982 -0.4227731 0.7535043 0.5034769 -0.4227793 0.7005266 0.5749083 -0.4227799 0.7691174 0.6311988 0.1002326 0.640804 0.6408047 -0.422776 0.5034764 0.7535065 -0.4227761 0.4271959 0.7992272 -0.4227762 0.4690231 0.8774794 0.100236 0.3468003 0.8372498 -0.4227795 0.2630665 0.8672122 -0.4227755 0.1767978 0.8888212 -0.4227758 -8.69504e-7 0.9062341 -0.4227763 -0.08882802 0.9018704 -0.422776 -0.1767982 0.8888227 -0.4227726 -0.2630665 0.8672105 -0.4227789 -0.3468021 0.8372507 -0.4227762 -0.4271964 0.7992269 -0.4227761 -0.4690227 0.8774797 0.1002351 -0.5034779 0.7535071 -0.4227733 -0.5749094 0.7005282 -0.4227759 -0.6408039 0.6408026 -0.4227794 -0.7005301 0.5749089 -0.4227736 -0.7535047 0.5034757 -0.42278 -0.827283 0.5527716 0.1002328 -0.7992255 0.4271962 -0.4227792 -0.8372523 0.3468018 -0.4227731 -0.8888202 0.1767961 -0.4227789 -0.9018719 0.08882528 -0.4227731 -0.906233 -1.24123e-6 -0.4227788 -0.9274614 -0.09134608 -0.3625897 -0.9140386 -0.1818138 -0.362598 -0.8610089 -0.3566403 -0.3625898 -0.8219029 -0.4393159 -0.3625978 -0.7992298 -0.4271975 -0.4227697 -0.7748869 -0.5177633 -0.3625901 -0.6589877 -0.6589875 -0.362589 -0.5912219 -0.7204057 -0.3625912 -0.5749095 -0.7005304 -0.4227722 -0.5177614 -0.7748847 -0.3625978 -0.4393171 -0.8219065 -0.3625885 -0.2705296 -0.8918166 -0.3625977 -0.2630671 -0.8672153 -0.4227688 -0.1818123 -0.914042 -0.36259 -1.24675e-6 -0.9319489 -0.36259 0.09134596 -0.9274613 -0.3625901 0.1818141 -0.9140387 -0.3625976 0.3566402 -0.861009 -0.3625897 0.3468012 -0.8372529 -0.4227724 0.4393164 -0.8219025 -0.3625982 0.5177637 -0.7748861 -0.362591 0.5912228 -0.7204057 -0.3625895 0.6408044 -0.6408052 -0.4227747 0.7204038 -0.5912193 -0.3625991 0.7748876 -0.517762 -0.3625906 0.8610077 -0.3566419 -0.3625911 0.8372532 -0.3468009 -0.4227725 0.8918163 -0.2705299 -0.3625981 0.9140419 -0.1818128 -0.3625902 0.9018709 -0.08882653 -0.4227752 0.9319488 -9.09707e-7 -0.3625901 0.9274611 0.09134632 -0.3625903 0.9140384 0.1818143 -0.3625982 0.8918189 0.2705325 -0.3625898 0.8372516 0.3468012 -0.4227753 0.8219026 0.4393163 -0.3625978 0.7204067 0.5912213 -0.3625904 0.6589879 0.6589866 -0.3625901 0.5912197 0.7204039 -0.3625981 0.5749105 0.7005314 -0.4227691 0.5177621 0.7748882 -0.362589 0.4393167 0.821906 -0.3625898 0.3566402 0.8610087 -0.3625905 0.2705291 0.8918198 -0.3625898 0.1818127 0.914042 -0.36259 0.08882659 0.9018709 -0.422775 1.37836e-6 0.9319489 -0.3625899 -0.09134608 0.9274614 -0.36259 -0.1818141 0.9140385 -0.3625981 -0.3566411 0.8610088 -0.3625895 -0.4393172 0.8219056 -0.36259 -0.5177618 0.7748842 -0.362598 -0.5912232 0.7204046 -0.3625912 -0.7204036 0.5912203 -0.362598 -0.7748878 0.5177625 -0.3625895 -0.8610054 0.3566404 -0.362598 -0.867214 0.263066 -0.4227721 -0.8918196 0.27053 -0.3625898 -0.9274583 0.09134626 -0.3625975 -0.9319519 0 -0.3625819 -0.9937615 -0.09787714 -0.05346173 -0.9793829 -0.1948102 -0.0534622 -0.9555716 -0.28987 -0.05346357 -0.8918219 -0.2705325 -0.3625822 -0.922558 -0.3821372 -0.05346006 -0.8806605 -0.4707217 -0.05346173 -0.8302808 -0.5547754 -0.05346137 -0.771905 -0.633486 -0.0534631 -0.7204092 -0.5912231 -0.3625822 -0.7060945 -0.7060966 -0.05346226 -0.5547757 -0.8302807 -0.05346029 -0.4707232 -0.8806598 -0.05346238 -0.356643 -0.8610107 -0.362583 -0.2898697 -0.9555717 -0.05346345 -0.1948108 -0.9793829 -0.05346024 -0.09787732 -0.9937615 -0.05346161 -0.09134715 -0.9274643 -0.362582 -4.52814e-7 -0.99857 -0.05346137 0.09787797 -0.9937613 -0.05346322 0.1948125 -0.9793825 -0.05346214 0.2898703 -0.9555718 -0.05346029 0.2705329 -0.891822 -0.3625819 0.3821359 -0.9225585 -0.05346208 0.4707217 -0.8806606 -0.05346155 0.6334859 -0.7719053 -0.05346167 0.7060955 -0.7060956 -0.05346387 0.6589903 -0.6589893 -0.362581 0.830281 -0.5547754 -0.05346012 0.8806594 -0.4707238 -0.05346196 0.8219089 -0.4393181 -0.3625814 0.9555717 -0.2898699 -0.05346322 0.9793828 -0.1948112 -0.05346024 0.9937615 -0.0978775 -0.05346179 0.9274644 -0.0913468 -0.362582 0.9985699 -3.5099e-7 -0.05346167 0.9937615 0.09787714 -0.05346179 0.9793827 0.1948108 -0.05346226 0.9555717 0.2898699 -0.05346328 0.9225583 0.3821365 -0.05345982 0.8610112 0.3566423 -0.3625824 0.8806602 0.4707225 -0.05346155 0.8302809 0.5547753 -0.05346155 0.7748896 0.5177646 -0.3625825 0.7719051 0.6334859 -0.05346328 0.7060956 0.7060957 -0.05346012 0.6334865 0.7719047 -0.05346167 0.5547759 0.8302804 -0.05346202 0.4707233 0.8806598 -0.05346173 0.2898675 0.9555726 -0.05346184 0.1948111 0.9793828 -0.05346077 0.09787797 0.9937615 -0.05346155 0.09134697 0.9274646 -0.3625813 5.76199e-7 0.99857 -0.05346137 -0.09787791 0.9937614 -0.05346298 -0.1948126 0.9793825 -0.05346012 -0.2898704 0.9555715 -0.05346328 -0.2705328 0.8918217 -0.3625828 -0.3821358 0.9225586 -0.05346053 -0.4707221 0.8806602 -0.05346322 -0.554776 0.8302806 -0.05346018 -0.7060962 0.7060949 -0.05346149 -0.65899 0.6589889 -0.3625822 -0.7719053 0.6334859 -0.0534597 -0.8302804 0.5547759 -0.05346184 -0.8219078 0.4393185 -0.3625838 -0.9225583 0.3821361 -0.05346322 -0.9555722 0.2898688 -0.05346006 -0.9793828 0.1948108 -0.05346167 -0.9140449 0.1818143 -0.3625819 -0.9937615 0.09787738 -0.05346179 -0.9985699 4.51616e-7 -0.05346161 -0.9951439 -0.09801381 -0.00905019 -0.9807451 -0.1950824 -0.00905019 -0.9569014 -0.2902721 -0.009048759 -0.8818848 -0.471378 -0.009052276 -0.8314357 -0.5555474 -0.009050607 -0.772979 -0.6343671 -0.009048819 -0.7070782 -0.7070776 -0.009050488 -0.6334846 -0.7719063 -0.05346125 -0.6343684 -0.7729779 -0.00905013 -0.4713773 -0.8818852 -0.009050071 -0.3826676 -0.9238418 -0.009050011 -0.3821366 -0.9225582 -0.05346131 -0.2902726 -0.9569012 -0.009048521 -0.09801286 -0.995144 -0.00905025 0 -0.9999591 -0.009050369 0.0980131 -0.995144 -0.009048402 0.1950821 -0.9807453 -0.009050071 0.3826674 -0.9238419 -0.009050488 0.471377 -0.8818854 -0.009050369 0.5555483 -0.8314351 -0.009048998 0.5547756 -0.8302807 -0.05346119 0.6343683 -0.772978 -0.009052157 0.7070778 -0.7070779 -0.00904864 0.7719063 -0.6334846 -0.05346143 0.7729781 -0.6343683 -0.00905013 0.8818856 -0.4713766 -0.00905025 0.9238418 -0.3826676 -0.009050548 0.922558 -0.382137 -0.05346083 0.9569011 -0.2902734 -0.009048819 0.995144 -0.09801274 -0.009050428 0.9999591 0 -0.009050428 0.9951439 0.09801375 -0.00905025 0.9807451 0.1950825 -0.009050071 0.9569014 0.2902722 -0.009048581 0.8818849 0.4713779 -0.009050488 0.8314352 0.5555481 -0.009050369 0.7729787 0.6343675 -0.009048581 0.6343677 0.7729785 -0.009050488 0.5555474 0.8314357 -0.009050548 0.4713772 0.8818854 -0.0090487 0.3826673 0.9238419 -0.009050309 0.3821357 0.9225586 -0.0534628 0.2902721 0.9569014 -0.00905019 0.09801381 0.9951439 -0.009050607 2.59372e-7 0.9999591 -0.00905019 -0.0980131 0.995144 -0.009048342 -0.2902724 0.9569014 -0.00904864 -0.4713768 0.8818856 -0.009048759 -0.6343674 0.7729788 -0.00904864 -0.6334865 0.7719047 -0.0534628 -0.707078 0.7070777 -0.00905013 -0.8314355 0.5555477 -0.009050488 -0.8818858 0.4713764 -0.0090487 -0.8806596 0.4707235 -0.05346107 -0.9238417 0.382668 -0.009050369 -0.9807454 0.195081 -0.009050369 -0.995144 0.0980128 -0.009050428 -0.9999591 2.40248e-7 -0.009050428 -0.9516988 -0.09373456 0.2923753 -0.9379286 -0.1865673 0.2923742 -0.915126 -0.2776017 0.292373 -0.8835092 -0.3659613 0.2923764 -0.9238414 -0.3826686 -0.009050488 -0.7951371 -0.5312947 0.292375 -0.7392328 -0.6066738 0.2923727 -0.6762086 -0.676209 0.2923755 -0.6066726 -0.7392333 0.2923741 -0.5312936 -0.7951387 0.2923728 -0.555548 -0.8314352 -0.00905168 -0.4507978 -0.8433855 0.2923739 -0.3659612 -0.8835101 0.2923737 -0.2776002 -0.9151262 0.2923738 -0.1865653 -0.9379291 0.292374 -0.195082 -0.9807451 -0.009052038 -0.09373289 -0.951699 0.2923755 5.96687e-7 -0.9563045 0.2923726 0.09373402 -0.9516992 0.2923739 0.1865664 -0.9379287 0.2923743 0.2776017 -0.9151254 0.2923745 0.2902721 -0.9569014 -0.009052336 0.3659625 -0.8835095 0.2923742 0.4507989 -0.8433847 0.2923742 0.5312931 -0.7951373 0.2923775 0.6762094 -0.6762083 0.2923752 0.739234 -0.6066717 0.2923743 0.7951392 -0.5312927 0.292373 0.831435 -0.5555484 -0.009052038 0.8433853 -0.4507977 0.292374 0.8835099 -0.3659611 0.2923741 0.9151262 -0.2775999 0.2923739 0.937929 -0.1865652 0.2923739 0.9807453 -0.1950816 -0.009052097 0.9516989 -0.09373307 0.2923755 0.9563045 6.30168e-7 0.2923728 0.9516988 0.09373462 0.2923752 0.937929 0.186567 0.292373 0.9151254 0.2776017 0.2923744 0.8835095 0.3659622 0.2923742 0.9238417 0.3826678 -0.009052217 0.843385 0.4507985 0.2923742 0.7951371 0.5312945 0.2923752 0.7392328 0.6066737 0.2923728 0.676208 0.6762097 0.2923753 0.7070781 0.7070776 -0.009052157 0.6066722 0.7392337 0.292374 0.5312933 0.7951387 0.2923728 0.4507986 0.8433843 0.2923761 0.2775996 0.9151262 0.2923738 0.1865653 0.9379289 0.2923745 0.1950822 0.9807451 -0.009051978 0.09373271 0.9516988 0.2923758 -8.72901e-7 0.9563042 0.2923739 -0.09373468 0.9516991 0.2923741 -0.186567 0.9379289 0.2923732 -0.1950826 0.9807451 -0.009052157 -0.2776018 0.9151255 0.2923742 -0.3659628 0.8835093 0.2923741 -0.3826667 0.9238422 -0.009052276 -0.4507995 0.8433841 0.2923753 -0.5312953 0.7951375 0.2923727 -0.5555478 0.8314355 -0.009052097 -0.6066733 0.7392328 0.2923737 -0.6762095 0.6762088 0.2923739 -0.7392333 0.6066718 0.2923756 -0.7729781 0.6343683 -0.009052217 -0.795139 0.5312928 0.2923731 -0.8433843 0.4507973 0.2923777 -0.9151262 0.2775999 0.2923739 -0.9569013 0.2902724 -0.009052097 -0.9379288 0.1865645 0.2923752 -0.9516997 0.09373313 0.2923728 -0.9563041 0 0.292374 -0.9381771 -0.09240198 0.3335951 -0.924602 -0.1839145 0.3335967 -0.8709554 -0.3607625 0.3335971 -0.8314005 -0.4443946 0.333597 -0.8433857 -0.4507985 0.292372 -0.7838401 -0.5237451 0.3335953 -0.666601 -0.6666014 0.3335952 -0.5980532 -0.7287287 0.3335969 -0.444392 -0.8314017 0.333597 -0.3607607 -0.8709563 0.3335971 -0.2736552 -0.9021231 0.333597 -0.1839144 -0.9246019 0.3335968 -0.09240245 -0.938177 0.333595 0.09240311 -0.9381764 0.3335967 0.1839157 -0.9246017 0.3335967 0.2736566 -0.9021228 0.3335967 0.3607625 -0.8709556 0.333597 0.4443941 -0.8314007 0.333597 0.5237454 -0.7838402 0.333595 0.6066734 -0.7392339 0.2923707 0.6666012 -0.6666012 0.3335952 0.7287287 -0.5980532 0.3335969 0.8314017 -0.4443925 0.3335965 0.8709565 -0.3607605 0.3335966 0.9021232 -0.2736548 0.3335969 0.9246019 -0.1839146 0.3335967 0.9381771 -0.09240245 0.3335952 0.9381771 0.09240192 0.3335951 0.9021226 0.2736573 0.3335967 0.8709554 0.3607627 0.3335971 0.8314006 0.4443942 0.333597 0.7838401 0.5237451 0.333595 0.666601 0.6666012 0.3335956 0.5980534 0.7287284 0.3335972 0.4443917 0.831402 0.333597 0.3607605 0.8709564 0.3335969 0.3659618 0.8835104 0.2923718 0.2736552 0.9021231 0.3335967 0.1839145 0.924602 0.3335966 0.09240216 0.9381771 0.333595 9.73767e-7 0.9427159 0.3335967 -0.09240156 0.9381765 0.3335968 -0.2736571 0.9021225 0.3335968 -0.3607633 0.8709552 0.3335971 -0.4443934 0.8314019 0.333595 -0.5980539 0.7287281 0.3335971 -0.6666013 0.6666002 0.333597 -0.7287297 0.5980531 0.3335949 -0.8314017 0.4443938 0.3335948 -0.8835107 0.3659623 0.2923707 -0.9021234 0.2736542 0.3335967 -0.9246025 0.1839147 0.333595 -0.9427158 -3.95256e-7 0.3335969 -0.9743375 -0.09596383 0.203611 -0.9602395 -0.1910043 0.2036108 -0.9368941 -0.284204 0.2036113 -0.9021223 -0.2736559 0.3335986 -0.904526 -0.3746673 0.2036108 -0.8634462 -0.4615228 0.2036114 -0.8140518 -0.5439321 0.2036114 -0.7568179 -0.6211032 0.2036113 -0.7287288 -0.598052 0.3335988 -0.6922942 -0.6922942 0.203611 -0.6211037 -0.7568175 0.2036111 -0.5439316 -0.8140523 0.2036109 -0.5237444 -0.7838393 0.3335983 -0.4615217 -0.863447 0.2036104 -0.3746662 -0.9045264 0.2036108 -0.2842032 -0.9368944 0.2036112 -0.1910038 -0.9602396 0.203611 -0.09596419 -0.9743375 0.203611 0 -0.9790518 0.2036112 -1.36541e-7 -0.9427152 0.3335986 0.09596371 -0.9743375 0.2036108 0.191004 -0.9602397 0.203611 0.2842038 -0.9368944 0.2036104 0.3746671 -0.9045259 0.2036108 0.4615227 -0.8634462 0.2036113 0.5439327 -0.8140515 0.2036114 0.6211039 -0.7568175 0.2036108 0.5980527 -0.7287283 0.3335987 0.7568175 -0.6211038 0.2036111 0.8140523 -0.5439317 0.2036108 0.7838391 -0.523745 0.3335982 0.8634472 -0.4615212 0.2036108 0.9045264 -0.3746665 0.2036107 0.9602397 -0.191004 0.2036111 0.9743375 -0.09596431 0.2036111 0.9790518 4.32687e-7 0.2036111 0.9427152 -1.32947e-7 0.3335986 0.9743375 0.09596365 0.203611 0.9602395 0.191004 0.2036111 0.9246011 0.1839154 0.3335984 0.9368944 0.2842035 0.203611 0.9045261 0.3746668 0.2036107 0.8634462 0.4615226 0.2036111 0.8140511 0.543933 0.2036117 0.7568175 0.6211038 0.2036111 0.7287288 0.5980521 0.3335986 0.6922951 0.6922935 0.2036106 0.5439318 0.8140522 0.2036109 0.5237441 0.7838394 0.3335986 0.4615217 0.8634468 0.2036106 0.3746659 0.9045263 0.2036115 0.2842029 0.9368945 0.2036111 0.1910035 0.9602396 0.2036114 0.09596395 0.9743375 0.203611 1.80683e-7 0.979052 0.203611 -0.09596371 0.9743375 0.2036109 -0.1910038 0.9602396 0.203611 -0.1839146 0.9246014 0.333598 -0.2842037 0.9368943 0.2036108 -0.3746677 0.9045258 0.2036108 -0.4615226 0.8634464 0.203611 -0.5439324 0.8140518 0.2036111 -0.5237445 0.7838391 0.3335987 -0.6211043 0.7568171 0.2036108 -0.6922942 0.6922942 0.203611 -0.8140521 0.5439317 0.2036111 -0.7838389 0.523745 0.3335982 -0.8634469 0.4615219 0.2036104 -0.9045265 0.374666 0.2036107 -0.8709558 0.3607607 0.3335984 -0.9368945 0.2842028 0.2036112 -0.9602396 0.1910039 0.2036111 -0.9743375 0.09596407 0.2036113 -0.9381758 0.09240233 0.3335986 -0.9790518 -3.69686e-7 0.2036111 -0.9921823 -0.09772211 0.07762068 -0.9778264 -0.1945015 0.07761937 -0.9210923 -0.3815287 0.07761955 -0.828961 -0.5538942 0.07762098 -0.7706779 -0.6324797 0.07762098 -0.7049733 -0.7049736 0.07762086 -0.6324792 -0.7706784 0.07762074 -0.5538933 -0.8289617 0.0776208 -0.4699743 -0.8792607 0.07761949 -0.3815298 -0.9210919 0.07762062 -0.1945012 -0.9778264 0.07762098 -0.09772157 -0.9921823 0.07762068 5.00221e-7 -0.9969829 0.07762086 0.09772217 -0.9921823 0.07762074 0.1945024 -0.9778261 0.07762068 0.2894086 -0.9540534 0.07761949 0.3815277 -0.9210927 0.07762074 0.4699742 -0.8792608 0.07762074 0.6324796 -0.7706781 0.0776208 0.7049738 -0.7049731 0.07762074 0.6922938 -0.6922947 0.2036113 0.7706787 -0.6324789 0.07762074 0.8289614 -0.5538937 0.07761961 0.8792605 -0.4699745 0.07762086 0.921092 -0.3815293 0.0776208 0.9368941 -0.2842037 0.2036117 0.9778264 -0.194501 0.07762086 0.9921823 -0.09772115 0.07762068 0.9969829 9.01115e-7 0.07762086 0.9921823 0.09772205 0.07762068 0.9778262 0.1945021 0.07762068 0.954053 0.2894098 0.07762068 0.9210922 0.3815292 0.07761943 0.8792609 0.4699739 0.07762074 0.7706779 0.6324798 0.07762104 0.7049731 0.7049738 0.07762074 0.6324795 0.7706781 0.07762062 0.6211041 0.7568174 0.203611 0.5538931 0.8289617 0.07762104 0.4699742 0.8792607 0.07761955 0.2894088 0.9540534 0.07761955 0.09772133 0.9921823 0.07762062 -4.03288e-7 0.9969829 0.07762092 -0.09772217 0.9921821 0.0776208 -0.1945021 0.9778262 0.07762074 -0.2894096 0.954053 0.07762086 -0.3815292 0.9210922 0.07761943 -0.4699741 0.8792607 0.07762056 -0.6324795 0.7706781 0.07762068 -0.7049741 0.7049728 0.07762062 -0.7706785 0.6324793 0.07761967 -0.7568176 0.6211038 0.203611 -0.8792605 0.4699748 0.07761955 -0.9210917 0.3815301 0.0776208 -0.9778262 0.1945015 0.07762086 -0.9921823 0.09772151 0.0776205 -0.9969829 -1.28406e-6 0.07762134 -0.9885814 -9.04839e-7 0.1506878 -0.9838212 -0.09689849 0.1506873 -0.9695861 -0.192862 0.1506884 -0.9540533 -0.2894085 0.07762199 -0.9460133 -0.2869695 0.1506898 -0.9133296 -0.378315 0.1506883 -0.8792607 -0.4699739 0.07762205 -0.8718508 -0.4660143 0.150688 -0.8219748 -0.5492274 0.1506885 -0.7641834 -0.6271498 0.1506886 -0.6990324 -0.6990329 0.1506881 -0.6271493 -0.764184 0.1506875 -0.5492257 -0.821976 0.1506878 -0.4660136 -0.8718513 0.1506872 -0.3783144 -0.9133298 0.1506885 -0.2894091 -0.9540531 0.07762205 -0.2869703 -0.9460133 0.1506878 -0.1928622 -0.9695859 0.15069 -0.09689742 -0.983821 0.1506891 4.87776e-7 -0.9885812 0.1506892 0.09689855 -0.983821 0.1506876 0.1928621 -0.9695861 0.1506887 0.2869694 -0.9460136 0.1506881 0.3783131 -0.9133303 0.1506885 0.4660137 -0.8718508 0.15069 0.553894 -0.828961 0.07762235 0.5492268 -0.8219756 0.1506862 0.6271492 -0.7641837 0.1506898 0.6990327 -0.6990326 0.150688 0.7641839 -0.6271491 0.1506879 0.8219758 -0.5492258 0.1506882 0.8718513 -0.4660134 0.1506883 0.9133301 -0.3783136 0.1506881 0.9540532 -0.289409 0.07762205 0.9460138 -0.2869703 0.1506854 0.9695859 -0.1928621 0.1506897 0.983821 -0.0968976 0.1506888 0.9885813 0 0.1506884 0.9838212 0.09689855 0.1506875 0.9695861 0.1928625 0.1506882 0.9460133 0.2869698 0.1506897 0.9133301 0.3783138 0.1506881 0.8718509 0.4660143 0.1506879 0.8289613 0.5538936 0.07762199 0.821975 0.5492271 0.1506879 0.7641829 0.6271505 0.1506885 0.6990319 0.6990334 0.1506877 0.6271488 0.7641843 0.1506877 0.5492259 0.8219761 0.1506858 0.4660142 0.8718509 0.1506882 0.381529 0.921092 0.07762199 0.3783141 0.9133299 0.1506882 0.2869701 0.9460135 0.1506873 0.1945016 0.9778261 0.07762205 0.1928622 0.9695859 0.1506896 0.0968973 0.983821 0.1506893 -3.84708e-7 0.9885813 0.150689 -0.09689861 0.9838212 0.1506876 -0.192862 0.9695861 0.1506883 -0.2869697 0.9460138 0.1506866 -0.3783136 0.9133301 0.1506886 -0.4660138 0.8718507 0.15069 -0.5538937 0.8289611 0.07762199 -0.5492265 0.8219753 0.1506879 -0.6271502 0.7641829 0.1506887 -0.6990326 0.6990327 0.1506875 -0.7641841 0.6271489 0.1506887 -0.8289613 0.5538936 0.07762235 -0.821976 0.5492254 0.1506886 -0.8718516 0.4660133 0.1506863 -0.9133298 0.3783134 0.1506903 -0.9540532 0.2894087 0.07762223 -0.9460136 0.2869702 0.1506864 -0.9695858 0.1928625 0.1506898 -0.9950504 -0.09800386 0.01643341 -0.9806529 -0.1950639 0.01643127 -0.9237546 -0.3826326 0.01643127 -0.8818024 -0.4713326 0.016433 -0.8313577 -0.5554947 0.01643139 -0.7729067 -0.6343069 0.01643151 -0.7070115 -0.7070112 0.01643115 -0.6343086 -0.7729055 0.01643055 -0.5554956 -0.8313572 0.01642853 -0.4713326 -0.8818024 0.01643532 -0.3826315 -0.923755 0.01643121 -0.2902456 -0.9568112 0.01643073 -0.0980041 -0.9950504 0.01643377 -6.67138e-7 -0.999865 0.01643174 0.0980041 -0.9950503 0.01643383 0.1950642 -0.9806529 0.01643157 0.2902448 -0.9568114 0.01643103 0.3826316 -0.923755 0.01643145 0.5554949 -0.8313576 0.0164327 0.7070106 -0.7070121 0.01643329 0.7729055 -0.6343086 0.01643085 0.8313571 -0.5554958 0.016429 0.8818019 -0.4713338 0.01643145 0.9237549 -0.3826318 0.01643377 0.9568112 -0.2902455 0.01643252 0.9950504 -0.09800344 0.01643365 0.999865 -8.41775e-7 0.01643127 0.9950504 0.09800386 0.01643353 0.9806528 0.1950648 0.01643097 0.9237551 0.3826314 0.01643127 0.8818029 0.4713321 0.01643097 0.8313583 0.5554939 0.01643055 0.7729064 0.6343073 0.01643157 0.7070113 0.7070114 0.01643121 0.6343085 0.7729055 0.01643097 0.5554957 0.8313571 0.01643264 0.4713332 0.8818022 0.01643145 0.3826308 0.9237553 0.016429 0.2902446 0.9568114 0.01643228 0.0980044 0.9950503 0.01643198 7.73931e-7 0.999865 0.01643186 -0.09800422 0.9950504 0.01643365 -0.1950646 0.9806528 0.01643067 -0.2902451 0.9568114 0.01642793 -0.3826316 0.9237549 0.01643389 -0.555494 0.8313583 0.01643085 -0.6343077 0.7729061 0.01643168 -0.7070107 0.7070121 0.01643049 -0.7729054 0.6343085 0.01643121 -0.8313576 0.555495 0.01642954 -0.8818022 0.4713332 0.01643502 -0.9568112 0.2902454 0.01643323 -0.9950505 0.09800386 0.01642894 -0.9838211 0.09689736 0.1506886 -0.999865 4.29685e-7 0.016433 -0.9075762 -0.08938777 -0.4102625 -0.8944446 -0.1779152 -0.4102625 -0.8726987 -0.2647296 -0.4102627 -0.9568115 -0.2902446 0.01642704 -0.8425483 -0.3489946 -0.4102624 -0.7582736 -0.5066618 -0.4102624 -0.7049604 -0.5785462 -0.4102624 -0.6448588 -0.6448582 -0.4102624 -0.5785468 -0.7049598 -0.4102625 -0.506663 -0.7582726 -0.4102627 -0.3489949 -0.8425482 -0.4102625 -0.26473 -0.8726987 -0.4102623 -0.1779162 -0.894444 -0.4102632 -0.1950647 -0.9806528 0.01642757 4.91885e-7 -0.9119675 -0.4102625 0.08938759 -0.9075762 -0.4102625 0.1779153 -0.8944441 -0.4102631 0.2647302 -0.8726989 -0.4102617 0.3489948 -0.8425483 -0.4102623 0.429899 -0.8042834 -0.4102621 0.471333 -0.8818023 0.01642972 0.5066629 -0.7582729 -0.4102622 0.5785461 -0.7049605 -0.4102626 0.634307 -0.7729068 0.01642763 0.7049603 -0.5785463 -0.4102625 0.758273 -0.5066622 -0.4102627 0.8042837 -0.4298983 -0.4102622 0.8726983 -0.2647311 -0.4102622 0.8944439 -0.1779167 -0.4102631 0.980653 -0.1950643 0.01642715 0.9119675 -1.31089e-7 -0.4102625 0.9075762 0.08938777 -0.4102626 0.8944446 0.1779151 -0.4102625 0.8726987 0.2647297 -0.4102623 0.9568111 0.2902457 0.01642942 0.8425483 0.3489946 -0.4102624 0.8042836 0.4298983 -0.4102625 0.7582734 0.5066621 -0.4102624 0.7049603 0.5785463 -0.4102623 0.6448586 0.6448583 -0.4102624 0.5785469 0.7049598 -0.4102625 0.5066627 0.7582729 -0.4102623 0.429899 0.8042834 -0.4102624 0.3489945 0.8425479 -0.4102632 0.1779159 0.8944445 -0.4102624 0.1950651 0.9806527 0.01642888 0.08938747 0.9075763 -0.4102624 -3.69215e-7 0.9119675 -0.4102624 -0.08938753 0.9075762 -0.4102625 -0.1779154 0.8944446 -0.4102624 -0.2647312 0.8726983 -0.4102625 -0.4298985 0.8042837 -0.4102622 -0.4713329 0.8818024 0.0164296 -0.5066622 0.7582732 -0.4102624 -0.5785462 0.7049604 -0.4102624 -0.6448582 0.6448587 -0.4102623 -0.7049601 0.5785465 -0.4102626 -0.7582732 0.5066618 -0.4102628 -0.8425481 0.3489951 -0.4102624 -0.9237548 0.3826323 0.01643037 -0.8726988 0.2647293 -0.4102624 -0.8944443 0.1779162 -0.4102625 -0.9806528 0.1950646 0.0164296 -0.907576 0.08938866 -0.4102626 -0.9119676 0 -0.4102624 -0.7703669 -0.07587385 -0.6330703 -0.7592205 -0.1510182 -0.6330702 -0.7407622 -0.2247073 -0.6330702 -0.7151703 -0.2962317 -0.6330705 -0.6826904 -0.3649051 -0.6330705 -0.8042842 -0.4298975 -0.4102622 -0.6436361 -0.4300635 -0.6330704 -0.5983833 -0.49108 -0.6330702 -0.5473671 -0.5473675 -0.6330704 -0.4910799 -0.5983828 -0.6330707 -0.4300644 -0.6436355 -0.6330703 -0.3649068 -0.6826902 -0.6330697 -0.4298993 -0.8042832 -0.4102623 -0.2962334 -0.7151698 -0.6330702 -0.2247072 -0.740762 -0.6330705 -0.1510182 -0.7592206 -0.63307 -0.08938801 -0.9075766 -0.4102615 -1.05366e-6 -0.7740944 -0.6330702 0.0758742 -0.7703667 -0.6330705 0.1510177 -0.759221 -0.6330696 0.2962306 -0.7151708 -0.6330704 0.3649046 -0.682691 -0.6330701 0.4300648 -0.6436358 -0.6330697 0.4910809 -0.5983831 -0.6330697 0.5473666 -0.547368 -0.6330704 0.6448584 -0.6448587 -0.4102621 0.5983818 -0.4910815 -0.6330706 0.6436346 -0.4300651 -0.6330707 0.6826896 -0.3649061 -0.6330707 0.7151699 -0.2962329 -0.6330704 0.8425483 -0.3489953 -0.4102621 0.7407617 -0.2247082 -0.6330706 0.7592202 -0.1510186 -0.6330704 0.9075766 -0.08938884 -0.4102615 0.7740944 -4.54827e-7 -0.6330704 0.770367 0.07587385 -0.6330702 0.7592206 0.151018 -0.6330701 0.7407622 0.2247074 -0.6330703 0.7151702 0.2962319 -0.6330705 0.6826902 0.3649055 -0.6330704 0.6436358 0.4300637 -0.6330705 0.5983837 0.4910792 -0.6330705 0.5473673 0.5473675 -0.6330702 0.4910795 0.5983839 -0.6330701 0.4300639 0.6436361 -0.6330702 0.3649063 0.68269 -0.6330702 0.296233 0.7151698 -0.6330704 0.2647303 0.872699 -0.4102614 0.1510189 0.7592204 -0.6330702 0.07587593 0.7703669 -0.6330701 1.14127e-6 0.7740946 -0.6330701 -0.07587426 0.7703667 -0.6330705 -0.1510174 0.759221 -0.6330698 -0.2247054 0.7407627 -0.6330704 -0.2962313 0.7151707 -0.6330702 -0.3489957 0.842548 -0.4102621 -0.3649049 0.6826907 -0.6330702 -0.4300646 0.6436359 -0.6330698 -0.4910811 0.5983827 -0.6330699 -0.547367 0.5473673 -0.6330707 -0.5983819 0.491081 -0.6330707 -0.6436353 0.4300649 -0.6330701 -0.6826902 0.364906 -0.6330701 -0.8042834 0.4298989 -0.4102622 -0.7151691 0.2962343 -0.6330706 -0.7407616 0.2247092 -0.6330704 -0.7592204 0.1510187 -0.6330701 -0.7703667 0.07587462 -0.6330704 -0.7740943 0 -0.6330704 -0.8949403 -0.08814257 -0.4373933 -0.8819914 -0.1754364 -0.4373937 -0.8605479 -0.2610442 -0.4373937 -0.8308179 -0.3441347 -0.4373934 -0.7930866 -0.4239111 -0.4373937 -0.7477163 -0.4996076 -0.4373931 -0.6951463 -0.5704897 -0.4373936 -0.6358813 -0.6358785 -0.4373941 -0.5704908 -0.6951456 -0.4373934 -0.4996086 -0.7477158 -0.4373928 -0.4239162 -0.7930839 -0.4373933 -0.3441371 -0.8308166 -0.4373942 -0.2610441 -0.8605481 -0.4373933 -0.175441 -0.8819906 -0.4373934 -0.0881468 -0.8949395 -0.437394 -0.0758754 -0.7703667 -0.6330702 -6.15122e-7 -0.8992701 -0.4373937 0.08814269 -0.8949395 -0.4373949 0.2610448 -0.8605476 -0.4373939 0.2247058 -0.7407624 -0.6330706 0.3441362 -0.8308175 -0.4373933 0.4239131 -0.7930854 -0.4373936 0.499607 -0.7477162 -0.4373939 0.5704884 -0.6951469 -0.4373944 0.6358792 -0.6358808 -0.4373937 0.6951466 -0.5704898 -0.4373931 0.7477158 -0.499608 -0.4373934 0.7930846 -0.4239143 -0.437394 0.8308175 -0.3441358 -0.4373935 0.860548 -0.2610443 -0.4373934 0.8819907 -0.1754413 -0.4373931 0.8949398 -0.08814585 -0.4373936 0.7703666 -0.0758745 -0.6330706 0.8992702 0 -0.4373937 0.8949402 0.08814251 -0.4373934 0.8819912 0.1754366 -0.437394 0.8605476 0.2610446 -0.4373943 0.8308182 0.3441345 -0.437393 0.7930869 0.4239103 -0.4373937 0.7477159 0.4996081 -0.4373932 0.6951467 0.5704898 -0.4373927 0.6358821 0.6358777 -0.4373942 0.570492 0.6951444 -0.4373938 0.4996076 0.7477157 -0.4373939 0.4239141 0.793085 -0.4373936 0.3441364 0.8308159 -0.4373958 0.2247073 0.7407622 -0.6330702 0.1754409 0.8819906 -0.4373934 0.08814668 0.8949395 -0.437394 7.26562e-7 0.8992702 -0.4373939 -0.08814275 0.8949395 -0.4373949 -0.2610448 0.8605475 -0.4373941 -0.3441365 0.8308172 -0.4373933 -0.4239132 0.7930855 -0.4373936 -0.499607 0.7477163 -0.4373938 -0.5704902 0.6951454 -0.4373944 -0.6358802 0.6358803 -0.4373929 -0.6951447 0.5704923 -0.4373928 -0.7477149 0.4996089 -0.4373937 -0.7930849 0.423914 -0.4373938 -0.8308172 0.3441368 -0.437393 -0.8605479 0.2610449 -0.4373933 -0.8819909 0.1754406 -0.437393 -0.8949397 0.08814591 -0.4373936 -0.8992702 0 -0.4373936 -0.7655979 -0.0754038 0.6388852 -0.7545261 -0.1500825 0.6388784 -0.73618 -0.2233197 0.6388798 -0.7107478 -0.2944023 0.6388779 -0.6784708 -0.3626462 0.6388781 -0.6396555 -0.4274041 0.6388793 -0.5946831 -0.4880446 0.6388776 -0.5439822 -0.5439825 0.6388791 -0.4880456 -0.594682 0.6388778 -0.4274055 -0.6396553 0.6388785 -0.3626502 -0.6784684 0.6388784 -0.2944034 -0.710747 0.6388782 -0.2233182 -0.7361811 0.638879 -0.1500864 -0.7545251 0.6388787 -0.07540816 -0.765603 0.6388785 4.98606e-7 -0.7693076 0.6388788 0.07540583 -0.7656036 0.6388781 0.1500794 -0.7545257 0.6388797 0.175438 -0.8819918 -0.4373923 0.2233161 -0.7361814 0.6388793 0.2943997 -0.7107486 0.6388781 0.3626459 -0.6784699 0.6388791 0.4274043 -0.6396557 0.638879 0.488044 -0.5946863 0.6388751 0.5439777 -0.5439817 0.6388836 0.5946813 -0.488045 0.6388789 0.6396564 -0.4274041 0.6388782 0.6784685 -0.3626492 0.6388788 0.7107459 -0.2944033 0.6388795 0.7361805 -0.2233194 0.6388793 0.7545254 -0.1500841 0.6388789 0.7656036 -0.075405 0.6388783 0.7693074 2.15527e-7 0.6388788 0.7656035 0.07540434 0.6388784 0.7545249 0.1500842 0.6388796 0.7361807 0.22332 0.6388789 0.7107479 0.2944013 0.6388782 0.6784697 0.3626474 0.6388785 0.6396568 0.4274038 0.6388782 0.5946834 0.488043 0.6388785 0.5439809 0.5439829 0.6388798 0.4880447 0.5946828 0.6388779 0.4274058 0.6396552 0.6388784 0.3626498 0.6784687 0.6388783 0.2944033 0.7107473 0.6388781 0.2233188 0.736181 0.638879 0.261044 0.8605489 -0.4373919 0.1500865 0.7545249 0.638879 0.07540798 0.7656031 0.6388784 -3.92451e-7 0.7693076 0.6388786 -0.07540589 0.7656036 0.6388781 -0.1500793 0.7545258 0.6388795 -0.1754379 0.8819918 -0.4373922 -0.223316 0.7361815 0.6388794 -0.2944002 0.7107483 0.6388783 -0.3626463 0.6784698 0.6388791 -0.4274043 0.6396557 0.638879 -0.4880422 0.5946835 0.6388791 -0.5439826 0.5439827 0.6388786 -0.5946799 0.4880428 0.6388819 -0.6396462 0.4274007 0.6388908 -0.6784598 0.3626456 0.6388902 -0.7107387 0.2943994 0.6388893 -0.7361723 0.2233169 0.6388897 -0.7545164 0.1500823 0.6388899 -0.7655944 0.07540422 0.6388893 -0.7692986 0 0.6388895 -0.9872518 -0.04850029 0.1515969 -0.9843525 -0.09694731 0.1471445 -0.9701102 -0.1929635 0.1471441 -0.9465249 -0.2871222 0.1471453 -0.9138241 -0.3785154 0.1471455 -0.8723236 -0.4662621 0.1471441 -0.8224233 -0.5495165 0.1471444 -0.7646006 -0.6274822 0.1471462 -0.6994161 -0.6994034 0.1471467 -0.6274905 -0.764594 0.1471462 -0.5495142 -0.8224247 0.1471456 -0.4662621 -0.8723235 0.147144 -0.3785176 -0.9138231 0.1471452 -0.2871267 -0.9465231 0.1471468 -0.1929665 -0.9701093 0.1471459 -0.09695696 -0.9843513 0.147146 -8.87264e-6 -0.9891148 0.1471458 0.09694612 -0.9843524 0.1471457 0.1929682 -0.970109 0.1471456 0.2871317 -0.946522 0.1471445 0.37852 -0.913822 0.1471463 0.4662622 -0.872323 0.1471469 0.5495169 -0.8224229 0.1471459 0.6994105 -0.6994238 0.1470759 0.7645939 -0.627491 0.1471436 0.8224174 -0.5495254 0.1471443 0.8723193 -0.4662697 0.1471456 0.9138225 -0.3785191 0.1471456 0.9465237 -0.2871261 0.1471452 0.9701092 -0.1929672 0.1471459 0.9843516 -0.09695291 0.1471468 0.9891149 -1.89631e-6 0.1471453 0.9843527 0.09694737 0.1471432 0.9701103 0.1929628 0.1471439 0.9465251 0.2871213 0.1471447 0.913824 0.3785153 0.1471457 0.872324 0.466261 0.1471449 0.8224243 0.5495149 0.147145 0.7646014 0.6274815 0.1471453 0.6994179 0.6994016 0.1471462 0.6274911 0.7645935 0.1471459 0.5495142 0.8224247 0.1471456 0.4662616 0.8723238 0.147144 0.3785175 0.9138231 0.1471455 0.2871275 0.946523 0.1471465 0.1929664 0.9701094 0.1471458 0.09695672 0.9843514 0.1471455 8.97494e-6 0.9891149 0.1471454 -0.09694617 0.9843524 0.1471458 -0.1929681 0.9701091 0.1471452 -0.2871314 0.9465221 0.1471446 -0.3785206 0.9138219 0.1471462 -0.4662628 0.8723226 0.1471471 -0.5495169 0.8224229 0.1471459 -0.6274827 0.7646001 0.147147 -0.6994056 0.6994141 0.1471453 -0.7939264 0.5888117 0.1515973 -0.8224197 0.5495198 0.1471526 -0.8478165 0.508159 0.1515969 -0.8723194 0.4662683 0.1471492 -0.8935409 0.4226151 0.1515954 -0.9138253 0.3785117 0.1471474 -0.9306625 0.3329956 0.1515966 -0.9465227 0.2871274 0.1471489 -0.9588207 0.2401708 0.1515945 -0.9701088 0.1929664 0.1471498 -0.9777439 0.1450349 0.1515972 -0.9843515 0.09694927 0.14715 -0.9872522 0.04850035 0.1515947 -0.9891144 0 0.1471496 -0.9918743 -0.09768897 0.08150023 -0.9775209 -0.1944376 0.0815283 -0.9537544 -0.2893193 0.08152872 -0.920804 -0.3814091 0.08153039 -0.8789858 -0.4698261 0.08153259 -0.8287027 -0.5537192 0.08153009 -0.7704389 -0.6322793 0.08152902 -0.7047553 -0.7047504 0.08152908 -0.6322837 -0.7704352 0.08152991 -0.5537233 -0.8286998 0.08153057 -0.469833 -0.8789822 0.0815311 -0.3814138 -0.920802 0.08153182 -0.2893232 -0.953753 0.0815311 -0.1944384 -0.9775206 0.08153074 -0.09768843 -0.9918719 0.08153045 0 -0.9966709 0.0815308 0.0976876 -0.9918719 0.0815311 0.1944379 -0.9775207 0.08153116 0.2893176 -0.9537547 0.08153164 0.3814076 -0.9208045 0.0815308 0.4698299 -0.8789839 0.08153057 0.5537278 -0.8286968 0.08153033 0.6322904 -0.7704296 0.08153104 0.6274757 -0.7645925 0.1472162 0.7047575 -0.7047479 0.08153134 0.7704407 -0.6322768 0.08153003 0.8287039 -0.5537171 0.08153092 0.8789866 -0.4698247 0.08153039 0.920804 -0.3814095 0.0815292 0.9537531 -0.2893226 0.08153235 0.9775203 -0.1944413 0.08152812 0.9918716 -0.09769153 0.08153074 0.9966709 -3.09583e-7 0.08153051 0.9918732 0.09768879 0.08151441 0.9775251 0.1944404 0.08147257 0.9537586 0.2893212 0.08147323 0.9208075 0.3814097 0.08148878 0.8789865 0.469825 0.08153086 0.8287018 0.5537204 0.08153009 0.7704367 0.6322819 0.08152884 0.7047531 0.7047524 0.08153092 0.6322833 0.7704353 0.0815314 0.5537231 0.8286999 0.08153057 0.4698326 0.8789824 0.08153086 0.3814115 0.9208028 0.08153182 0.289321 0.9537537 0.0815314 0.1944388 0.9775205 0.08153051 0.09768825 0.9918719 0.08153015 1.25151e-7 0.9966709 0.08153057 -0.09768766 0.9918719 0.0815308 -0.1944379 0.9775207 0.08153122 -0.2893173 0.9537547 0.08153164 -0.3814111 0.9208033 0.08153015 -0.4698274 0.8789851 0.08153116 -0.5537254 0.8286998 0.08151656 -0.6322908 0.7704352 0.08147424 -0.7047586 0.7047535 0.08147293 -0.7704427 0.6322837 0.08145809 -0.7645974 0.6274856 0.1471481 -0.8287082 0.5537254 0.08142995 -0.8789924 0.4698314 0.08143019 -0.9208112 0.3814125 0.08143234 -0.9537613 0.28932 0.08144569 -0.9775235 0.1944421 0.08148741 -0.991875 0.09769225 0.08148717 -0.9966745 7.73945e-7 0.08148682 -0.7881923 1.48642e-6 0.6154291 -0.7843981 -0.0772559 0.6154276 -0.773049 -0.1537683 0.6154272 -0.7542545 -0.2287994 0.6154276 -0.7281956 -0.3016272 0.6154286 -0.6951245 -0.3715502 0.6154286 -0.6553601 -0.4378956 0.6154271 -0.6092821 -0.5000241 0.6154276 -0.5573369 -0.5573375 0.6154271 -0.5000239 -0.6092818 0.6154282 -0.4378994 -0.6553577 0.6154271 -0.3715547 -0.6951237 0.6154268 -0.3016292 -0.728196 0.6154271 -0.2288019 -0.7542539 0.6154273 -0.15377 -0.7730488 0.6154271 -0.07725727 -0.7843984 0.6154271 1.04529e-6 -0.7881935 0.6154275 0.07725846 -0.7843981 0.6154273 0.1537684 -0.7730489 0.6154274 0.2287973 -0.7542548 0.6154279 0.3016258 -0.7281967 0.6154279 0.3715503 -0.6951254 0.6154277 0.437897 -0.6553595 0.6154269 0.5000232 -0.609282 0.6154286 0.5573362 -0.5573376 0.6154278 0.6092804 -0.5000253 0.6154285 0.6553563 -0.4378994 0.6154286 0.6951232 -0.371553 0.6154285 0.728195 -0.3016289 0.6154284 0.7542528 -0.2288016 0.6154289 0.7730491 -0.1537699 0.6154267 0.7843964 -0.07725727 0.6154296 0.7881932 -1.92698e-6 0.6154279 0.7730028 0.1146648 0.6239542 0.7730458 0.1537647 0.6154323 0.7580431 0.1898778 0.6239528 0.7542491 0.228802 0.6154332 0.735778 0.2632663 0.6239564 0.728195 0.3016282 0.6154288 0.6951242 0.3715512 0.6154285 0.6553607 0.4378985 0.6154245 0.6092854 0.5000261 0.6154228 0.5573408 0.5573398 0.6154216 0.5000262 0.6092859 0.6154223 0.4379009 0.6553613 0.6154221 0.371559 0.6951268 0.6154208 0.3016327 0.7281997 0.615421 0.2288032 0.7542577 0.6154223 0.1537714 0.7730528 0.6154215 0.07725751 0.7844022 0.6154222 -8.94055e-7 0.7881976 0.6154222 -0.07725906 0.7844024 0.6154219 -0.1537694 0.7730527 0.6154223 -0.2288023 0.7542584 0.6154216 -0.3016276 0.7281978 0.6154257 -0.3715471 0.6951268 0.615428 -0.4655124 0.6276767 0.6239553 -0.5000231 0.6092807 0.6154299 -0.5247985 0.5790235 0.6239539 -0.5573353 0.5573355 0.6154305 -0.5790227 0.5247973 0.6239555 -0.609279 0.500023 0.6154318 -0.6276729 0.465516 0.6239564 -0.6553532 0.4378999 0.6154315 -0.6702802 0.4017521 0.623955 -0.6951222 0.3715524 0.6154299 -0.7064291 0.3341198 0.6239567 -0.7281912 0.3016303 0.6154322 -0.735781 0.263264 0.6239538 -0.7542545 0.2287985 0.615428 -0.7730475 0.1537695 0.6154288 -0.7843967 0.07725709 0.6154294 -0.9778254 -0.09630608 -0.1859642 -0.9636774 -0.191685 -0.185965 -0.9077644 -0.3760064 -0.185965 -0.8665385 -0.4631718 -0.1859649 -0.8169669 -0.5458776 -0.1859644 -0.694773 -0.6947716 -0.1859648 -0.6233293 -0.7595246 -0.1859651 -0.4631761 -0.8665361 -0.185965 -0.3760101 -0.907763 -0.1859645 -0.2852239 -0.940247 -0.1859651 -0.09630942 -0.9778249 -0.1859651 -2.71143e-6 -0.9825565 -0.185965 0.1916846 -0.9636773 -0.1859654 0.2852185 -0.9402486 -0.1859654 0.3760067 -0.9077643 -0.1859651 0.5458785 -0.8169662 -0.185965 0.6233254 -0.7595279 -0.1859648 0.694771 -0.6947736 -0.1859647 0.759525 -0.623329 -0.1859644 0.8169656 -0.5458795 -0.1859648 0.9077632 -0.3760094 -0.1859649 0.9402475 -0.2852223 -0.1859647 0.9636766 -0.1916887 -0.1859647 0.977825 -0.09630912 -0.1859646 0.9825565 -3.22044e-6 -0.1859645 0.7843961 0.07725572 0.6154303 0.9636778 0.191685 -0.1859628 0.9402487 0.2852197 -0.1859628 0.9077649 0.3760057 -0.185964 0.8169641 0.5458804 -0.1859683 0.7890192 0.5851708 -0.1871467 0.7595292 0.6233229 -0.1859683 0.7278586 0.6596953 -0.1871467 0.6947697 0.6947737 -0.1859694 0.6596949 0.7278591 -0.1871468 0.6233279 0.7595249 -0.1859688 0.5851773 0.7890143 -0.1871469 0.5458812 0.8169635 -0.1859687 0.5050179 0.8425752 -0.1871472 0.4631745 0.8665361 -0.1859692 0.420005 0.8880159 -0.1871465 0.3760085 0.9077628 -0.1859689 0.3309348 0.9249099 -0.187147 0.2852212 0.9402471 -0.1859686 0.2386881 0.9528926 -0.1871463 0.1916902 0.9636756 -0.1859689 0.1441387 0.9716998 -0.1871463 0.09630644 0.9778245 -0.1859685 0.04820501 0.9811486 -0.1871466 3.67146e-6 0.9825557 -0.1859691 -0.04820227 0.9811487 -0.1871467 -0.09630805 0.9778243 -0.1859691 -0.1441333 0.9717004 -0.187147 -0.1916855 0.9636766 -0.1859683 -0.238691 0.952892 -0.1871459 -0.2852184 0.9402478 -0.1859691 -0.3309366 0.9249093 -0.1871464 -0.3760098 0.9077631 -0.1859645 -0.4631739 0.8665374 -0.185965 -0.4378939 0.6553574 0.6154313 -0.6233255 0.7595283 -0.1859627 -0.694771 0.6947742 -0.1859628 -0.7595258 0.6233286 -0.1859627 -0.8169664 0.545879 -0.1859626 -0.866537 0.4631757 -0.1859624 -0.9077634 0.3760102 -0.1859624 -0.9402475 0.285223 -0.1859634 -0.9636765 0.1916903 -0.1859641 -0.9778251 0.096309 -0.1859644 -0.9825566 1.03635e-6 -0.1859644 -0.5480226 -0.05397552 -0.8347203 -0.5400925 -0.107433 -0.8347206 -0.5269599 -0.1598532 -0.8347216 -0.9402484 -0.2852196 -0.1859648 -0.5087565 -0.2107345 -0.8347202 -0.4856499 -0.259586 -0.8347211 -0.457869 -0.3059384 -0.8347203 -0.4256778 -0.3493438 -0.83472 -0.7595269 -0.6233269 -0.1859643 -0.389386 -0.3893851 -0.8347202 -0.3493447 -0.4256768 -0.8347201 -0.3059368 -0.4578686 -0.834721 -0.5458816 -0.8169643 -0.1859648 -0.2595903 -0.4856496 -0.8347199 -0.2107391 -0.5087562 -0.8347193 -0.1598513 -0.5269632 -0.83472 -0.1074321 -0.5400913 -0.8347214 -0.1916883 -0.9636766 -0.1859648 -0.0539751 -0.5480248 -0.8347188 -3.1125e-7 -0.550674 -0.8347204 0.05397284 -0.5480239 -0.8347197 0.09630757 -0.9778252 -0.1859647 0.1074318 -0.5400951 -0.834719 0.1598591 -0.52696 -0.8347205 0.2107386 -0.5087565 -0.8347192 0.2595867 -0.4856503 -0.8347206 0.4631745 -0.8665372 -0.1859644 0.305943 -0.4578691 -0.8347185 0.3493463 -0.4256764 -0.8347197 0.3893837 -0.3893852 -0.8347213 0.4256783 -0.3493444 -0.8347194 0.4578695 -0.3059372 -0.8347204 0.4856489 -0.2595867 -0.8347216 0.8665363 -0.463176 -0.1859645 0.5087542 -0.2107356 -0.8347213 0.5269612 -0.1598522 -0.834721 0.5400916 -0.1074312 -0.8347213 0.5480241 -0.05397456 -0.8347193 0.5506737 3.96524e-7 -0.8347207 0.5480239 0.05397534 -0.8347195 0.9778255 0.09630668 -0.1859635 0.5400944 0.107433 -0.8347193 0.5269603 0.1598532 -0.8347214 0.5087566 0.2107346 -0.8347203 0.4856499 0.259586 -0.8347211 0.8665384 0.4631725 -0.1859641 0.4578688 0.3059402 -0.8347197 0.425682 0.3493471 -0.8347164 0.3893905 0.3893887 -0.8347164 0.3493486 0.4256808 -0.8347164 0.3059417 0.4578721 -0.8347173 0.2595919 0.485655 -0.8347163 0.2107404 0.5087614 -0.8347157 0.1598541 0.5269677 -0.8347166 0.1074316 0.5400977 -0.8347174 0.0539748 0.5480292 -0.834716 -1.59887e-6 0.5506792 -0.8347171 -0.05397701 0.5480299 -0.8347154 -0.1074315 0.5401006 -0.8347154 -0.1598571 0.5269661 -0.8347171 -0.2107402 0.5087619 -0.8347156 -0.259587 0.48565 -0.8347207 -0.3059429 0.4578689 -0.8347185 -0.5458788 0.8169663 -0.1859636 -0.3493434 0.4256768 -0.8347206 -0.3893852 0.389386 -0.8347201 -0.4256781 0.3493421 -0.8347205 -0.4578692 0.3059376 -0.8347203 -0.4856489 0.2595867 -0.8347216 -0.5087552 0.2107354 -0.8347209 -0.5269618 0.1598519 -0.8347207 -0.5400909 0.1074309 -0.8347219 -0.5480235 0.05397516 -0.8347197 -0.5506733 -2.47295e-7 -0.8347209 2.18109e-6 0 -1 1.02013e-6 0 -1 -3.2012e-6 0 -1 -1.24007e-5 0 -1 -1.56898e-5 0 -1 1.23837e-5 0 -1 6.47205e-6 0 -1 3.03771e-5 0 -1 2.13856e-5 0 -1 1.00529e-5 0 -1 -9.26884e-6 0 -1 4.57365e-5 0 -1 1.21117e-4 0 -1 4.41448e-5 0 -1 -7.96461e-5 0 -1 -3.13564e-5 0 -1 1.43715e-4 0 -1 3.9175e-5 0 -1 -1.09216e-4 0 -1 -9.56301e-6 0 -1 -6.50569e-5 0 -1 -1.13026e-4 0 -1 -2.26191e-5 0 -1 -3.77118e-5 0 -1 -2.74379e-5 0 -1 -3.36314e-5 0 -1 1.86433e-5 0 -1 4.72232e-5 0 -1 1.90156e-5 0 -1 3.35956e-5 0 -1 1.42817e-5 0 -1 0 0 -1 -2.65595e-6 0 -1 -1.83288e-5 0 -1 -1.3122e-5 0 -1 1.24007e-5 0 -1 1.56898e-5 0 -1 -1.23837e-5 0 -1 -6.47196e-6 0 -1 -3.0377e-5 0 -1 -2.13856e-5 0 -1 -1.00529e-5 0 -1 9.26884e-6 0 -1 -4.57365e-5 0 -1 -1.21117e-4 0 -1 -4.41448e-5 0 -1 7.96461e-5 0 -1 3.13564e-5 0 -1 -1.43715e-4 0 -1 -3.9175e-5 0 -1 1.09216e-4 0 -1 9.56301e-6 0 -1 6.50569e-5 0 -1 1.13026e-4 0 -1 2.26191e-5 0 -1 -3.18019e-5 0 -1 -3.78507e-5 0 -1 3.36314e-5 0 -1 -1.86433e-5 0 -1 -4.72232e-5 0 -1 1.57437e-5 0 -1 1.64987e-5 0 -1 9.63936e-6 0 -1 6.63143e-6 0 -1</float_array>
          <technique_common>
            <accessor source="#Plane-mesh-normals-array" count="2208" stride="3">
              <param name="X" type="float"/>
              <param name="Y" type="float"/>
              <param name="Z" type="float"/>
            </accessor>
          </technique_common>
        </source>
        <source id="Plane-mesh-map-0">
          <float_array id="Plane-mesh-map-0-array" count="25728">0 -2.289229 0.015625 0.05680453 0 0.05680453 0.015625 -2.289229 0.03125 0.05680453 0.015625 0.05680453 0.03125 -2.289229 0.046875 0.05680453 0.03125 0.05680453 0.046875 -2.289229 0.0625 0.05680453 0.046875 0.05680453 0.0625 -2.289229 0.078125 0.05680453 0.0625 0.05680453 0.078125 -2.289229 0.09375 0.05680453 0.078125 0.05680453 0.09375 -2.289229 0.109375 0.05680453 0.09375 0.05680453 0.109375 -2.289229 0.125 0.05680453 0.109375 0.05680453 0.125 -2.289229 0.140625 0.05680453 0.125 0.05680453 0.140625 -2.289229 0.15625 0.05680453 0.140625 0.05680453 0.15625 -2.289229 0.171875 0.05680453 0.15625 0.05680453 0.171875 -2.289229 0.1875 0.05680453 0.171875 0.05680453 0.1875 -2.289229 0.203125 0.05680453 0.1875 0.05680453 0.203125 -2.289229 0.21875 0.05680453 0.203125 0.05680453 0.21875 -2.289229 0.234375 0.05680453 0.21875 0.05680453 0.234375 -2.289229 0.25 0.05680453 0.234375 0.05680453 0.25 -2.289229 0.265625 0.05680453 0.25 0.05680453 0.265625 -2.289229 0.28125 0.05680453 0.265625 0.05680453 0.28125 -2.289229 0.296875 0.05680453 0.28125 0.05680453 0.296875 -2.289229 0.3125 0.05680453 0.296875 0.05680453 0.3125 -2.289229 0.328125 0.05680453 0.3125 0.05680453 0.328125 -2.289229 0.34375 0.05680453 0.328125 0.05680453 0.34375 -2.289229 0.359375 0.05680453 0.34375 0.05680453 0.359375 -2.289229 0.375 0.05680453 0.359375 0.05680453 0.375 -2.289229 0.390625 0.05680453 0.375 0.05680453 0.390625 -2.289229 0.40625 0.05680453 0.390625 0.05680453 0.40625 -2.289229 0.421875 0.05680453 0.40625 0.05680453 0.421875 -2.289229 0.4375 0.05680453 0.421875 0.05680453 0.4375 -2.289229 0.453125 0.05680453 0.4375 0.05680453 0.453125 -2.289229 0.46875 0.05680453 0.453125 0.05680453 0.46875 -2.289229 0.484375 0.05680453 0.46875 0.05680453 0.484375 -2.289229 0.5 0.05680453 0.484375 0.05680453 0.5 -2.289229 0.515625 0.05680453 0.5 0.05680453 0.515625 -2.289229 0.53125 0.05680453 0.515625 0.05680453 0.53125 -2.289229 0.546875 0.05680453 0.53125 0.05680453 0.546875 -2.289229 0.5625 0.05680453 0.546875 0.05680453 0.5625 -2.289229 0.578125 0.05680453 0.5625 0.05680453 0.578125 -2.289229 0.59375 0.05680453 0.578125 0.05680453 0.59375 -2.289229 0.609375 0.05680453 0.59375 0.05680453 0.609375 -2.289229 0.625 0.05680453 0.609375 0.05680453 0.625 -2.289229 0.640625 0.05680453 0.625 0.05680453 0.640625 -2.289229 0.65625 0.05680453 0.640625 0.05680453 0.65625 -2.289229 0.671875 0.05680453 0.65625 0.05680453 0.671875 -2.289229 0.6875 0.05680453 0.671875 0.05680453 0.6875 -2.289229 0.703125 0.05680453 0.6875 0.05680453 0.703125 -2.289229 0.71875 0.05680453 0.703125 0.05680453 0.71875 -2.289229 0.734375 0.05680453 0.71875 0.05680453 0.734375 -2.289229 0.75 0.05680453 0.734375 0.05680453 0.75 -2.289229 0.765625 0.05680453 0.75 0.05680453 0.765625 -2.289229 0.78125 0.05680453 0.765625 0.05680453 0.78125 -2.289229 0.796875 0.05680453 0.78125 0.05680453 0.796875 -2.289229 0.8125 0.05680453 0.796875 0.05680453 0.8125 -2.289229 0.828125 0.05680453 0.8125 0.05680453 0.828125 -2.289229 0.84375 0.05680453 0.828125 0.05680453 0.84375 -2.289229 0.859375 0.05680453 0.84375 0.05680453 0.859375 -2.289229 0.8750001 0.05680453 0.859375 0.05680453 0.8750001 -2.289229 0.890625 0.05680453 0.8750001 0.05680453 0.890625 -2.289229 0.90625 0.05680453 0.890625 0.05680453 0.90625 -2.289229 0.921875 0.05680453 0.90625 0.05680453 0.921875 -2.289229 0.9375 0.05680453 0.921875 0.05680453 0.9375 -2.289229 0.953125 0.05680453 0.9375 0.05680453 0.953125 -2.289229 0.96875 0.05680453 0.953125 0.05680453 0.96875 -2.289229 0.984375 0.05680453 0.96875 0.05680453 0.984375 -2.289229 1 0.05680453 0.984375 0.05680453 0 -2.289229 0.015625 -2.323312 0.015625 -2.289229 0.015625 -2.289229 0.03125 -2.323312 0.03125 -2.289229 0.03125 -2.289229 0.046875 -2.323312 0.046875 -2.289229 0.046875 -2.289229 0.0625 -2.323312 0.0625 -2.289229 0.0625 -2.289229 0.078125 -2.323312 0.078125 -2.289229 0.078125 -2.289229 0.09375 -2.323312 0.09375 -2.289229 0.09375 -2.289229 0.109375 -2.323312 0.109375 -2.289229 0.109375 -2.289229 0.125 -2.323312 0.125 -2.289229 0.125 -2.289229 0.140625 -2.323312 0.140625 -2.289229 0.140625 -2.289229 0.15625 -2.323312 0.15625 -2.289229 0.15625 -2.289229 0.171875 -2.323312 0.171875 -2.289229 0.171875 -2.289229 0.1875 -2.323312 0.1875 -2.289229 0.1875 -2.289229 0.203125 -2.323312 0.203125 -2.289229 0.203125 -2.289229 0.21875 -2.323312 0.21875 -2.289229 0.21875 -2.289229 0.234375 -2.323312 0.234375 -2.289229 0.234375 -2.289229 0.25 -2.323312 0.25 -2.289229 0.25 -2.289229 0.265625 -2.323312 0.265625 -2.289229 0.265625 -2.289229 0.28125 -2.323312 0.28125 -2.289229 0.28125 -2.289229 0.296875 -2.323312 0.296875 -2.289229 0.296875 -2.289229 0.3125 -2.323312 0.3125 -2.289229 0.3125 -2.289229 0.328125 -2.323312 0.328125 -2.289229 0.328125 -2.289229 0.34375 -2.323312 0.34375 -2.289229 0.34375 -2.289229 0.359375 -2.323312 0.359375 -2.289229 0.359375 -2.289229 0.375 -2.323312 0.375 -2.289229 0.375 -2.289229 0.390625 -2.323312 0.390625 -2.289229 0.390625 -2.289229 0.40625 -2.323312 0.40625 -2.289229 0.40625 -2.289229 0.421875 -2.323312 0.421875 -2.289229 0.421875 -2.289229 0.4375 -2.323312 0.4375 -2.289229 0.4375 -2.289229 0.453125 -2.323312 0.453125 -2.289229 0.453125 -2.289229 0.46875 -2.323312 0.46875 -2.289229 0.46875 -2.289229 0.484375 -2.323312 0.484375 -2.289229 0.484375 -2.289229 0.5 -2.323312 0.5 -2.289229 0.5 -2.289229 0.515625 -2.323312 0.515625 -2.289229 0.515625 -2.289229 0.53125 -2.323312 0.53125 -2.289229 0.53125 -2.289229 0.546875 -2.323312 0.546875 -2.289229 0.546875 -2.289229 0.5625 -2.323312 0.5625 -2.289229 0.5625 -2.289229 0.578125 -2.323312 0.578125 -2.289229 0.578125 -2.289229 0.59375 -2.323312 0.59375 -2.289229 0.59375 -2.289229 0.609375 -2.323312 0.609375 -2.289229 0.609375 -2.289229 0.625 -2.323312 0.625 -2.289229 0.625 -2.289229 0.640625 -2.323312 0.640625 -2.289229 0.640625 -2.289229 0.65625 -2.323312 0.65625 -2.289229 0.65625 -2.289229 0.671875 -2.323312 0.671875 -2.289229 0.671875 -2.289229 0.6875 -2.323312 0.6875 -2.289229 0.6875 -2.289229 0.703125 -2.323312 0.703125 -2.289229 0.703125 -2.289229 0.71875 -2.323312 0.71875 -2.289229 0.71875 -2.289229 0.734375 -2.323312 0.734375 -2.289229 0.734375 -2.289229 0.75 -2.323312 0.75 -2.289229 0.75 -2.289229 0.765625 -2.323312 0.765625 -2.289229 0.765625 -2.289229 0.78125 -2.323312 0.78125 -2.289229 0.78125 -2.289229 0.796875 -2.323312 0.796875 -2.289229 0.796875 -2.289229 0.8125 -2.323312 0.8125 -2.289229 0.8125 -2.289229 0.828125 -2.323312 0.828125 -2.289229 0.828125 -2.289229 0.84375 -2.323312 0.84375 -2.289229 0.84375 -2.289229 0.859375 -2.323312 0.859375 -2.289229 0.859375 -2.289229 0.8750001 -2.323312 0.8750001 -2.289229 0.8750001 -2.289229 0.890625 -2.323312 0.890625 -2.289229 0.890625 -2.289229 0.90625 -2.323312 0.90625 -2.289229 0.90625 -2.289229 0.921875 -2.323312 0.921875 -2.289229 0.921875 -2.289229 0.9375 -2.323312 0.9375 -2.289229 0.9375 -2.289229 0.953125 -2.323312 0.953125 -2.289229 0.953125 -2.289229 0.96875 -2.323312 0.96875 -2.289229 0.96875 -2.289229 0.984375 -2.323312 0.984375 -2.289229 0.984375 -2.289229 1 -2.323312 1 -2.289229 0 -2.323312 0.015625 -2.311951 0.015625 -2.323312 0.015625 -2.323312 0.03125 -2.311951 0.03125 -2.323312 0.03125 -2.323312 0.046875 -2.311951 0.046875 -2.323312 0.046875 -2.323312 0.0625 -2.311951 0.0625 -2.323312 0.0625 -2.323312 0.078125 -2.311951 0.078125 -2.323312 0.078125 -2.323312 0.09375 -2.311951 0.09375 -2.323312 0.09375 -2.323312 0.109375 -2.311951 0.109375 -2.323312 0.109375 -2.323312 0.125 -2.311951 0.125 -2.323312 0.125 -2.323312 0.140625 -2.311951 0.140625 -2.323312 0.140625 -2.323312 0.15625 -2.311951 0.15625 -2.323312 0.15625 -2.323312 0.171875 -2.311951 0.171875 -2.323312 0.171875 -2.323312 0.1875 -2.311951 0.1875 -2.323312 0.1875 -2.323312 0.203125 -2.311951 0.203125 -2.323312 0.203125 -2.323312 0.21875 -2.311951 0.21875 -2.323312 0.21875 -2.323312 0.234375 -2.311951 0.234375 -2.323312 0.234375 -2.323312 0.25 -2.311951 0.25 -2.323312 0.25 -2.323312 0.265625 -2.311951 0.265625 -2.323312 0.265625 -2.323312 0.28125 -2.311951 0.28125 -2.323312 0.28125 -2.323312 0.296875 -2.311951 0.296875 -2.323312 0.296875 -2.323312 0.3125 -2.311951 0.3125 -2.323312 0.3125 -2.323312 0.328125 -2.311951 0.328125 -2.323312 0.328125 -2.323312 0.34375 -2.311951 0.34375 -2.323312 0.34375 -2.323312 0.359375 -2.311951 0.359375 -2.323312 0.359375 -2.323312 0.375 -2.311951 0.375 -2.323312 0.375 -2.323312 0.390625 -2.311951 0.390625 -2.323312 0.390625 -2.323312 0.40625 -2.311951 0.40625 -2.323312 0.40625 -2.323312 0.421875 -2.311951 0.421875 -2.323312 0.421875 -2.323312 0.4375 -2.311951 0.4375 -2.323312 0.4375 -2.323312 0.453125 -2.311951 0.453125 -2.323312 0.453125 -2.323312 0.46875 -2.311951 0.46875 -2.323312 0.46875 -2.323312 0.484375 -2.311951 0.484375 -2.323312 0.484375 -2.323312 0.5 -2.311951 0.5 -2.323312 0.5 -2.323312 0.515625 -2.311951 0.515625 -2.323312 0.515625 -2.323312 0.53125 -2.311951 0.53125 -2.323312 0.53125 -2.323312 0.546875 -2.311951 0.546875 -2.323312 0.546875 -2.323312 0.5625 -2.311951 0.5625 -2.323312 0.5625 -2.323312 0.578125 -2.311951 0.578125 -2.323312 0.578125 -2.323312 0.59375 -2.311951 0.59375 -2.323312 0.59375 -2.323312 0.609375 -2.311951 0.609375 -2.323312 0.609375 -2.323312 0.625 -2.311951 0.625 -2.323312 0.625 -2.323312 0.640625 -2.311951 0.640625 -2.323312 0.640625 -2.323312 0.65625 -2.311951 0.65625 -2.323312 0.65625 -2.323312 0.671875 -2.311951 0.671875 -2.323312 0.671875 -2.323312 0.6875 -2.311951 0.6875 -2.323312 0.6875 -2.323312 0.703125 -2.311951 0.703125 -2.323312 0.703125 -2.323312 0.71875 -2.311951 0.71875 -2.323312 0.71875 -2.323312 0.734375 -2.311951 0.734375 -2.323312 0.734375 -2.323312 0.75 -2.311951 0.75 -2.323312 0.75 -2.323312 0.765625 -2.311951 0.765625 -2.323312 0.765625 -2.323312 0.78125 -2.311951 0.78125 -2.323312 0.78125 -2.323312 0.796875 -2.311951 0.796875 -2.323312 0.796875 -2.323312 0.8125 -2.311951 0.8125 -2.323312 0.8125 -2.323312 0.828125 -2.311951 0.828125 -2.323312 0.828125 -2.323312 0.84375 -2.311951 0.84375 -2.323312 0.84375 -2.323312 0.859375 -2.311951 0.859375 -2.323312 0.859375 -2.323312 0.8750001 -2.311951 0.8750001 -2.323312 0.8750001 -2.323312 0.890625 -2.311951 0.890625 -2.323312 0.890625 -2.323312 0.90625 -2.311951 0.90625 -2.323312 0.90625 -2.323312 0.921875 -2.311951 0.921875 -2.323312 0.921875 -2.323312 0.9375 -2.311951 0.9375 -2.323312 0.9375 -2.323312 0.953125 -2.311951 0.953125 -2.323312 0.953125 -2.323312 0.96875 -2.311951 0.96875 -2.323312 0.96875 -2.323312 0.984375 -2.311951 0.984375 -2.323312 0.984375 -2.323312 1 -2.311951 1 -2.323312 0 -2.311951 0.015625 -2.30059 0.015625 -2.311951 0.015625 -2.311951 0.03125 -2.30059 0.03125 -2.311951 0.03125 -2.311951 0.046875 -2.30059 0.046875 -2.311951 0.046875 -2.311951 0.0625 -2.30059 0.0625 -2.311951 0.0625 -2.311951 0.078125 -2.30059 0.078125 -2.311951 0.078125 -2.311951 0.09375 -2.30059 0.09375 -2.311951 0.09375 -2.311951 0.109375 -2.30059 0.109375 -2.311951 0.109375 -2.311951 0.125 -2.30059 0.125 -2.311951 0.125 -2.311951 0.140625 -2.30059 0.140625 -2.311951 0.140625 -2.311951 0.15625 -2.30059 0.15625 -2.311951 0.15625 -2.311951 0.171875 -2.30059 0.171875 -2.311951 0.171875 -2.311951 0.1875 -2.30059 0.1875 -2.311951 0.1875 -2.311951 0.203125 -2.30059 0.203125 -2.311951 0.203125 -2.311951 0.21875 -2.30059 0.21875 -2.311951 0.21875 -2.311951 0.234375 -2.30059 0.234375 -2.311951 0.234375 -2.311951 0.25 -2.30059 0.25 -2.311951 0.25 -2.311951 0.265625 -2.30059 0.265625 -2.311951 0.265625 -2.311951 0.28125 -2.30059 0.28125 -2.311951 0.28125 -2.311951 0.296875 -2.30059 0.296875 -2.311951 0.296875 -2.30059 0.3125 -2.311951 0.296875 -2.311951 0.3125 -2.311951 0.328125 -2.30059 0.328125 -2.311951 0.328125 -2.311951 0.34375 -2.30059 0.34375 -2.311951 0.34375 -2.311951 0.359375 -2.30059 0.359375 -2.311951 0.359375 -2.311951 0.375 -2.30059 0.375 -2.311951 0.375 -2.311951 0.390625 -2.30059 0.390625 -2.311951 0.390625 -2.311951 0.40625 -2.30059 0.40625 -2.311951 0.40625 -2.311951 0.421875 -2.30059 0.421875 -2.311951 0.421875 -2.311951 0.4375 -2.30059 0.4375 -2.311951 0.4375 -2.311951 0.453125 -2.30059 0.453125 -2.311951 0.453125 -2.311951 0.46875 -2.30059 0.46875 -2.311951 0.46875 -2.311951 0.484375 -2.30059 0.484375 -2.311951 0.484375 -2.311951 0.5 -2.30059 0.5 -2.311951 0.5 -2.311951 0.515625 -2.30059 0.515625 -2.311951 0.515625 -2.311951 0.53125 -2.30059 0.53125 -2.311951 0.53125 -2.311951 0.546875 -2.30059 0.546875 -2.311951 0.546875 -2.311951 0.5625 -2.30059 0.5625 -2.311951 0.5625 -2.311951 0.578125 -2.30059 0.578125 -2.311951 0.578125 -2.311951 0.59375 -2.30059 0.59375 -2.311951 0.59375 -2.311951 0.609375 -2.30059 0.609375 -2.311951 0.609375 -2.311951 0.625 -2.30059 0.625 -2.311951 0.625 -2.311951 0.640625 -2.30059 0.640625 -2.311951 0.640625 -2.311951 0.65625 -2.30059 0.65625 -2.311951 0.65625 -2.311951 0.671875 -2.30059 0.671875 -2.311951 0.671875 -2.311951 0.6875 -2.30059 0.6875 -2.311951 0.6875 -2.311951 0.703125 -2.30059 0.703125 -2.311951 0.703125 -2.311951 0.71875 -2.30059 0.71875 -2.311951 0.71875 -2.311951 0.734375 -2.30059 0.734375 -2.311951 0.734375 -2.311951 0.75 -2.30059 0.75 -2.311951 0.75 -2.311951 0.765625 -2.30059 0.765625 -2.311951 0.765625 -2.311951 0.78125 -2.30059 0.78125 -2.311951 0.78125 -2.311951 0.796875 -2.30059 0.796875 -2.311951 0.796875 -2.311951 0.8125 -2.30059 0.8125 -2.311951 0.8125 -2.311951 0.828125 -2.30059 0.828125 -2.311951 0.828125 -2.311951 0.84375 -2.30059 0.84375 -2.311951 0.84375 -2.311951 0.859375 -2.30059 0.859375 -2.311951 0.859375 -2.311951 0.8750001 -2.30059 0.8750001 -2.311951 0.8750001 -2.311951 0.890625 -2.30059 0.890625 -2.311951 0.890625 -2.311951 0.90625 -2.30059 0.90625 -2.311951 0.90625 -2.311951 0.921875 -2.30059 0.921875 -2.311951 0.921875 -2.311951 0.9375 -2.30059 0.9375 -2.311951 0.9375 -2.311951 0.953125 -2.30059 0.953125 -2.311951 0.953125 -2.311951 0.96875 -2.30059 0.96875 -2.311951 0.96875 -2.311951 0.984375 -2.30059 0.984375 -2.311951 0.984375 -2.311951 1 -2.30059 1 -2.311951 0 -2.30059 0.015625 -2.238105 0.015625 -2.30059 0.015625 -2.30059 0.03125 -2.238105 0.03125 -2.30059 0.03125 -2.30059 0.046875 -2.238105 0.046875 -2.30059 0.046875 -2.30059 0.0625 -2.238105 0.0625 -2.30059 0.0625 -2.30059 0.078125 -2.238105 0.078125 -2.30059 0.078125 -2.30059 0.09375 -2.238105 0.09375 -2.30059 0.09375 -2.238105 0.109375 -2.30059 0.09375 -2.30059 0.109375 -2.30059 0.125 -2.238105 0.125 -2.30059 0.125 -2.30059 0.140625 -2.238105 0.140625 -2.30059 0.140625 -2.30059 0.15625 -2.238105 0.15625 -2.30059 0.15625 -2.30059 0.171875 -2.238105 0.171875 -2.30059 0.171875 -2.30059 0.1875 -2.238105 0.1875 -2.30059 0.1875 -2.30059 0.203125 -2.238105 0.203125 -2.30059 0.203125 -2.30059 0.21875 -2.238105 0.21875 -2.30059 0.21875 -2.30059 0.234375 -2.238105 0.234375 -2.30059 0.234375 -2.30059 0.25 -2.238105 0.25 -2.30059 0.25 -2.30059 0.265625 -2.238105 0.265625 -2.30059 0.265625 -2.30059 0.28125 -2.238105 0.28125 -2.30059 0.28125 -2.30059 0.296875 -2.238105 0.296875 -2.30059 0.296875 -2.30059 0.3125 -2.238105 0.3125 -2.30059 0.3125 -2.30059 0.328125 -2.238105 0.328125 -2.30059 0.328125 -2.30059 0.34375 -2.238105 0.34375 -2.30059 0.34375 -2.30059 0.359375 -2.238105 0.359375 -2.30059 0.359375 -2.30059 0.375 -2.238105 0.375 -2.30059 0.375 -2.30059 0.390625 -2.238105 0.390625 -2.30059 0.390625 -2.30059 0.40625 -2.238105 0.40625 -2.30059 0.40625 -2.30059 0.421875 -2.238105 0.421875 -2.30059 0.421875 -2.30059 0.4375 -2.238105 0.4375 -2.30059 0.4375 -2.30059 0.453125 -2.238105 0.453125 -2.30059 0.453125 -2.30059 0.46875 -2.238105 0.46875 -2.30059 0.46875 -2.30059 0.484375 -2.238105 0.484375 -2.30059 0.484375 -2.30059 0.5 -2.238105 0.5 -2.30059 0.5 -2.30059 0.515625 -2.238105 0.515625 -2.30059 0.515625 -2.30059 0.53125 -2.238105 0.53125 -2.30059 0.53125 -2.30059 0.546875 -2.238105 0.546875 -2.30059 0.546875 -2.30059 0.5625 -2.238105 0.5625 -2.30059 0.5625 -2.30059 0.578125 -2.238105 0.578125 -2.30059 0.578125 -2.30059 0.59375 -2.238105 0.59375 -2.30059 0.59375 -2.30059 0.609375 -2.238105 0.609375 -2.30059 0.609375 -2.30059 0.625 -2.238105 0.625 -2.30059 0.625 -2.30059 0.640625 -2.238105 0.640625 -2.30059 0.640625 -2.30059 0.65625 -2.238105 0.65625 -2.30059 0.65625 -2.30059 0.671875 -2.238105 0.671875 -2.30059 0.671875 -2.30059 0.6875 -2.238105 0.6875 -2.30059 0.6875 -2.30059 0.703125 -2.238105 0.703125 -2.30059 0.703125 -2.30059 0.71875 -2.238105 0.71875 -2.30059 0.71875 -2.30059 0.734375 -2.238105 0.734375 -2.30059 0.734375 -2.30059 0.75 -2.238105 0.75 -2.30059 0.75 -2.30059 0.765625 -2.238105 0.765625 -2.30059 0.765625 -2.30059 0.78125 -2.238105 0.78125 -2.30059 0.78125 -2.30059 0.796875 -2.238105 0.796875 -2.30059 0.796875 -2.30059 0.8125 -2.238105 0.8125 -2.30059 0.8125 -2.30059 0.828125 -2.238105 0.828125 -2.30059 0.828125 -2.30059 0.84375 -2.238105 0.84375 -2.30059 0.84375 -2.238105 0.859375 -2.30059 0.84375 -2.30059 0.859375 -2.30059 0.8750001 -2.238105 0.8750001 -2.30059 0.8750001 -2.30059 0.890625 -2.238105 0.890625 -2.30059 0.890625 -2.30059 0.90625 -2.238105 0.90625 -2.30059 0.90625 -2.30059 0.921875 -2.238105 0.921875 -2.30059 0.921875 -2.238105 0.9375 -2.30059 0.921875 -2.30059 0.9375 -2.30059 0.953125 -2.238105 0.953125 -2.30059 0.953125 -2.30059 0.96875 -2.238105 0.96875 -2.30059 0.96875 -2.30059 0.984375 -2.238105 0.984375 -2.30059 0.984375 -2.30059 1 -2.238105 1 -2.30059 0 -2.238105 0.015625 -2.107454 0.015625 -2.238105 0.015625 -2.238105 0.03125 -2.107454 0.03125 -2.238105 0.03125 -2.107454 0.046875 -2.238105 0.03125 -2.238105 0.046875 -2.238105 0.0625 -2.107454 0.0625 -2.238105 0.0625 -2.238105 0.078125 -2.107454 0.078125 -2.238105 0.078125 -2.238105 0.09375 -2.107454 0.09375 -2.238105 0.09375 -2.238105 0.109375 -2.107454 0.109375 -2.238105 0.109375 -2.238105 0.125 -2.107454 0.125 -2.238105 0.125 -2.238105 0.140625 -2.107454 0.140625 -2.238105 0.140625 -2.238105 0.15625 -2.107454 0.15625 -2.238105 0.15625 -2.238105 0.171875 -2.107454 0.171875 -2.238105 0.171875 -2.238105 0.1875 -2.107454 0.1875 -2.238105 0.1875 -2.238105 0.203125 -2.107454 0.203125 -2.238105 0.203125 -2.238105 0.21875 -2.107454 0.21875 -2.238105 0.21875 -2.238105 0.234375 -2.107454 0.234375 -2.238105 0.234375 -2.238105 0.25 -2.107454 0.25 -2.238105 0.25 -2.238105 0.265625 -2.107454 0.265625 -2.238105 0.265625 -2.238105 0.28125 -2.107454 0.28125 -2.238105 0.28125 -2.238105 0.296875 -2.107454 0.296875 -2.238105 0.296875 -2.238105 0.3125 -2.107454 0.3125 -2.238105 0.3125 -2.238105 0.328125 -2.107454 0.328125 -2.238105 0.328125 -2.238105 0.34375 -2.107454 0.34375 -2.238105 0.34375 -2.238105 0.359375 -2.107454 0.359375 -2.238105 0.359375 -2.238105 0.375 -2.107454 0.375 -2.238105 0.375 -2.238105 0.390625 -2.107454 0.390625 -2.238105 0.390625 -2.238105 0.40625 -2.107454 0.40625 -2.238105 0.40625 -2.238105 0.421875 -2.107454 0.421875 -2.238105 0.421875 -2.238105 0.4375 -2.107454 0.4375 -2.238105 0.4375 -2.238105 0.453125 -2.107454 0.453125 -2.238105 0.453125 -2.238105 0.46875 -2.107454 0.46875 -2.238105 0.46875 -2.238105 0.484375 -2.107454 0.484375 -2.238105 0.484375 -2.238105 0.5 -2.107454 0.5 -2.238105 0.5 -2.238105 0.515625 -2.107454 0.515625 -2.238105 0.515625 -2.238105 0.53125 -2.107454 0.53125 -2.238105 0.53125 -2.238105 0.546875 -2.107454 0.546875 -2.238105 0.546875 -2.238105 0.5625 -2.107454 0.5625 -2.238105 0.5625 -2.238105 0.578125 -2.107454 0.578125 -2.238105 0.578125 -2.238105 0.59375 -2.107454 0.59375 -2.238105 0.59375 -2.238105 0.609375 -2.107454 0.609375 -2.238105 0.609375 -2.238105 0.625 -2.107454 0.625 -2.238105 0.625 -2.238105 0.640625 -2.107454 0.640625 -2.238105 0.640625 -2.238105 0.65625 -2.107454 0.65625 -2.238105 0.65625 -2.238105 0.671875 -2.107454 0.671875 -2.238105 0.671875 -2.238105 0.6875 -2.107454 0.6875 -2.238105 0.6875 -2.238105 0.703125 -2.107454 0.703125 -2.238105 0.703125 -2.238105 0.71875 -2.107454 0.71875 -2.238105 0.71875 -2.238105 0.734375 -2.107454 0.734375 -2.238105 0.734375 -2.107454 0.75 -2.238105 0.734375 -2.238105 0.75 -2.107454 0.765625 -2.238105 0.75 -2.238105 0.765625 -2.238105 0.78125 -2.107454 0.78125 -2.238105 0.78125 -2.238105 0.796875 -2.107454 0.796875 -2.238105 0.796875 -2.238105 0.8125 -2.107454 0.8125 -2.238105 0.8125 -2.107454 0.828125 -2.238105 0.8125 -2.238105 0.828125 -2.238105 0.84375 -2.107454 0.84375 -2.238105 0.84375 -2.107454 0.859375 -2.238105 0.84375 -2.238105 0.859375 -2.238105 0.8750001 -2.107454 0.8750001 -2.238105 0.8750001 -2.238105 0.890625 -2.107454 0.890625 -2.238105 0.890625 -2.107454 0.90625 -2.238105 0.890625 -2.238105 0.90625 -2.238105 0.921875 -2.107454 0.921875 -2.238105 0.921875 -2.238105 0.9375 -2.107454 0.9375 -2.238105 0.9375 -2.238105 0.953125 -2.107454 0.953125 -2.238105 0.953125 -2.107454 0.96875 -2.238105 0.953125 -2.238105 0.96875 -2.238105 0.984375 -2.107454 0.984375 -2.238105 0.984375 -2.238105 1 -2.107454 1 -2.238105 0 -2.107454 0.015625 -1.897276 0.015625 -2.107454 0.015625 -2.107454 0.03125 -1.897276 0.03125 -2.107454 0.03125 -2.107454 0.046875 -1.897276 0.046875 -2.107454 0.046875 -2.107454 0.0625 -1.897276 0.0625 -2.107454 0.0625 -2.107454 0.078125 -1.897276 0.078125 -2.107454 0.078125 -2.107454 0.09375 -1.897276 0.09375 -2.107454 0.09375 -2.107454 0.109375 -1.897276 0.109375 -2.107454 0.109375 -2.107454 0.125 -1.897276 0.125 -2.107454 0.125 -1.897276 0.140625 -2.107454 0.125 -2.107454 0.140625 -2.107454 0.15625 -1.897276 0.15625 -2.107454 0.15625 -2.107454 0.171875 -1.897276 0.171875 -2.107454 0.171875 -2.107454 0.1875 -1.897276 0.1875 -2.107454 0.1875 -2.107454 0.203125 -1.897276 0.203125 -2.107454 0.203125 -2.107454 0.21875 -1.897276 0.21875 -2.107454 0.21875 -2.107454 0.234375 -1.897276 0.234375 -2.107454 0.234375 -2.107454 0.25 -1.897276 0.25 -2.107454 0.25 -2.107454 0.265625 -1.897276 0.265625 -2.107454 0.265625 -2.107454 0.28125 -1.897276 0.28125 -2.107454 0.28125 -2.107454 0.296875 -1.897276 0.296875 -2.107454 0.296875 -2.107454 0.3125 -1.897276 0.3125 -2.107454 0.3125 -2.107454 0.328125 -1.897276 0.328125 -2.107454 0.328125 -2.107454 0.34375 -1.897276 0.34375 -2.107454 0.34375 -2.107454 0.359375 -1.897276 0.359375 -2.107454 0.359375 -2.107454 0.375 -1.897276 0.375 -2.107454 0.375 -1.897276 0.390625 -2.107454 0.375 -2.107454 0.390625 -2.107454 0.40625 -1.897276 0.40625 -2.107454 0.40625 -2.107454 0.421875 -1.897276 0.421875 -2.107454 0.421875 -2.107454 0.4375 -1.897276 0.4375 -2.107454 0.4375 -2.107454 0.453125 -1.897276 0.453125 -2.107454 0.453125 -2.107454 0.46875 -1.897276 0.46875 -2.107454 0.46875 -2.107454 0.484375 -1.897276 0.484375 -2.107454 0.484375 -2.107454 0.5 -1.897276 0.5 -2.107454 0.5 -2.107454 0.515625 -1.897276 0.515625 -2.107454 0.515625 -2.107454 0.53125 -1.897276 0.53125 -2.107454 0.53125 -2.107454 0.546875 -1.897276 0.546875 -2.107454 0.546875 -2.107454 0.5625 -1.897276 0.5625 -2.107454 0.5625 -1.897276 0.578125 -2.107454 0.5625 -2.107454 0.578125 -2.107454 0.59375 -1.897276 0.59375 -2.107454 0.59375 -2.107454 0.609375 -1.897276 0.609375 -2.107454 0.609375 -1.897276 0.625 -2.107454 0.609375 -2.107454 0.625 -2.107454 0.640625 -1.897276 0.640625 -2.107454 0.640625 -2.107454 0.65625 -1.897276 0.65625 -2.107454 0.65625 -2.107454 0.671875 -1.897276 0.671875 -2.107454 0.671875 -2.107454 0.6875 -1.897276 0.6875 -2.107454 0.6875 -2.107454 0.703125 -1.897276 0.703125 -2.107454 0.703125 -2.107454 0.71875 -1.897276 0.71875 -2.107454 0.71875 -2.107454 0.734375 -1.897276 0.734375 -2.107454 0.734375 -2.107454 0.75 -1.897276 0.75 -2.107454 0.75 -2.107454 0.765625 -1.897276 0.765625 -2.107454 0.765625 -2.107454 0.78125 -1.897276 0.78125 -2.107454 0.78125 -2.107454 0.796875 -1.897276 0.796875 -2.107454 0.796875 -2.107454 0.8125 -1.897276 0.8125 -2.107454 0.8125 -2.107454 0.828125 -1.897276 0.828125 -2.107454 0.828125 -2.107454 0.84375 -1.897276 0.84375 -2.107454 0.84375 -2.107454 0.859375 -1.897276 0.859375 -2.107454 0.859375 -2.107454 0.8750001 -1.897276 0.8750001 -2.107454 0.8750001 -1.897276 0.890625 -2.107454 0.8750001 -2.107454 0.890625 -2.107454 0.90625 -1.897276 0.90625 -2.107454 0.90625 -2.107454 0.921875 -1.897276 0.921875 -2.107454 0.921875 -2.107454 0.9375 -1.897276 0.9375 -2.107454 0.9375 -2.107454 0.953125 -1.897276 0.953125 -2.107454 0.953125 -2.107454 0.96875 -1.897276 0.96875 -2.107454 0.96875 -2.107454 0.984375 -1.897276 0.984375 -2.107454 0.984375 -2.107454 1 -1.897276 1 -2.107454 0 -1.897276 0.015625 -1.755265 0.015625 -1.897276 0.015625 -1.897276 0.03125 -1.755265 0.03125 -1.897276 0.03125 -1.897276 0.046875 -1.755265 0.046875 -1.897276 0.046875 -1.897276 0.0625 -1.755265 0.0625 -1.897276 0.0625 -1.897276 0.078125 -1.755265 0.078125 -1.897276 0.078125 -1.897276 0.09375 -1.755265 0.09375 -1.897276 0.09375 -1.897276 0.109375 -1.755265 0.109375 -1.897276 0.109375 -1.897276 0.125 -1.755265 0.125 -1.897276 0.125 -1.755265 0.140625 -1.897276 0.125 -1.897276 0.140625 -1.755265 0.15625 -1.897276 0.140625 -1.897276 0.15625 -1.897276 0.171875 -1.755265 0.171875 -1.897276 0.171875 -1.897276 0.1875 -1.755265 0.1875 -1.897276 0.1875 -1.897276 0.203125 -1.755265 0.203125 -1.897276 0.203125 -1.897276 0.21875 -1.755265 0.21875 -1.897276 0.21875 -1.897276 0.234375 -1.755265 0.234375 -1.897276 0.234375 -1.897276 0.25 -1.755265 0.25 -1.897276 0.25 -1.897276 0.265625 -1.755265 0.265625 -1.897276 0.265625 -1.897276 0.28125 -1.755265 0.28125 -1.897276 0.28125 -1.897276 0.296875 -1.755265 0.296875 -1.897276 0.296875 -1.897276 0.3125 -1.755265 0.3125 -1.897276 0.3125 -1.897276 0.328125 -1.755265 0.328125 -1.897276 0.328125 -1.897276 0.34375 -1.755265 0.34375 -1.897276 0.34375 -1.897276 0.359375 -1.755265 0.359375 -1.897276 0.359375 -1.755265 0.375 -1.897276 0.359375 -1.897276 0.375 -1.897276 0.390625 -1.755265 0.390625 -1.897276 0.390625 -1.897276 0.40625 -1.755265 0.40625 -1.897276 0.40625 -1.897276 0.421875 -1.755265 0.421875 -1.897276 0.421875 -1.897276 0.4375 -1.755265 0.4375 -1.897276 0.4375 -1.897276 0.453125 -1.755265 0.453125 -1.897276 0.453125 -1.897276 0.46875 -1.755265 0.46875 -1.897276 0.46875 -1.897276 0.484375 -1.755265 0.484375 -1.897276 0.484375 -1.897276 0.5 -1.755265 0.5 -1.897276 0.5 -1.897276 0.515625 -1.755265 0.515625 -1.897276 0.515625 -1.897276 0.53125 -1.755265 0.53125 -1.897276 0.53125 -1.897276 0.546875 -1.755265 0.546875 -1.897276 0.546875 -1.897276 0.5625 -1.755265 0.5625 -1.897276 0.5625 -1.897276 0.578125 -1.755265 0.578125 -1.897276 0.578125 -1.897276 0.59375 -1.755265 0.59375 -1.897276 0.59375 -1.897276 0.609375 -1.755265 0.609375 -1.897276 0.609375 -1.897276 0.625 -1.755265 0.625 -1.897276 0.625 -1.755265 0.640625 -1.897276 0.625 -1.897276 0.640625 -1.755265 0.65625 -1.897276 0.640625 -1.897276 0.65625 -1.755265 0.671875 -1.897276 0.65625 -1.897276 0.671875 -1.897276 0.6875 -1.755265 0.6875 -1.897276 0.6875 -1.755265 0.703125 -1.897276 0.6875 -1.897276 0.703125 -1.897276 0.71875 -1.755265 0.71875 -1.897276 0.71875 -1.897276 0.734375 -1.755265 0.734375 -1.897276 0.734375 -1.897276 0.75 -1.755265 0.75 -1.897276 0.75 -1.897276 0.765625 -1.755265 0.765625 -1.897276 0.765625 -1.897276 0.78125 -1.755265 0.78125 -1.897276 0.78125 -1.897276 0.796875 -1.755265 0.796875 -1.897276 0.796875 -1.897276 0.8125 -1.755265 0.8125 -1.897276 0.8125 -1.897276 0.828125 -1.755265 0.828125 -1.897276 0.828125 -1.897276 0.84375 -1.755265 0.84375 -1.897276 0.84375 -1.897276 0.859375 -1.755265 0.859375 -1.897276 0.859375 -1.897276 0.8750001 -1.755265 0.8750001 -1.897276 0.8750001 -1.897276 0.890625 -1.755265 0.890625 -1.897276 0.890625 -1.897276 0.90625 -1.755265 0.90625 -1.897276 0.90625 -1.897276 0.921875 -1.755265 0.921875 -1.897276 0.921875 -1.897276 0.9375 -1.755265 0.9375 -1.897276 0.9375 -1.897276 0.953125 -1.755265 0.953125 -1.897276 0.953125 -1.897276 0.96875 -1.755265 0.96875 -1.897276 0.96875 -1.897276 0.984375 -1.755265 0.984375 -1.897276 0.984375 -1.897276 1 -1.755265 1 -1.897276 0 -1.755265 0.015625 -1.738223 0.015625 -1.755265 0.015625 -1.738223 0.03125 -1.755265 0.015625 -1.755265 0.03125 -1.755265 0.046875 -1.738223 0.046875 -1.755265 0.046875 -1.738223 0.0625 -1.755265 0.046875 -1.755265 0.0625 -1.755265 0.078125 -1.738223 0.078125 -1.755265 0.078125 -1.738223 0.09375 -1.755265 0.078125 -1.755265 0.09375 -1.755265 0.109375 -1.738223 0.109375 -1.755265 0.109375 -1.755265 0.125 -1.738223 0.125 -1.755265 0.125 -1.755265 0.140625 -1.738223 0.140625 -1.755265 0.140625 -1.755265 0.15625 -1.738223 0.15625 -1.755265 0.15625 -1.738223 0.171875 -1.755265 0.15625 -1.755265 0.171875 -1.755265 0.1875 -1.738223 0.1875 -1.755265 0.1875 -1.755265 0.203125 -1.738223 0.203125 -1.755265 0.203125 -1.738223 0.21875 -1.755265 0.203125 -1.755265 0.21875 -1.738223 0.234375 -1.755265 0.21875 -1.755265 0.234375 -1.755265 0.25 -1.738223 0.25 -1.755265 0.25 -1.755265 0.265625 -1.738223 0.265625 -1.755265 0.265625 -1.738223 0.28125 -1.755265 0.265625 -1.755265 0.28125 -1.755265 0.296875 -1.738223 0.296875 -1.755265 0.296875 -1.755265 0.3125 -1.738223 0.3125 -1.755265 0.3125 -1.755265 0.328125 -1.738223 0.328125 -1.755265 0.328125 -1.738223 0.34375 -1.755265 0.328125 -1.755265 0.34375 -1.755265 0.359375 -1.738223 0.359375 -1.755265 0.359375 -1.755265 0.375 -1.738223 0.375 -1.755265 0.375 -1.738223 0.390625 -1.755265 0.375 -1.755265 0.390625 -1.738223 0.40625 -1.755265 0.390625 -1.755265 0.40625 -1.738223 0.421875 -1.755265 0.40625 -1.755265 0.421875 -1.755265 0.4375 -1.738223 0.4375 -1.755265 0.4375 -1.755265 0.453125 -1.738223 0.453125 -1.755265 0.453125 -1.738223 0.46875 -1.755265 0.453125 -1.755265 0.46875 -1.738223 0.484375 -1.755265 0.46875 -1.755265 0.484375 -1.755265 0.5 -1.738223 0.5 -1.755265 0.5 -1.755265 0.515625 -1.738223 0.515625 -1.755265 0.515625 -1.738223 0.53125 -1.755265 0.515625 -1.755265 0.53125 -1.755265 0.546875 -1.738223 0.546875 -1.755265 0.546875 -1.738223 0.5625 -1.755265 0.546875 -1.755265 0.5625 -1.755265 0.578125 -1.738223 0.578125 -1.755265 0.578125 -1.755265 0.59375 -1.738223 0.59375 -1.755265 0.59375 -1.738223 0.609375 -1.755265 0.59375 -1.755265 0.609375 -1.755265 0.625 -1.738223 0.625 -1.755265 0.625 -1.755265 0.640625 -1.738223 0.640625 -1.755265 0.640625 -1.755265 0.65625 -1.738223 0.65625 -1.755265 0.65625 -1.738223 0.671875 -1.755265 0.65625 -1.755265 0.671875 -1.738223 0.6875 -1.755265 0.671875 -1.755265 0.6875 -1.738223 0.703125 -1.755265 0.6875 -1.755265 0.703125 -1.755265 0.71875 -1.738223 0.71875 -1.755265 0.71875 -1.738223 0.734375 -1.755265 0.71875 -1.755265 0.734375 -1.755265 0.75 -1.738223 0.75 -1.755265 0.75 -1.755265 0.765625 -1.738223 0.765625 -1.755265 0.765625 -1.738223 0.78125 -1.755265 0.765625 -1.755265 0.78125 -1.755265 0.796875 -1.738223 0.796875 -1.755265 0.796875 -1.738223 0.8125 -1.755265 0.796875 -1.755265 0.8125 -1.738223 0.828125 -1.755265 0.8125 -1.755265 0.828125 -1.755265 0.84375 -1.738223 0.84375 -1.755265 0.84375 -1.755265 0.859375 -1.738223 0.859375 -1.755265 0.859375 -1.755265 0.8750001 -1.738223 0.8750001 -1.755265 0.8750001 -1.755265 0.890625 -1.738223 0.890625 -1.755265 0.890625 -1.755265 0.90625 -1.738223 0.90625 -1.755265 0.90625 -1.738223 0.921875 -1.755265 0.90625 -1.755265 0.921875 -1.738223 0.9375 -1.755265 0.921875 -1.755265 0.9375 -1.738223 0.953125 -1.755265 0.9375 -1.755265 0.953125 -1.738223 0.96875 -1.755265 0.953125 -1.755265 0.96875 -1.738223 0.984375 -1.755265 0.96875 -1.755265 0.984375 -1.755265 1 -1.738223 1 -1.755265 0 -1.738223 0.015625 -1.545087 0.015625 -1.738223 0.015625 -1.738223 0.03125 -1.545087 0.03125 -1.738223 0.03125 -1.545087 0.046875 -1.738223 0.03125 -1.738223 0.046875 -1.738223 0.0625 -1.545087 0.0625 -1.738223 0.0625 -1.738223 0.078125 -1.545087 0.078125 -1.738223 0.078125 -1.738223 0.09375 -1.545087 0.09375 -1.738223 0.09375 -1.738223 0.109375 -1.545087 0.109375 -1.738223 0.109375 -1.738223 0.125 -1.545087 0.125 -1.738223 0.125 -1.738223 0.140625 -1.545087 0.140625 -1.738223 0.140625 -1.738223 0.15625 -1.545087 0.15625 -1.738223 0.15625 -1.738223 0.171875 -1.545087 0.171875 -1.738223 0.171875 -1.738223 0.1875 -1.545087 0.1875 -1.738223 0.1875 -1.738223 0.203125 -1.545087 0.203125 -1.738223 0.203125 -1.738223 0.21875 -1.545087 0.21875 -1.738223 0.21875 -1.738223 0.234375 -1.545087 0.234375 -1.738223 0.234375 -1.738223 0.25 -1.545087 0.25 -1.738223 0.25 -1.738223 0.265625 -1.545087 0.265625 -1.738223 0.265625 -1.738223 0.28125 -1.545087 0.28125 -1.738223 0.28125 -1.738223 0.296875 -1.545087 0.296875 -1.738223 0.296875 -1.545087 0.3125 -1.738223 0.296875 -1.738223 0.3125 -1.738223 0.328125 -1.545087 0.328125 -1.738223 0.328125 -1.738223 0.34375 -1.545087 0.34375 -1.738223 0.34375 -1.738223 0.359375 -1.545087 0.359375 -1.738223 0.359375 -1.738223 0.375 -1.545087 0.375 -1.738223 0.375 -1.738223 0.390625 -1.545087 0.390625 -1.738223 0.390625 -1.738223 0.40625 -1.545087 0.40625 -1.738223 0.40625 -1.738223 0.421875 -1.545087 0.421875 -1.738223 0.421875 -1.738223 0.4375 -1.545087 0.4375 -1.738223 0.4375 -1.738223 0.453125 -1.545087 0.453125 -1.738223 0.453125 -1.738223 0.46875 -1.545087 0.46875 -1.738223 0.46875 -1.738223 0.484375 -1.545087 0.484375 -1.738223 0.484375 -1.738223 0.5 -1.545087 0.5 -1.738223 0.5 -1.738223 0.515625 -1.545087 0.515625 -1.738223 0.515625 -1.738223 0.53125 -1.545087 0.53125 -1.738223 0.53125 -1.738223 0.546875 -1.545087 0.546875 -1.738223 0.546875 -1.738223 0.5625 -1.545087 0.5625 -1.738223 0.5625 -1.738223 0.578125 -1.545087 0.578125 -1.738223 0.578125 -1.545087 0.59375 -1.738223 0.578125 -1.738223 0.59375 -1.738223 0.609375 -1.545087 0.609375 -1.738223 0.609375 -1.738223 0.625 -1.545087 0.625 -1.738223 0.625 -1.738223 0.640625 -1.545087 0.640625 -1.738223 0.640625 -1.738223 0.65625 -1.545087 0.65625 -1.738223 0.65625 -1.738223 0.671875 -1.545087 0.671875 -1.738223 0.671875 -1.738223 0.6875 -1.545087 0.6875 -1.738223 0.6875 -1.738223 0.703125 -1.545087 0.703125 -1.738223 0.703125 -1.738223 0.71875 -1.545087 0.71875 -1.738223 0.71875 -1.738223 0.734375 -1.545087 0.734375 -1.738223 0.734375 -1.738223 0.75 -1.545087 0.75 -1.738223 0.75 -1.738223 0.765625 -1.545087 0.765625 -1.738223 0.765625 -1.738223 0.78125 -1.545087 0.78125 -1.738223 0.78125 -1.545087 0.796875 -1.738223 0.78125 -1.738223 0.796875 -1.738223 0.8125 -1.545087 0.8125 -1.738223 0.8125 -1.738223 0.828125 -1.545087 0.828125 -1.738223 0.828125 -1.738223 0.84375 -1.545087 0.84375 -1.738223 0.84375 -1.738223 0.859375 -1.545087 0.859375 -1.738223 0.859375 -1.738223 0.8750001 -1.545087 0.8750001 -1.738223 0.8750001 -1.738223 0.890625 -1.545087 0.890625 -1.738223 0.890625 -1.545087 0.90625 -1.738223 0.890625 -1.738223 0.90625 -1.738223 0.921875 -1.545087 0.921875 -1.738223 0.921875 -1.738223 0.9375 -1.545087 0.9375 -1.738223 0.9375 -1.738223 0.953125 -1.545087 0.953125 -1.738223 0.953125 -1.738223 0.96875 -1.545087 0.96875 -1.738223 0.96875 -1.738223 0.984375 -1.545087 0.984375 -1.738223 0.984375 -1.738223 1 -1.545087 1 -1.738223 0 -1.545087 0.015625 -1.420117 0.015625 -1.545087 0.015625 -1.420117 0.03125 -1.545087 0.015625 -1.545087 0.03125 -1.545087 0.046875 -1.420117 0.046875 -1.545087 0.046875 -1.545087 0.0625 -1.420117 0.0625 -1.545087 0.0625 -1.420117 0.078125 -1.545087 0.0625 -1.545087 0.078125 -1.545087 0.09375 -1.420117 0.09375 -1.545087 0.09375 -1.545087 0.109375 -1.420117 0.109375 -1.545087 0.109375 -1.420117 0.125 -1.545087 0.109375 -1.545087 0.125 -1.420117 0.140625 -1.545087 0.125 -1.545087 0.140625 -1.420117 0.15625 -1.545087 0.140625 -1.545087 0.15625 -1.420117 0.171875 -1.545087 0.15625 -1.545087 0.171875 -1.420117 0.1875 -1.545087 0.171875 -1.545087 0.1875 -1.420117 0.203125 -1.545087 0.1875 -1.545087 0.203125 -1.545087 0.21875 -1.420117 0.21875 -1.545087 0.21875 -1.420117 0.234375 -1.545087 0.21875 -1.545087 0.234375 -1.545087 0.25 -1.420117 0.25 -1.545087 0.25 -1.545087 0.265625 -1.420117 0.265625 -1.545087 0.265625 -1.420117 0.28125 -1.545087 0.265625 -1.545087 0.28125 -1.545087 0.296875 -1.420117 0.296875 -1.545087 0.296875 -1.545087 0.3125 -1.420117 0.3125 -1.545087 0.3125 -1.420117 0.328125 -1.545087 0.3125 -1.545087 0.328125 -1.420117 0.34375 -1.545087 0.328125 -1.545087 0.34375 -1.545087 0.359375 -1.420117 0.359375 -1.545087 0.359375 -1.420117 0.375 -1.545087 0.359375 -1.545087 0.375 -1.420117 0.390625 -1.545087 0.375 -1.545087 0.390625 -1.420117 0.40625 -1.545087 0.390625 -1.545087 0.40625 -1.545087 0.421875 -1.420117 0.421875 -1.545087 0.421875 -1.420117 0.4375 -1.545087 0.421875 -1.545087 0.4375 -1.545087 0.453125 -1.420117 0.453125 -1.545087 0.453125 -1.545087 0.46875 -1.420117 0.46875 -1.545087 0.46875 -1.420117 0.484375 -1.545087 0.46875 -1.545087 0.484375 -1.545087 0.5 -1.420117 0.5 -1.545087 0.5 -1.545087 0.515625 -1.420117 0.515625 -1.545087 0.515625 -1.420117 0.53125 -1.545087 0.515625 -1.545087 0.53125 -1.545087 0.546875 -1.420117 0.546875 -1.545087 0.546875 -1.545087 0.5625 -1.420117 0.5625 -1.545087 0.5625 -1.420117 0.578125 -1.545087 0.5625 -1.545087 0.578125 -1.420117 0.59375 -1.545087 0.578125 -1.545087 0.59375 -1.420117 0.609375 -1.545087 0.59375 -1.545087 0.609375 -1.420117 0.625 -1.545087 0.609375 -1.545087 0.625 -1.420117 0.640625 -1.545087 0.625 -1.545087 0.640625 -1.545087 0.65625 -1.420117 0.65625 -1.545087 0.65625 -1.545087 0.671875 -1.420117 0.671875 -1.545087 0.671875 -1.420117 0.6875 -1.545087 0.671875 -1.545087 0.6875 -1.420117 0.703125 -1.545087 0.6875 -1.545087 0.703125 -1.545087 0.71875 -1.420117 0.71875 -1.545087 0.71875 -1.420117 0.734375 -1.545087 0.71875 -1.545087 0.734375 -1.545087 0.75 -1.420117 0.75 -1.545087 0.75 -1.545087 0.765625 -1.420117 0.765625 -1.545087 0.765625 -1.420117 0.78125 -1.545087 0.765625 -1.545087 0.78125 -1.545087 0.796875 -1.420117 0.796875 -1.545087 0.796875 -1.420117 0.8125 -1.545087 0.796875 -1.545087 0.8125 -1.420117 0.828125 -1.545087 0.8125 -1.545087 0.828125 -1.545087 0.84375 -1.420117 0.84375 -1.545087 0.84375 -1.545087 0.859375 -1.420117 0.859375 -1.545087 0.859375 -1.545087 0.8750001 -1.420117 0.8750001 -1.545087 0.8750001 -1.545087 0.890625 -1.420117 0.890625 -1.545087 0.890625 -1.545087 0.90625 -1.420117 0.90625 -1.545087 0.90625 -1.545087 0.921875 -1.420117 0.921875 -1.545087 0.921875 -1.420117 0.9375 -1.545087 0.921875 -1.545087 0.9375 -1.420117 0.953125 -1.545087 0.9375 -1.545087 0.953125 -1.545087 0.96875 -1.420117 0.96875 -1.545087 0.96875 -1.545087 0.984375 -1.420117 0.984375 -1.545087 0.984375 -1.545087 1 -1.420117 1 -1.545087 0 -1.420117 0.015625 -1.368993 0.015625 -1.420117 0.015625 -1.368993 0.03125 -1.420117 0.015625 -1.420117 0.03125 -1.420117 0.046875 -1.368993 0.046875 -1.420117 0.046875 -1.368993 0.0625 -1.420117 0.046875 -1.420117 0.0625 -1.368993 0.078125 -1.420117 0.0625 -1.420117 0.078125 -1.368993 0.09375 -1.420117 0.078125 -1.420117 0.09375 -1.420117 0.109375 -1.368993 0.109375 -1.420117 0.109375 -1.368993 0.125 -1.420117 0.109375 -1.420117 0.125 -1.368993 0.140625 -1.420117 0.125 -1.420117 0.140625 -1.420117 0.15625 -1.368993 0.15625 -1.420117 0.15625 -1.368993 0.171875 -1.420117 0.15625 -1.420117 0.171875 -1.420117 0.1875 -1.368993 0.1875 -1.420117 0.1875 -1.420117 0.203125 -1.368993 0.203125 -1.420117 0.203125 -1.420117 0.21875 -1.368993 0.21875 -1.420117 0.21875 -1.368993 0.234375 -1.420117 0.21875 -1.420117 0.234375 -1.368993 0.25 -1.420117 0.234375 -1.420117 0.25 -1.420117 0.265625 -1.368993 0.265625 -1.420117 0.265625 -1.368993 0.28125 -1.420117 0.265625 -1.420117 0.28125 -1.420117 0.296875 -1.368993 0.296875 -1.420117 0.296875 -1.420117 0.3125 -1.368993 0.3125 -1.420117 0.3125 -1.368993 0.328125 -1.420117 0.3125 -1.420117 0.328125 -1.420117 0.34375 -1.368993 0.34375 -1.420117 0.34375 -1.420117 0.359375 -1.368993 0.359375 -1.420117 0.359375 -1.368993 0.375 -1.420117 0.359375 -1.420117 0.375 -1.420117 0.390625 -1.368993 0.390625 -1.420117 0.390625 -1.368993 0.40625 -1.420117 0.390625 -1.420117 0.40625 -1.368993 0.421875 -1.420117 0.40625 -1.420117 0.421875 -1.368993 0.4375 -1.420117 0.421875 -1.420117 0.4375 -1.368993 0.453125 -1.420117 0.4375 -1.420117 0.453125 -1.420117 0.46875 -1.368993 0.46875 -1.420117 0.46875 -1.368993 0.484375 -1.420117 0.46875 -1.420117 0.484375 -1.368993 0.5 -1.420117 0.484375 -1.420117 0.5 -1.420117 0.515625 -1.368993 0.515625 -1.420117 0.515625 -1.368993 0.53125 -1.420117 0.515625 -1.420117 0.53125 -1.420117 0.546875 -1.368993 0.546875 -1.420117 0.546875 -1.368993 0.5625 -1.420117 0.546875 -1.420117 0.5625 -1.420117 0.578125 -1.368993 0.578125 -1.420117 0.578125 -1.420117 0.59375 -1.368993 0.59375 -1.420117 0.59375 -1.420117 0.609375 -1.368993 0.609375 -1.420117 0.609375 -1.368993 0.625 -1.420117 0.609375 -1.420117 0.625 -1.368993 0.640625 -1.420117 0.625 -1.420117 0.640625 -1.368993 0.65625 -1.420117 0.640625 -1.420117 0.65625 -1.420117 0.671875 -1.368993 0.671875 -1.420117 0.671875 -1.420117 0.6875 -1.368993 0.6875 -1.420117 0.6875 -1.368993 0.703125 -1.420117 0.6875 -1.420117 0.703125 -1.420117 0.71875 -1.368993 0.71875 -1.420117 0.71875 -1.368993 0.734375 -1.420117 0.71875 -1.420117 0.734375 -1.368993 0.75 -1.420117 0.734375 -1.420117 0.75 -1.420117 0.765625 -1.368993 0.765625 -1.420117 0.765625 -1.368993 0.78125 -1.420117 0.765625 -1.420117 0.78125 -1.420117 0.796875 -1.368993 0.796875 -1.420117 0.796875 -1.368993 0.8125 -1.420117 0.796875 -1.420117 0.8125 -1.368993 0.828125 -1.420117 0.8125 -1.420117 0.828125 -1.368993 0.84375 -1.420117 0.828125 -1.420117 0.84375 -1.368993 0.859375 -1.420117 0.84375 -1.420117 0.859375 -1.368993 0.8750001 -1.420117 0.859375 -1.420117 0.8750001 -1.420117 0.890625 -1.368993 0.890625 -1.420117 0.890625 -1.420117 0.90625 -1.368993 0.90625 -1.420117 0.90625 -1.368993 0.921875 -1.420117 0.90625 -1.420117 0.921875 -1.420117 0.9375 -1.368993 0.9375 -1.420117 0.9375 -1.368993 0.953125 -1.420117 0.9375 -1.420117 0.953125 -1.420117 0.96875 -1.368993 0.96875 -1.420117 0.96875 -1.368993 0.984375 -1.420117 0.96875 -1.420117 0.984375 -1.420117 1 -1.368993 1 -1.420117 0 -1.368993 0.015625 -1.295147 0.015625 -1.368993 0.015625 -1.368993 0.03125 -1.295147 0.03125 -1.368993 0.03125 -1.295147 0.046875 -1.368993 0.03125 -1.368993 0.046875 -1.368993 0.0625 -1.295147 0.0625 -1.368993 0.0625 -1.368993 0.078125 -1.295147 0.078125 -1.368993 0.078125 -1.368993 0.09375 -1.295147 0.09375 -1.368993 0.09375 -1.295147 0.109375 -1.368993 0.09375 -1.368993 0.109375 -1.368993 0.125 -1.295147 0.125 -1.368993 0.125 -1.368993 0.140625 -1.295147 0.140625 -1.368993 0.140625 -1.295147 0.15625 -1.368993 0.140625 -1.368993 0.15625 -1.368993 0.171875 -1.295147 0.171875 -1.368993 0.171875 -1.368993 0.1875 -1.295147 0.1875 -1.368993 0.1875 -1.368993 0.203125 -1.295147 0.203125 -1.368993 0.203125 -1.368993 0.21875 -1.295147 0.21875 -1.368993 0.21875 -1.368993 0.234375 -1.295147 0.234375 -1.368993 0.234375 -1.368993 0.25 -1.295147 0.25 -1.368993 0.25 -1.368993 0.265625 -1.295147 0.265625 -1.368993 0.265625 -1.368993 0.28125 -1.295147 0.28125 -1.368993 0.28125 -1.295147 0.296875 -1.368993 0.28125 -1.368993 0.296875 -1.368993 0.3125 -1.295147 0.3125 -1.368993 0.3125 -1.295147 0.328125 -1.368993 0.3125 -1.368993 0.328125 -1.368993 0.34375 -1.295147 0.34375 -1.368993 0.34375 -1.295147 0.359375 -1.368993 0.34375 -1.368993 0.359375 -1.368993 0.375 -1.295147 0.375 -1.368993 0.375 -1.295147 0.390625 -1.368993 0.375 -1.368993 0.390625 -1.368993 0.40625 -1.295147 0.40625 -1.368993 0.40625 -1.368993 0.421875 -1.295147 0.421875 -1.368993 0.421875 -1.368993 0.4375 -1.295147 0.4375 -1.368993 0.4375 -1.368993 0.453125 -1.295147 0.453125 -1.368993 0.453125 -1.368993 0.46875 -1.295147 0.46875 -1.368993 0.46875 -1.368993 0.484375 -1.295147 0.484375 -1.368993 0.484375 -1.368993 0.5 -1.295147 0.5 -1.368993 0.5 -1.368993 0.515625 -1.295147 0.515625 -1.368993 0.515625 -1.368993 0.53125 -1.295147 0.53125 -1.368993 0.53125 -1.295147 0.546875 -1.368993 0.53125 -1.368993 0.546875 -1.368993 0.5625 -1.295147 0.5625 -1.368993 0.5625 -1.368993 0.578125 -1.295147 0.578125 -1.368993 0.578125 -1.368993 0.59375 -1.295147 0.59375 -1.368993 0.59375 -1.295147 0.609375 -1.368993 0.59375 -1.368993 0.609375 -1.368993 0.625 -1.295147 0.625 -1.368993 0.625 -1.368993 0.640625 -1.295147 0.640625 -1.368993 0.640625 -1.368993 0.65625 -1.295147 0.65625 -1.368993 0.65625 -1.295147 0.671875 -1.368993 0.65625 -1.368993 0.671875 -1.368993 0.6875 -1.295147 0.6875 -1.368993 0.6875 -1.368993 0.703125 -1.295147 0.703125 -1.368993 0.703125 -1.368993 0.71875 -1.295147 0.71875 -1.368993 0.71875 -1.368993 0.734375 -1.295147 0.734375 -1.368993 0.734375 -1.368993 0.75 -1.295147 0.75 -1.368993 0.75 -1.368993 0.765625 -1.295147 0.765625 -1.368993 0.765625 -1.368993 0.78125 -1.295147 0.78125 -1.368993 0.78125 -1.368993 0.796875 -1.295147 0.796875 -1.368993 0.796875 -1.368993 0.8125 -1.295147 0.8125 -1.368993 0.8125 -1.295147 0.828125 -1.368993 0.8125 -1.368993 0.828125 -1.368993 0.84375 -1.295147 0.84375 -1.368993 0.84375 -1.368993 0.859375 -1.295147 0.859375 -1.368993 0.859375 -1.368993 0.8750001 -1.295147 0.8750001 -1.368993 0.8750001 -1.295147 0.890625 -1.368993 0.8750001 -1.368993 0.890625 -1.295147 0.90625 -1.368993 0.890625 -1.368993 0.90625 -1.368993 0.921875 -1.295147 0.921875 -1.368993 0.921875 -1.368993 0.9375 -1.295147 0.9375 -1.368993 0.9375 -1.368993 0.953125 -1.295147 0.953125 -1.368993 0.953125 -1.368993 0.96875 -1.295147 0.96875 -1.368993 0.96875 -1.368993 0.984375 -1.295147 0.984375 -1.368993 0.984375 -1.368993 1 -1.295147 1 -1.368993 0 -1.295147 0.015625 -1.119052 0.015625 -1.295147 0.015625 -1.295147 0.03125 -1.119052 0.03125 -1.295147 0.03125 -1.295147 0.046875 -1.119052 0.046875 -1.295147 0.046875 -1.119052 0.0625 -1.295147 0.046875 -1.295147 0.0625 -1.119052 0.078125 -1.295147 0.0625 -1.295147 0.078125 -1.295147 0.09375 -1.119052 0.09375 -1.295147 0.09375 -1.295147 0.109375 -1.119052 0.109375 -1.295147 0.109375 -1.295147 0.125 -1.119052 0.125 -1.295147 0.125 -1.119052 0.140625 -1.295147 0.125 -1.295147 0.140625 -1.295147 0.15625 -1.119052 0.15625 -1.295147 0.15625 -1.295147 0.171875 -1.119052 0.171875 -1.295147 0.171875 -1.295147 0.1875 -1.119052 0.1875 -1.295147 0.1875 -1.119052 0.203125 -1.295147 0.1875 -1.295147 0.203125 -1.295147 0.21875 -1.119052 0.21875 -1.295147 0.21875 -1.295147 0.234375 -1.119052 0.234375 -1.295147 0.234375 -1.295147 0.25 -1.119052 0.25 -1.295147 0.25 -1.295147 0.265625 -1.119052 0.265625 -1.295147 0.265625 -1.295147 0.28125 -1.119052 0.28125 -1.295147 0.28125 -1.295147 0.296875 -1.119052 0.296875 -1.295147 0.296875 -1.119052 0.3125 -1.295147 0.296875 -1.295147 0.3125 -1.295147 0.328125 -1.119052 0.328125 -1.295147 0.328125 -1.295147 0.34375 -1.119052 0.34375 -1.295147 0.34375 -1.295147 0.359375 -1.119052 0.359375 -1.295147 0.359375 -1.119052 0.375 -1.295147 0.359375 -1.295147 0.375 -1.295147 0.390625 -1.119052 0.390625 -1.295147 0.390625 -1.295147 0.40625 -1.119052 0.40625 -1.295147 0.40625 -1.295147 0.421875 -1.119052 0.421875 -1.295147 0.421875 -1.119052 0.4375 -1.295147 0.421875 -1.295147 0.4375 -1.295147 0.453125 -1.119052 0.453125 -1.295147 0.453125 -1.295147 0.46875 -1.119052 0.46875 -1.295147 0.46875 -1.119052 0.484375 -1.295147 0.46875 -1.295147 0.484375 -1.295147 0.5 -1.119052 0.5 -1.295147 0.5 -1.295147 0.515625 -1.119052 0.515625 -1.295147 0.515625 -1.295147 0.53125 -1.119052 0.53125 -1.295147 0.53125 -1.295147 0.546875 -1.119052 0.546875 -1.295147 0.546875 -1.119052 0.5625 -1.295147 0.546875 -1.295147 0.5625 -1.295147 0.578125 -1.119052 0.578125 -1.295147 0.578125 -1.295147 0.59375 -1.119052 0.59375 -1.295147 0.59375 -1.295147 0.609375 -1.119052 0.609375 -1.295147 0.609375 -1.119052 0.625 -1.295147 0.609375 -1.295147 0.625 -1.119052 0.640625 -1.295147 0.625 -1.295147 0.640625 -1.295147 0.65625 -1.119052 0.65625 -1.295147 0.65625 -1.295147 0.671875 -1.119052 0.671875 -1.295147 0.671875 -1.295147 0.6875 -1.119052 0.6875 -1.295147 0.6875 -1.119052 0.703125 -1.295147 0.6875 -1.295147 0.703125 -1.119052 0.71875 -1.295147 0.703125 -1.295147 0.71875 -1.119052 0.734375 -1.295147 0.71875 -1.295147 0.734375 -1.295147 0.75 -1.119052 0.75 -1.295147 0.75 -1.295147 0.765625 -1.119052 0.765625 -1.295147 0.765625 -1.295147 0.78125 -1.119052 0.78125 -1.295147 0.78125 -1.295147 0.796875 -1.119052 0.796875 -1.295147 0.796875 -1.295147 0.8125 -1.119052 0.8125 -1.295147 0.8125 -1.295147 0.828125 -1.119052 0.828125 -1.295147 0.828125 -1.295147 0.84375 -1.119052 0.84375 -1.295147 0.84375 -1.295147 0.859375 -1.119052 0.859375 -1.295147 0.859375 -1.295147 0.8750001 -1.119052 0.8750001 -1.295147 0.8750001 -1.295147 0.890625 -1.119052 0.890625 -1.295147 0.890625 -1.295147 0.90625 -1.119052 0.90625 -1.295147 0.90625 -1.119052 0.921875 -1.295147 0.90625 -1.295147 0.921875 -1.119052 0.9375 -1.295147 0.921875 -1.295147 0.9375 -1.119052 0.953125 -1.295147 0.9375 -1.295147 0.953125 -1.295147 0.96875 -1.119052 0.96875 -1.295147 0.96875 -1.295147 0.984375 -1.119052 0.984375 -1.295147 0.984375 -1.295147 1 -1.119052 1 -1.295147 0 -1.119052 0.015625 -1.073608 0.015625 -1.119052 0.015625 -1.119052 0.03125 -1.073608 0.03125 -1.119052 0.03125 -1.073608 0.046875 -1.119052 0.03125 -1.119052 0.046875 -1.119052 0.0625 -1.073608 0.0625 -1.119052 0.0625 -1.119052 0.078125 -1.073608 0.078125 -1.119052 0.078125 -1.073608 0.09375 -1.119052 0.078125 -1.119052 0.09375 -1.073608 0.109375 -1.119052 0.09375 -1.119052 0.109375 -1.119052 0.125 -1.073608 0.125 -1.119052 0.125 -1.119052 0.140625 -1.073608 0.140625 -1.119052 0.140625 -1.119052 0.15625 -1.073608 0.15625 -1.119052 0.15625 -1.073608 0.171875 -1.119052 0.15625 -1.119052 0.171875 -1.073608 0.1875 -1.119052 0.171875 -1.119052 0.1875 -1.119052 0.203125 -1.073608 0.203125 -1.119052 0.203125 -1.073608 0.21875 -1.119052 0.203125 -1.119052 0.21875 -1.073608 0.234375 -1.119052 0.21875 -1.119052 0.234375 -1.119052 0.25 -1.073608 0.25 -1.119052 0.25 -1.119052 0.265625 -1.073608 0.265625 -1.119052 0.265625 -1.119052 0.28125 -1.073608 0.28125 -1.119052 0.28125 -1.073608 0.296875 -1.119052 0.28125 -1.119052 0.296875 -1.119052 0.3125 -1.073608 0.3125 -1.119052 0.3125 -1.119052 0.328125 -1.073608 0.328125 -1.119052 0.328125 -1.073608 0.34375 -1.119052 0.328125 -1.119052 0.34375 -1.073608 0.359375 -1.119052 0.34375 -1.119052 0.359375 -1.073608 0.375 -1.119052 0.359375 -1.119052 0.375 -1.119052 0.390625 -1.073608 0.390625 -1.119052 0.390625 -1.073608 0.40625 -1.119052 0.390625 -1.119052 0.40625 -1.073608 0.421875 -1.119052 0.40625 -1.119052 0.421875 -1.119052 0.4375 -1.073608 0.4375 -1.119052 0.4375 -1.119052 0.453125 -1.073608 0.453125 -1.119052 0.453125 -1.073608 0.46875 -1.119052 0.453125 -1.119052 0.46875 -1.073608 0.484375 -1.119052 0.46875 -1.119052 0.484375 -1.119052 0.5 -1.073608 0.5 -1.119052 0.5 -1.119052 0.515625 -1.073608 0.515625 -1.119052 0.515625 -1.119052 0.53125 -1.073608 0.53125 -1.119052 0.53125 -1.073608 0.546875 -1.119052 0.53125 -1.119052 0.546875 -1.073608 0.5625 -1.119052 0.546875 -1.119052 0.5625 -1.119052 0.578125 -1.073608 0.578125 -1.119052 0.578125 -1.073608 0.59375 -1.119052 0.578125 -1.119052 0.59375 -1.119052 0.609375 -1.073608 0.609375 -1.119052 0.609375 -1.119052 0.625 -1.073608 0.625 -1.119052 0.625 -1.119052 0.640625 -1.073608 0.640625 -1.119052 0.640625 -1.073608 0.65625 -1.119052 0.640625 -1.119052 0.65625 -1.073608 0.671875 -1.119052 0.65625 -1.119052 0.671875 -1.073608 0.6875 -1.119052 0.671875 -1.119052 0.6875 -1.073608 0.703125 -1.119052 0.6875 -1.119052 0.703125 -1.073608 0.71875 -1.119052 0.703125 -1.119052 0.71875 -1.073608 0.734375 -1.119052 0.71875 -1.119052 0.734375 -1.119052 0.75 -1.073608 0.75 -1.119052 0.75 -1.119052 0.765625 -1.073608 0.765625 -1.119052 0.765625 -1.119052 0.78125 -1.073608 0.78125 -1.119052 0.78125 -1.073608 0.796875 -1.119052 0.78125 -1.119052 0.796875 -1.119052 0.8125 -1.073608 0.8125 -1.119052 0.8125 -1.119052 0.828125 -1.073608 0.828125 -1.119052 0.828125 -1.119052 0.84375 -1.073608 0.84375 -1.119052 0.84375 -1.073608 0.859375 -1.119052 0.84375 -1.119052 0.859375 -1.073608 0.8750001 -1.119052 0.859375 -1.119052 0.8750001 -1.119052 0.890625 -1.073608 0.890625 -1.119052 0.890625 -1.073608 0.90625 -1.119052 0.890625 -1.119052 0.90625 -1.073608 0.921875 -1.119052 0.90625 -1.119052 0.921875 -1.119052 0.9375 -1.073608 0.9375 -1.119052 0.9375 -1.073608 0.953125 -1.119052 0.9375 -1.119052 0.953125 -1.073608 0.96875 -1.119052 0.953125 -1.119052 0.96875 -1.119052 0.984375 -1.073608 0.984375 -1.119052 0.984375 -1.073608 1 -1.119052 0.984375 -1.119052 0 -1.073608 0.015625 -0.9656795 0.015625 -1.073608 0.015625 -1.073608 0.03125 -0.9656795 0.03125 -1.073608 0.03125 -1.073608 0.046875 -0.9656795 0.046875 -1.073608 0.046875 -1.073608 0.0625 -0.9656795 0.0625 -1.073608 0.0625 -1.073608 0.078125 -0.9656795 0.078125 -1.073608 0.078125 -1.073608 0.09375 -0.9656795 0.09375 -1.073608 0.09375 -1.073608 0.109375 -0.9656795 0.109375 -1.073608 0.109375 -1.073608 0.125 -0.9656795 0.125 -1.073608 0.125 -0.9656795 0.140625 -1.073608 0.125 -1.073608 0.140625 -1.073608 0.15625 -0.9656795 0.15625 -1.073608 0.15625 -1.073608 0.171875 -0.9656795 0.171875 -1.073608 0.171875 -0.9656795 0.1875 -1.073608 0.171875 -1.073608 0.1875 -1.073608 0.203125 -0.9656795 0.203125 -1.073608 0.203125 -1.073608 0.21875 -0.9656795 0.21875 -1.073608 0.21875 -1.073608 0.234375 -0.9656795 0.234375 -1.073608 0.234375 -1.073608 0.25 -0.9656795 0.25 -1.073608 0.25 -1.073608 0.265625 -0.9656795 0.265625 -1.073608 0.265625 -1.073608 0.28125 -0.9656795 0.28125 -1.073608 0.28125 -1.073608 0.296875 -0.9656795 0.296875 -1.073608 0.296875 -1.073608 0.3125 -0.9656795 0.3125 -1.073608 0.3125 -0.9656795 0.328125 -1.073608 0.3125 -1.073608 0.328125 -0.9656795 0.34375 -1.073608 0.328125 -1.073608 0.34375 -1.073608 0.359375 -0.9656795 0.359375 -1.073608 0.359375 -1.073608 0.375 -0.9656795 0.375 -1.073608 0.375 -0.9656795 0.390625 -1.073608 0.375 -1.073608 0.390625 -1.073608 0.40625 -0.9656795 0.40625 -1.073608 0.40625 -1.073608 0.421875 -0.9656795 0.421875 -1.073608 0.421875 -0.9656795 0.4375 -1.073608 0.421875 -1.073608 0.4375 -1.073608 0.453125 -0.9656795 0.453125 -1.073608 0.453125 -1.073608 0.46875 -0.9656795 0.46875 -1.073608 0.46875 -1.073608 0.484375 -0.9656795 0.484375 -1.073608 0.484375 -1.073608 0.5 -0.9656795 0.5 -1.073608 0.5 -1.073608 0.515625 -0.9656795 0.515625 -1.073608 0.515625 -1.073608 0.53125 -0.9656795 0.53125 -1.073608 0.53125 -1.073608 0.546875 -0.9656795 0.546875 -1.073608 0.546875 -1.073608 0.5625 -0.9656795 0.5625 -1.073608 0.5625 -1.073608 0.578125 -0.9656795 0.578125 -1.073608 0.578125 -1.073608 0.59375 -0.9656795 0.59375 -1.073608 0.59375 -1.073608 0.609375 -0.9656795 0.609375 -1.073608 0.609375 -1.073608 0.625 -0.9656795 0.625 -1.073608 0.625 -1.073608 0.640625 -0.9656795 0.640625 -1.073608 0.640625 -1.073608 0.65625 -0.9656795 0.65625 -1.073608 0.65625 -0.9656795 0.671875 -1.073608 0.65625 -1.073608 0.671875 -0.9656795 0.6875 -1.073608 0.671875 -1.073608 0.6875 -1.073608 0.703125 -0.9656795 0.703125 -1.073608 0.703125 -1.073608 0.71875 -0.9656795 0.71875 -1.073608 0.71875 -1.073608 0.734375 -0.9656795 0.734375 -1.073608 0.734375 -1.073608 0.75 -0.9656795 0.75 -1.073608 0.75 -1.073608 0.765625 -0.9656795 0.765625 -1.073608 0.765625 -1.073608 0.78125 -0.9656795 0.78125 -1.073608 0.78125 -1.073608 0.796875 -0.9656795 0.796875 -1.073608 0.796875 -1.073608 0.8125 -0.9656795 0.8125 -1.073608 0.8125 -0.9656795 0.828125 -1.073608 0.8125 -1.073608 0.828125 -0.9656795 0.84375 -1.073608 0.828125 -1.073608 0.84375 -0.9656795 0.859375 -1.073608 0.84375 -1.073608 0.859375 -1.073608 0.8750001 -0.9656795 0.8750001 -1.073608 0.8750001 -1.073608 0.890625 -0.9656795 0.890625 -1.073608 0.890625 -1.073608 0.90625 -0.9656795 0.90625 -1.073608 0.90625 -0.9656795 0.921875 -1.073608 0.90625 -1.073608 0.921875 -1.073608 0.9375 -0.9656795 0.9375 -1.073608 0.9375 -1.073608 0.953125 -0.9656795 0.953125 -1.073608 0.953125 -1.073608 0.96875 -0.9656795 0.96875 -1.073608 0.96875 -1.073608 0.984375 -0.9656795 0.984375 -1.073608 0.984375 -1.073608 1 -0.9656795 1 -1.073608 0 -0.9656795 0.015625 -0.789585 0.015625 -0.9656795 0.015625 -0.9656795 0.03125 -0.789585 0.03125 -0.9656795 0.03125 -0.9656795 0.046875 -0.789585 0.046875 -0.9656795 0.046875 -0.789585 0.0625 -0.9656795 0.046875 -0.9656795 0.0625 -0.9656795 0.078125 -0.789585 0.078125 -0.9656795 0.078125 -0.9656795 0.09375 -0.789585 0.09375 -0.9656795 0.09375 -0.9656795 0.109375 -0.789585 0.109375 -0.9656795 0.109375 -0.789585 0.125 -0.9656795 0.109375 -0.9656795 0.125 -0.789585 0.140625 -0.9656795 0.125 -0.9656795 0.140625 -0.789585 0.15625 -0.9656795 0.140625 -0.9656795 0.15625 -0.9656795 0.171875 -0.789585 0.171875 -0.9656795 0.171875 -0.9656795 0.1875 -0.789585 0.1875 -0.9656795 0.1875 -0.9656795 0.203125 -0.789585 0.203125 -0.9656795 0.203125 -0.789585 0.21875 -0.9656795 0.203125 -0.9656795 0.21875 -0.9656795 0.234375 -0.789585 0.234375 -0.9656795 0.234375 -0.9656795 0.25 -0.789585 0.25 -0.9656795 0.25 -0.9656795 0.265625 -0.789585 0.265625 -0.9656795 0.265625 -0.789585 0.28125 -0.9656795 0.265625 -0.9656795 0.28125 -0.789585 0.296875 -0.9656795 0.28125 -0.9656795 0.296875 -0.9656795 0.3125 -0.789585 0.3125 -0.9656795 0.3125 -0.9656795 0.328125 -0.789585 0.328125 -0.9656795 0.328125 -0.9656795 0.34375 -0.789585 0.34375 -0.9656795 0.34375 -0.9656795 0.359375 -0.789585 0.359375 -0.9656795 0.359375 -0.9656795 0.375 -0.789585 0.375 -0.9656795 0.375 -0.789585 0.390625 -0.9656795 0.375 -0.9656795 0.390625 -0.789585 0.40625 -0.9656795 0.390625 -0.9656795 0.40625 -0.9656795 0.421875 -0.789585 0.421875 -0.9656795 0.421875 -0.9656795 0.4375 -0.789585 0.4375 -0.9656795 0.4375 -0.9656795 0.453125 -0.789585 0.453125 -0.9656795 0.453125 -0.789585 0.46875 -0.9656795 0.453125 -0.9656795 0.46875 -0.9656795 0.484375 -0.789585 0.484375 -0.9656795 0.484375 -0.9656795 0.5 -0.789585 0.5 -0.9656795 0.5 -0.9656795 0.515625 -0.789585 0.515625 -0.9656795 0.515625 -0.9656795 0.53125 -0.789585 0.53125 -0.9656795 0.53125 -0.9656795 0.546875 -0.789585 0.546875 -0.9656795 0.546875 -0.789585 0.5625 -0.9656795 0.546875 -0.9656795 0.5625 -0.9656795 0.578125 -0.789585 0.578125 -0.9656795 0.578125 -0.9656795 0.59375 -0.789585 0.59375 -0.9656795 0.59375 -0.9656795 0.609375 -0.789585 0.609375 -0.9656795 0.609375 -0.789585 0.625 -0.9656795 0.609375 -0.9656795 0.625 -0.9656795 0.640625 -0.789585 0.640625 -0.9656795 0.640625 -0.9656795 0.65625 -0.789585 0.65625 -0.9656795 0.65625 -0.9656795 0.671875 -0.789585 0.671875 -0.9656795 0.671875 -0.9656795 0.6875 -0.789585 0.6875 -0.9656795 0.6875 -0.789585 0.703125 -0.9656795 0.6875 -0.9656795 0.703125 -0.789585 0.71875 -0.9656795 0.703125 -0.9656795 0.71875 -0.9656795 0.734375 -0.789585 0.734375 -0.9656795 0.734375 -0.9656795 0.75 -0.789585 0.75 -0.9656795 0.75 -0.9656795 0.765625 -0.789585 0.765625 -0.9656795 0.765625 -0.789585 0.78125 -0.9656795 0.765625 -0.9656795 0.78125 -0.9656795 0.796875 -0.789585 0.796875 -0.9656795 0.796875 -0.789585 0.8125 -0.9656795 0.796875 -0.9656795 0.8125 -0.9656795 0.828125 -0.789585 0.828125 -0.9656795 0.828125 -0.789585 0.84375 -0.9656795 0.828125 -0.9656795 0.84375 -0.9656795 0.859375 -0.789585 0.859375 -0.9656795 0.859375 -0.789585 0.8750001 -0.9656795 0.859375 -0.9656795 0.8750001 -0.789585 0.890625 -0.9656795 0.8750001 -0.9656795 0.890625 -0.9656795 0.90625 -0.789585 0.90625 -0.9656795 0.90625 -0.9656795 0.921875 -0.789585 0.921875 -0.9656795 0.921875 -0.9656795 0.9375 -0.789585 0.9375 -0.9656795 0.9375 -0.789585 0.953125 -0.9656795 0.9375 -0.9656795 0.953125 -0.9656795 0.96875 -0.789585 0.96875 -0.9656795 0.96875 -0.9656795 0.984375 -0.789585 0.984375 -0.9656795 0.984375 -0.9656795 1 -0.789585 1 -0.9656795 0 -0.789585 0.015625 -0.6305319 0.015625 -0.789585 0.015625 -0.789585 0.03125 -0.6305319 0.03125 -0.789585 0.03125 -0.789585 0.046875 -0.6305319 0.046875 -0.789585 0.046875 -0.789585 0.0625 -0.6305319 0.0625 -0.789585 0.0625 -0.6305319 0.078125 -0.789585 0.0625 -0.789585 0.078125 -0.789585 0.09375 -0.6305319 0.09375 -0.789585 0.09375 -0.789585 0.109375 -0.6305319 0.109375 -0.789585 0.109375 -0.789585 0.125 -0.6305319 0.125 -0.789585 0.125 -0.789585 0.140625 -0.6305319 0.140625 -0.789585 0.140625 -0.789585 0.15625 -0.6305319 0.15625 -0.789585 0.15625 -0.789585 0.171875 -0.6305319 0.171875 -0.789585 0.171875 -0.789585 0.1875 -0.6305319 0.1875 -0.789585 0.1875 -0.789585 0.203125 -0.6305319 0.203125 -0.789585 0.203125 -0.789585 0.21875 -0.6305319 0.21875 -0.789585 0.21875 -0.789585 0.234375 -0.6305319 0.234375 -0.789585 0.234375 -0.789585 0.25 -0.6305319 0.25 -0.789585 0.25 -0.789585 0.265625 -0.6305319 0.265625 -0.789585 0.265625 -0.789585 0.28125 -0.6305319 0.28125 -0.789585 0.28125 -0.789585 0.296875 -0.6305319 0.296875 -0.789585 0.296875 -0.789585 0.3125 -0.6305319 0.3125 -0.789585 0.3125 -0.789585 0.328125 -0.6305319 0.328125 -0.789585 0.328125 -0.789585 0.34375 -0.6305319 0.34375 -0.789585 0.34375 -0.6305319 0.359375 -0.789585 0.34375 -0.789585 0.359375 -0.789585 0.375 -0.6305319 0.375 -0.789585 0.375 -0.789585 0.390625 -0.6305319 0.390625 -0.789585 0.390625 -0.789585 0.40625 -0.6305319 0.40625 -0.789585 0.40625 -0.789585 0.421875 -0.6305319 0.421875 -0.789585 0.421875 -0.789585 0.4375 -0.6305319 0.4375 -0.789585 0.4375 -0.789585 0.453125 -0.6305319 0.453125 -0.789585 0.453125 -0.789585 0.46875 -0.6305319 0.46875 -0.789585 0.46875 -0.789585 0.484375 -0.6305319 0.484375 -0.789585 0.484375 -0.789585 0.5 -0.6305319 0.5 -0.789585 0.5 -0.789585 0.515625 -0.6305319 0.515625 -0.789585 0.515625 -0.789585 0.53125 -0.6305319 0.53125 -0.789585 0.53125 -0.789585 0.546875 -0.6305319 0.546875 -0.789585 0.546875 -0.789585 0.5625 -0.6305319 0.5625 -0.789585 0.5625 -0.789585 0.578125 -0.6305319 0.578125 -0.789585 0.578125 -0.789585 0.59375 -0.6305319 0.59375 -0.789585 0.59375 -0.789585 0.609375 -0.6305319 0.609375 -0.789585 0.609375 -0.789585 0.625 -0.6305319 0.625 -0.789585 0.625 -0.789585 0.640625 -0.6305319 0.640625 -0.789585 0.640625 -0.789585 0.65625 -0.6305319 0.65625 -0.789585 0.65625 -0.789585 0.671875 -0.6305319 0.671875 -0.789585 0.671875 -0.6305319 0.6875 -0.789585 0.671875 -0.789585 0.6875 -0.789585 0.703125 -0.6305319 0.703125 -0.789585 0.703125 -0.789585 0.71875 -0.6305319 0.71875 -0.789585 0.71875 -0.789585 0.734375 -0.6305319 0.734375 -0.789585 0.734375 -0.789585 0.75 -0.6305319 0.75 -0.789585 0.75 -0.789585 0.765625 -0.6305319 0.765625 -0.789585 0.765625 -0.789585 0.78125 -0.6305319 0.78125 -0.789585 0.78125 -0.789585 0.796875 -0.6305319 0.796875 -0.789585 0.796875 -0.789585 0.8125 -0.6305319 0.8125 -0.789585 0.8125 -0.789585 0.828125 -0.6305319 0.828125 -0.789585 0.828125 -0.789585 0.84375 -0.6305319 0.84375 -0.789585 0.84375 -0.789585 0.859375 -0.6305319 0.859375 -0.789585 0.859375 -0.789585 0.8750001 -0.6305319 0.8750001 -0.789585 0.8750001 -0.789585 0.890625 -0.6305319 0.890625 -0.789585 0.890625 -0.789585 0.90625 -0.6305319 0.90625 -0.789585 0.90625 -0.789585 0.921875 -0.6305319 0.921875 -0.789585 0.921875 -0.6305319 0.9375 -0.789585 0.921875 -0.789585 0.9375 -0.789585 0.953125 -0.6305319 0.953125 -0.789585 0.953125 -0.789585 0.96875 -0.6305319 0.96875 -0.789585 0.96875 -0.789585 0.984375 -0.6305319 0.984375 -0.789585 0.984375 -0.789585 1 -0.6305319 1 -0.789585 0 -0.6305319 0.015625 -0.4771593 0.015625 -0.6305319 0.015625 -0.4771593 0.03125 -0.6305319 0.015625 -0.6305319 0.03125 -0.4771593 0.046875 -0.6305319 0.03125 -0.6305319 0.046875 -0.6305319 0.0625 -0.4771593 0.0625 -0.6305319 0.0625 -0.6305319 0.078125 -0.4771593 0.078125 -0.6305319 0.078125 -0.6305319 0.09375 -0.4771593 0.09375 -0.6305319 0.09375 -0.4771593 0.109375 -0.6305319 0.09375 -0.6305319 0.109375 -0.6305319 0.125 -0.4771593 0.125 -0.6305319 0.125 -0.4771593 0.140625 -0.6305319 0.125 -0.6305319 0.140625 -0.4771593 0.15625 -0.6305319 0.140625 -0.6305319 0.15625 -0.6305319 0.171875 -0.4771593 0.171875 -0.6305319 0.171875 -0.6305319 0.1875 -0.4771593 0.1875 -0.6305319 0.1875 -0.6305319 0.203125 -0.4771593 0.203125 -0.6305319 0.203125 -0.6305319 0.21875 -0.4771593 0.21875 -0.6305319 0.21875 -0.6305319 0.234375 -0.4771593 0.234375 -0.6305319 0.234375 -0.4771593 0.25 -0.6305319 0.234375 -0.6305319 0.25 -0.6305319 0.265625 -0.4771593 0.265625 -0.6305319 0.265625 -0.6305319 0.28125 -0.4771593 0.28125 -0.6305319 0.28125 -0.6305319 0.296875 -0.4771593 0.296875 -0.6305319 0.296875 -0.6305319 0.3125 -0.4771593 0.3125 -0.6305319 0.3125 -0.6305319 0.328125 -0.4771593 0.328125 -0.6305319 0.328125 -0.6305319 0.34375 -0.4771593 0.34375 -0.6305319 0.34375 -0.4771593 0.359375 -0.6305319 0.34375 -0.6305319 0.359375 -0.6305319 0.375 -0.4771593 0.375 -0.6305319 0.375 -0.4771593 0.390625 -0.6305319 0.375 -0.6305319 0.390625 -0.4771593 0.40625 -0.6305319 0.390625 -0.6305319 0.40625 -0.6305319 0.421875 -0.4771593 0.421875 -0.6305319 0.421875 -0.6305319 0.4375 -0.4771593 0.4375 -0.6305319 0.4375 -0.6305319 0.453125 -0.4771593 0.453125 -0.6305319 0.453125 -0.6305319 0.46875 -0.4771593 0.46875 -0.6305319 0.46875 -0.6305319 0.484375 -0.4771593 0.484375 -0.6305319 0.484375 -0.4771593 0.5 -0.6305319 0.484375 -0.6305319 0.5 -0.6305319 0.515625 -0.4771593 0.515625 -0.6305319 0.515625 -0.4771593 0.53125 -0.6305319 0.515625 -0.6305319 0.53125 -0.6305319 0.546875 -0.4771593 0.546875 -0.6305319 0.546875 -0.6305319 0.5625 -0.4771593 0.5625 -0.6305319 0.5625 -0.6305319 0.578125 -0.4771593 0.578125 -0.6305319 0.578125 -0.6305319 0.59375 -0.4771593 0.59375 -0.6305319 0.59375 -0.4771593 0.609375 -0.6305319 0.59375 -0.6305319 0.609375 -0.6305319 0.625 -0.4771593 0.625 -0.6305319 0.625 -0.4771593 0.640625 -0.6305319 0.625 -0.6305319 0.640625 -0.4771593 0.65625 -0.6305319 0.640625 -0.6305319 0.65625 -0.6305319 0.671875 -0.4771593 0.671875 -0.6305319 0.671875 -0.6305319 0.6875 -0.4771593 0.6875 -0.6305319 0.6875 -0.6305319 0.703125 -0.4771593 0.703125 -0.6305319 0.703125 -0.6305319 0.71875 -0.4771593 0.71875 -0.6305319 0.71875 -0.6305319 0.734375 -0.4771593 0.734375 -0.6305319 0.734375 -0.4771593 0.75 -0.6305319 0.734375 -0.6305319 0.75 -0.4771593 0.765625 -0.6305319 0.75 -0.6305319 0.765625 -0.4771593 0.78125 -0.6305319 0.765625 -0.6305319 0.78125 -0.6305319 0.796875 -0.4771593 0.796875 -0.6305319 0.796875 -0.6305319 0.8125 -0.4771593 0.8125 -0.6305319 0.8125 -0.6305319 0.828125 -0.4771593 0.828125 -0.6305319 0.828125 -0.4771593 0.84375 -0.6305319 0.828125 -0.6305319 0.84375 -0.6305319 0.859375 -0.4771593 0.859375 -0.6305319 0.859375 -0.6305319 0.8750001 -0.4771593 0.8750001 -0.6305319 0.8750001 -0.6305319 0.890625 -0.4771593 0.890625 -0.6305319 0.890625 -0.4771593 0.90625 -0.6305319 0.890625 -0.6305319 0.90625 -0.6305319 0.921875 -0.4771593 0.921875 -0.6305319 0.921875 -0.4771593 0.9375 -0.6305319 0.921875 -0.6305319 0.9375 -0.6305319 0.953125 -0.4771593 0.953125 -0.6305319 0.953125 -0.6305319 0.96875 -0.4771593 0.96875 -0.6305319 0.96875 -0.4771593 0.984375 -0.6305319 0.96875 -0.6305319 0.984375 -0.6305319 1 -0.4771593 1 -0.6305319 0 -0.4771593 0.015625 -0.3578695 0.015625 -0.4771593 0.015625 -0.4771593 0.03125 -0.3578695 0.03125 -0.4771593 0.03125 -0.4771593 0.046875 -0.3578695 0.046875 -0.4771593 0.046875 -0.4771593 0.0625 -0.3578695 0.0625 -0.4771593 0.0625 -0.4771593 0.078125 -0.3578695 0.078125 -0.4771593 0.078125 -0.4771593 0.09375 -0.3578695 0.09375 -0.4771593 0.09375 -0.4771593 0.109375 -0.3578695 0.109375 -0.4771593 0.109375 -0.4771593 0.125 -0.3578695 0.125 -0.4771593 0.125 -0.4771593 0.140625 -0.3578695 0.140625 -0.4771593 0.140625 -0.4771593 0.15625 -0.3578695 0.15625 -0.4771593 0.15625 -0.4771593 0.171875 -0.3578695 0.171875 -0.4771593 0.171875 -0.4771593 0.1875 -0.3578695 0.1875 -0.4771593 0.1875 -0.4771593 0.203125 -0.3578695 0.203125 -0.4771593 0.203125 -0.4771593 0.21875 -0.3578695 0.21875 -0.4771593 0.21875 -0.4771593 0.234375 -0.3578695 0.234375 -0.4771593 0.234375 -0.4771593 0.25 -0.3578695 0.25 -0.4771593 0.25 -0.4771593 0.265625 -0.3578695 0.265625 -0.4771593 0.265625 -0.4771593 0.28125 -0.3578695 0.28125 -0.4771593 0.28125 -0.4771593 0.296875 -0.3578695 0.296875 -0.4771593 0.296875 -0.4771593 0.3125 -0.3578695 0.3125 -0.4771593 0.3125 -0.4771593 0.328125 -0.3578695 0.328125 -0.4771593 0.328125 -0.4771593 0.34375 -0.3578695 0.34375 -0.4771593 0.34375 -0.4771593 0.359375 -0.3578695 0.359375 -0.4771593 0.359375 -0.3578695 0.375 -0.4771593 0.359375 -0.4771593 0.375 -0.4771593 0.390625 -0.3578695 0.390625 -0.4771593 0.390625 -0.4771593 0.40625 -0.3578695 0.40625 -0.4771593 0.40625 -0.4771593 0.421875 -0.3578695 0.421875 -0.4771593 0.421875 -0.4771593 0.4375 -0.3578695 0.4375 -0.4771593 0.4375 -0.3578695 0.453125 -0.4771593 0.4375 -0.4771593 0.453125 -0.4771593 0.46875 -0.3578695 0.46875 -0.4771593 0.46875 -0.4771593 0.484375 -0.3578695 0.484375 -0.4771593 0.484375 -0.4771593 0.5 -0.3578695 0.5 -0.4771593 0.5 -0.4771593 0.515625 -0.3578695 0.515625 -0.4771593 0.515625 -0.4771593 0.53125 -0.3578695 0.53125 -0.4771593 0.53125 -0.4771593 0.546875 -0.3578695 0.546875 -0.4771593 0.546875 -0.4771593 0.5625 -0.3578695 0.5625 -0.4771593 0.5625 -0.4771593 0.578125 -0.3578695 0.578125 -0.4771593 0.578125 -0.4771593 0.59375 -0.3578695 0.59375 -0.4771593 0.59375 -0.4771593 0.609375 -0.3578695 0.609375 -0.4771593 0.609375 -0.4771593 0.625 -0.3578695 0.625 -0.4771593 0.625 -0.3578695 0.640625 -0.4771593 0.625 -0.4771593 0.640625 -0.4771593 0.65625 -0.3578695 0.65625 -0.4771593 0.65625 -0.4771593 0.671875 -0.3578695 0.671875 -0.4771593 0.671875 -0.4771593 0.6875 -0.3578695 0.6875 -0.4771593 0.6875 -0.4771593 0.703125 -0.3578695 0.703125 -0.4771593 0.703125 -0.4771593 0.71875 -0.3578695 0.71875 -0.4771593 0.71875 -0.4771593 0.734375 -0.3578695 0.734375 -0.4771593 0.734375 -0.4771593 0.75 -0.3578695 0.75 -0.4771593 0.75 -0.4771593 0.765625 -0.3578695 0.765625 -0.4771593 0.765625 -0.4771593 0.78125 -0.3578695 0.78125 -0.4771593 0.78125 -0.4771593 0.796875 -0.3578695 0.796875 -0.4771593 0.796875 -0.4771593 0.8125 -0.3578695 0.8125 -0.4771593 0.8125 -0.4771593 0.828125 -0.3578695 0.828125 -0.4771593 0.828125 -0.4771593 0.84375 -0.3578695 0.84375 -0.4771593 0.84375 -0.4771593 0.859375 -0.3578695 0.859375 -0.4771593 0.859375 -0.4771593 0.8750001 -0.3578695 0.8750001 -0.4771593 0.8750001 -0.3578695 0.890625 -0.4771593 0.8750001 -0.4771593 0.890625 -0.4771593 0.90625 -0.3578695 0.90625 -0.4771593 0.90625 -0.4771593 0.921875 -0.3578695 0.921875 -0.4771593 0.921875 -0.4771593 0.9375 -0.3578695 0.9375 -0.4771593 0.9375 -0.4771593 0.953125 -0.3578695 0.953125 -0.4771593 0.953125 -0.4771593 0.96875 -0.3578695 0.96875 -0.4771593 0.96875 -0.4771593 0.984375 -0.3578695 0.984375 -0.4771593 0.984375 -0.4771593 1 -0.3578695 1 -0.4771593 0 -0.3578695 0.015625 -0.1988162 0.015625 -0.3578695 0.015625 -0.3578695 0.03125 -0.1988162 0.03125 -0.3578695 0.03125 -0.1988162 0.046875 -0.3578695 0.03125 -0.3578695 0.046875 -0.3578695 0.0625 -0.1988162 0.0625 -0.3578695 0.0625 -0.1988162 0.078125 -0.3578695 0.0625 -0.3578695 0.078125 -0.3578695 0.09375 -0.1988162 0.09375 -0.3578695 0.09375 -0.3578695 0.109375 -0.1988162 0.109375 -0.3578695 0.109375 -0.3578695 0.125 -0.1988162 0.125 -0.3578695 0.125 -0.3578695 0.140625 -0.1988162 0.140625 -0.3578695 0.140625 -0.3578695 0.15625 -0.1988162 0.15625 -0.3578695 0.15625 -0.3578695 0.171875 -0.1988162 0.171875 -0.3578695 0.171875 -0.1988162 0.1875 -0.3578695 0.171875 -0.3578695 0.1875 -0.1988162 0.203125 -0.3578695 0.1875 -0.3578695 0.203125 -0.3578695 0.21875 -0.1988162 0.21875 -0.3578695 0.21875 -0.3578695 0.234375 -0.1988162 0.234375 -0.3578695 0.234375 -0.3578695 0.25 -0.1988162 0.25 -0.3578695 0.25 -0.3578695 0.265625 -0.1988162 0.265625 -0.3578695 0.265625 -0.3578695 0.28125 -0.1988162 0.28125 -0.3578695 0.28125 -0.3578695 0.296875 -0.1988162 0.296875 -0.3578695 0.296875 -0.1988162 0.3125 -0.3578695 0.296875 -0.3578695 0.3125 -0.1988162 0.328125 -0.3578695 0.3125 -0.3578695 0.328125 -0.1988162 0.34375 -0.3578695 0.328125 -0.3578695 0.34375 -0.3578695 0.359375 -0.1988162 0.359375 -0.3578695 0.359375 -0.3578695 0.375 -0.1988162 0.375 -0.3578695 0.375 -0.3578695 0.390625 -0.1988162 0.390625 -0.3578695 0.390625 -0.3578695 0.40625 -0.1988162 0.40625 -0.3578695 0.40625 -0.1988162 0.421875 -0.3578695 0.40625 -0.3578695 0.421875 -0.1988162 0.4375 -0.3578695 0.421875 -0.3578695 0.4375 -0.1988162 0.453125 -0.3578695 0.4375 -0.3578695 0.453125 -0.3578695 0.46875 -0.1988162 0.46875 -0.3578695 0.46875 -0.3578695 0.484375 -0.1988162 0.484375 -0.3578695 0.484375 -0.3578695 0.5 -0.1988162 0.5 -0.3578695 0.5 -0.3578695 0.515625 -0.1988162 0.515625 -0.3578695 0.515625 -0.3578695 0.53125 -0.1988162 0.53125 -0.3578695 0.53125 -0.3578695 0.546875 -0.1988162 0.546875 -0.3578695 0.546875 -0.3578695 0.5625 -0.1988162 0.5625 -0.3578695 0.5625 -0.1988162 0.578125 -0.3578695 0.5625 -0.3578695 0.578125 -0.1988162 0.59375 -0.3578695 0.578125 -0.3578695 0.59375 -0.3578695 0.609375 -0.1988162 0.609375 -0.3578695 0.609375 -0.3578695 0.625 -0.1988162 0.625 -0.3578695 0.625 -0.3578695 0.640625 -0.1988162 0.640625 -0.3578695 0.640625 -0.3578695 0.65625 -0.1988162 0.65625 -0.3578695 0.65625 -0.3578695 0.671875 -0.1988162 0.671875 -0.3578695 0.671875 -0.1988162 0.6875 -0.3578695 0.671875 -0.3578695 0.6875 -0.3578695 0.703125 -0.1988162 0.703125 -0.3578695 0.703125 -0.1988162 0.71875 -0.3578695 0.703125 -0.3578695 0.71875 -0.3578695 0.734375 -0.1988162 0.734375 -0.3578695 0.734375 -0.3578695 0.75 -0.1988162 0.75 -0.3578695 0.75 -0.3578695 0.765625 -0.1988162 0.765625 -0.3578695 0.765625 -0.3578695 0.78125 -0.1988162 0.78125 -0.3578695 0.78125 -0.3578695 0.796875 -0.1988162 0.796875 -0.3578695 0.796875 -0.3578695 0.8125 -0.1988162 0.8125 -0.3578695 0.8125 -0.1988162 0.828125 -0.3578695 0.8125 -0.3578695 0.828125 -0.1988162 0.84375 -0.3578695 0.828125 -0.3578695 0.84375 -0.3578695 0.859375 -0.1988162 0.859375 -0.3578695 0.859375 -0.3578695 0.8750001 -0.1988162 0.8750001 -0.3578695 0.8750001 -0.3578695 0.890625 -0.1988162 0.890625 -0.3578695 0.890625 -0.1988162 0.90625 -0.3578695 0.890625 -0.3578695 0.90625 -0.3578695 0.921875 -0.1988162 0.921875 -0.3578695 0.921875 -0.1988162 0.9375 -0.3578695 0.921875 -0.3578695 0.9375 -0.1988162 0.953125 -0.3578695 0.9375 -0.3578695 0.953125 -0.3578695 0.96875 -0.1988162 0.96875 -0.3578695 0.96875 -0.3578695 0.984375 -0.1988162 0.984375 -0.3578695 0.984375 -0.3578695 1 -0.1988162 1 -0.3578695 0 0.8918335 0.015625 -0.1988162 0 -0.1988162 0.015625 0.8918335 0.03125 -0.1988162 0.015625 -0.1988162 0.03125 0.8918335 0.046875 -0.1988162 0.03125 -0.1988162 0.046875 0.8918335 0.0625 -0.1988162 0.046875 -0.1988162 0.0625 0.8918335 0.078125 -0.1988162 0.0625 -0.1988162 0.078125 0.8918335 0.09375 -0.1988162 0.078125 -0.1988162 0.09375 0.8918335 0.109375 -0.1988162 0.09375 -0.1988162 0.109375 0.8918335 0.125 -0.1988162 0.109375 -0.1988162 0.125 0.8918335 0.140625 -0.1988162 0.125 -0.1988162 0.140625 0.8918335 0.15625 -0.1988162 0.140625 -0.1988162 0.15625 0.8918335 0.171875 -0.1988162 0.15625 -0.1988162 0.171875 0.8918335 0.1875 -0.1988162 0.171875 -0.1988162 0.1875 0.8918335 0.203125 -0.1988162 0.1875 -0.1988162 0.203125 0.8918335 0.21875 -0.1988162 0.203125 -0.1988162 0.21875 0.8918335 0.234375 -0.1988162 0.21875 -0.1988162 0.234375 0.8918335 0.25 -0.1988162 0.234375 -0.1988162 0.25 0.8918335 0.265625 -0.1988162 0.25 -0.1988162 0.265625 0.8918335 0.28125 -0.1988162 0.265625 -0.1988162 0.28125 0.8918335 0.296875 -0.1988162 0.28125 -0.1988162 0.296875 0.8918335 0.3125 -0.1988162 0.296875 -0.1988162 0.3125 0.8918335 0.328125 -0.1988162 0.3125 -0.1988162 0.328125 0.8918335 0.34375 -0.1988162 0.328125 -0.1988162 0.34375 0.8918335 0.359375 -0.1988162 0.34375 -0.1988162 0.359375 0.8918335 0.375 -0.1988162 0.359375 -0.1988162 0.375 0.8918335 0.390625 -0.1988162 0.375 -0.1988162 0.390625 0.8918335 0.40625 -0.1988162 0.390625 -0.1988162 0.40625 0.8918335 0.421875 -0.1988162 0.40625 -0.1988162 0.421875 0.8918335 0.4375 -0.1988162 0.421875 -0.1988162 0.4375 0.8918335 0.453125 -0.1988162 0.4375 -0.1988162 0.453125 0.8918335 0.46875 -0.1988162 0.453125 -0.1988162 0.46875 0.8918335 0.484375 -0.1988162 0.46875 -0.1988162 0.484375 0.8918335 0.5 -0.1988162 0.484375 -0.1988162 0.5 0.8918335 0.515625 -0.1988162 0.5 -0.1988162 0.515625 0.8918335 0.53125 -0.1988162 0.515625 -0.1988162 0.53125 0.8918335 0.546875 -0.1988162 0.53125 -0.1988162 0.546875 0.8918335 0.5625 -0.1988162 0.546875 -0.1988162 0.5625 0.8918335 0.578125 -0.1988162 0.5625 -0.1988162 0.578125 0.8918335 0.59375 -0.1988162 0.578125 -0.1988162 0.59375 0.8918335 0.609375 -0.1988162 0.59375 -0.1988162 0.609375 0.8918335 0.625 -0.1988162 0.609375 -0.1988162 0.625 0.8918335 0.640625 -0.1988162 0.625 -0.1988162 0.640625 0.8918335 0.65625 -0.1988162 0.640625 -0.1988162 0.65625 0.8918335 0.671875 -0.1988162 0.65625 -0.1988162 0.671875 0.8918335 0.6875 -0.1988162 0.671875 -0.1988162 0.6875 0.8918335 0.703125 -0.1988162 0.6875 -0.1988162 0.703125 0.8918335 0.71875 -0.1988162 0.703125 -0.1988162 0.71875 0.8918335 0.734375 -0.1988162 0.71875 -0.1988162 0.734375 0.8918335 0.75 -0.1988162 0.734375 -0.1988162 0.75 0.8918335 0.765625 -0.1988162 0.75 -0.1988162 0.765625 0.8918335 0.78125 -0.1988162 0.765625 -0.1988162 0.78125 0.8918335 0.796875 -0.1988162 0.78125 -0.1988162 0.796875 0.8918335 0.8125 -0.1988162 0.796875 -0.1988162 0.8125 0.8918335 0.828125 -0.1988162 0.8125 -0.1988162 0.828125 0.8918335 0.84375 -0.1988162 0.828125 -0.1988162 0.84375 0.8918335 0.859375 -0.1988162 0.84375 -0.1988162 0.859375 0.8918335 0.8750001 -0.1988162 0.859375 -0.1988162 0.8750001 0.8918335 0.890625 -0.1988162 0.8750001 -0.1988162 0.890625 0.8918335 0.90625 -0.1988162 0.890625 -0.1988162 0.90625 0.8918335 0.921875 -0.1988162 0.90625 -0.1988162 0.921875 0.8918335 0.9375 -0.1988162 0.921875 -0.1988162 0.9375 0.8918335 0.953125 -0.1988162 0.9375 -0.1988162 0.953125 0.8918335 0.96875 -0.1988162 0.953125 -0.1988162 0.96875 0.8918335 0.984375 -0.1988162 0.96875 -0.1988162 0.984375 -0.1988162 1 0.8918335 1 -0.1988162 0 0.8918335 0.015625 0.9429577 0.015625 0.8918335 0.015625 0.9429577 0.03125 0.8918335 0.015625 0.8918335 0.03125 0.9429577 0.046875 0.8918335 0.03125 0.8918335 0.046875 0.8918335 0.0625 0.9429577 0.0625 0.8918335 0.0625 0.8918335 0.078125 0.9429577 0.078125 0.8918335 0.078125 0.8918335 0.09375 0.9429577 0.09375 0.8918335 0.09375 0.8918335 0.109375 0.9429577 0.109375 0.8918335 0.109375 0.8918335 0.125 0.9429577 0.125 0.8918335 0.125 0.8918335 0.140625 0.9429577 0.140625 0.8918335 0.140625 0.8918335 0.15625 0.9429577 0.15625 0.8918335 0.15625 0.8918335 0.171875 0.9429577 0.171875 0.8918335 0.171875 0.9429577 0.1875 0.8918335 0.171875 0.8918335 0.1875 0.9429577 0.203125 0.8918335 0.1875 0.8918335 0.203125 0.9429577 0.21875 0.8918335 0.203125 0.8918335 0.21875 0.8918335 0.234375 0.9429577 0.234375 0.8918335 0.234375 0.8918335 0.25 0.9429577 0.25 0.8918335 0.25 0.8918335 0.265625 0.9429577 0.265625 0.8918335 0.265625 0.9429577 0.28125 0.8918335 0.265625 0.8918335 0.28125 0.9429577 0.296875 0.8918335 0.28125 0.8918335 0.296875 0.9429577 0.3125 0.8918335 0.296875 0.8918335 0.3125 0.9429577 0.328125 0.8918335 0.3125 0.8918335 0.328125 0.8918335 0.34375 0.9429577 0.34375 0.8918335 0.34375 0.9429577 0.359375 0.8918335 0.34375 0.8918335 0.359375 0.8918335 0.375 0.9429577 0.375 0.8918335 0.375 0.8918335 0.390625 0.9429577 0.390625 0.8918335 0.390625 0.8918335 0.40625 0.9429577 0.40625 0.8918335 0.40625 0.8918335 0.421875 0.9429577 0.421875 0.8918335 0.421875 0.8918335 0.4375 0.9429577 0.4375 0.8918335 0.4375 0.8918335 0.453125 0.9429577 0.453125 0.8918335 0.453125 0.9429577 0.46875 0.8918335 0.453125 0.8918335 0.46875 0.8918335 0.484375 0.9429577 0.484375 0.8918335 0.484375 0.8918335 0.5 0.9429577 0.5 0.8918335 0.5 0.8918335 0.515625 0.9429577 0.515625 0.8918335 0.515625 0.9429577 0.53125 0.8918335 0.515625 0.8918335 0.53125 0.9429577 0.546875 0.8918335 0.53125 0.8918335 0.546875 0.8918335 0.5625 0.9429577 0.5625 0.8918335 0.5625 0.8918335 0.578125 0.9429577 0.578125 0.8918335 0.578125 0.8918335 0.59375 0.9429577 0.59375 0.8918335 0.59375 0.8918335 0.609375 0.9429577 0.609375 0.8918335 0.609375 0.8918335 0.625 0.9429577 0.625 0.8918335 0.625 0.8918335 0.640625 0.9429577 0.640625 0.8918335 0.640625 0.8918335 0.65625 0.9429577 0.65625 0.8918335 0.65625 0.9429577 0.671875 0.8918335 0.65625 0.8918335 0.671875 0.9429577 0.6875 0.8918335 0.671875 0.8918335 0.6875 0.9429577 0.703125 0.8918335 0.6875 0.8918335 0.703125 0.9429577 0.71875 0.8918335 0.703125 0.8918335 0.71875 0.8918335 0.734375 0.9429577 0.734375 0.8918335 0.734375 0.8918335 0.75 0.9429577 0.75 0.8918335 0.75 0.8918335 0.765625 0.9429577 0.765625 0.8918335 0.765625 0.9429577 0.78125 0.8918335 0.765625 0.8918335 0.78125 0.9429577 0.796875 0.8918335 0.78125 0.8918335 0.796875 0.9429577 0.8125 0.8918335 0.796875 0.8918335 0.8125 0.9429577 0.828125 0.8918335 0.8125 0.8918335 0.828125 0.8918335 0.84375 0.9429577 0.84375 0.8918335 0.84375 0.8918335 0.859375 0.9429577 0.859375 0.8918335 0.859375 0.8918335 0.8750001 0.9429577 0.8750001 0.8918335 0.8750001 0.8918335 0.890625 0.9429577 0.890625 0.8918335 0.890625 0.8918335 0.90625 0.9429577 0.90625 0.8918335 0.90625 0.8918335 0.921875 0.9429577 0.921875 0.8918335 0.921875 0.9429577 0.9375 0.8918335 0.921875 0.8918335 0.9375 0.8918335 0.953125 0.9429577 0.953125 0.8918335 0.953125 0.9429577 0.96875 0.8918335 0.953125 0.8918335 0.96875 0.8918335 0.984375 0.9429577 0.984375 0.8918335 0.984375 0.8918335 1 0.9429577 1 0.8918335 0 0.9429577 0.015625 1.306508 0.015625 0.9429577 0.015625 0.9429577 0.03125 1.306508 0.03125 0.9429577 0.03125 0.9429577 0.046875 1.306508 0.046875 0.9429577 0.046875 1.306508 0.0625 0.9429577 0.046875 0.9429577 0.0625 1.306508 0.078125 0.9429577 0.0625 0.9429577 0.078125 0.9429577 0.09375 1.306508 0.09375 0.9429577 0.09375 0.9429577 0.109375 1.306508 0.109375 0.9429577 0.109375 0.9429577 0.125 1.306508 0.125 0.9429577 0.125 0.9429577 0.140625 1.306508 0.140625 0.9429577 0.140625 0.9429577 0.15625 1.306508 0.15625 0.9429577 0.15625 1.306508 0.171875 0.9429577 0.15625 0.9429577 0.171875 0.9429577 0.1875 1.306508 0.1875 0.9429577 0.1875 0.9429577 0.203125 1.306508 0.203125 0.9429577 0.203125 0.9429577 0.21875 1.306508 0.21875 0.9429577 0.21875 1.306508 0.234375 0.9429577 0.21875 0.9429577 0.234375 0.9429577 0.25 1.306508 0.25 0.9429577 0.25 0.9429577 0.265625 1.306508 0.265625 0.9429577 0.265625 0.9429577 0.28125 1.306508 0.28125 0.9429577 0.28125 0.9429577 0.296875 1.306508 0.296875 0.9429577 0.296875 0.9429577 0.3125 1.306508 0.3125 0.9429577 0.3125 0.9429577 0.328125 1.306508 0.328125 0.9429577 0.328125 0.9429577 0.34375 1.306508 0.34375 0.9429577 0.34375 0.9429577 0.359375 1.306508 0.359375 0.9429577 0.359375 1.306508 0.375 0.9429577 0.359375 0.9429577 0.375 0.9429577 0.390625 1.306508 0.390625 0.9429577 0.390625 0.9429577 0.40625 1.306508 0.40625 0.9429577 0.40625 1.306508 0.421875 0.9429577 0.40625 0.9429577 0.421875 1.306508 0.4375 0.9429577 0.421875 0.9429577 0.4375 0.9429577 0.453125 1.306508 0.453125 0.9429577 0.453125 0.9429577 0.46875 1.306508 0.46875 0.9429577 0.46875 1.306508 0.484375 0.9429577 0.46875 0.9429577 0.484375 0.9429577 0.5 1.306508 0.5 0.9429577 0.5 0.9429577 0.515625 1.306508 0.515625 0.9429577 0.515625 0.9429577 0.53125 1.306508 0.53125 0.9429577 0.53125 0.9429577 0.546875 1.306508 0.546875 0.9429577 0.546875 0.9429577 0.5625 1.306508 0.5625 0.9429577 0.5625 0.9429577 0.578125 1.306508 0.578125 0.9429577 0.578125 0.9429577 0.59375 1.306508 0.59375 0.9429577 0.59375 0.9429577 0.609375 1.306508 0.609375 0.9429577 0.609375 0.9429577 0.625 1.306508 0.625 0.9429577 0.625 0.9429577 0.640625 1.306508 0.640625 0.9429577 0.640625 0.9429577 0.65625 1.306508 0.65625 0.9429577 0.65625 0.9429577 0.671875 1.306508 0.671875 0.9429577 0.671875 0.9429577 0.6875 1.306508 0.6875 0.9429577 0.6875 1.306508 0.703125 0.9429577 0.6875 0.9429577 0.703125 0.9429577 0.71875 1.306508 0.71875 0.9429577 0.71875 0.9429577 0.734375 1.306508 0.734375 0.9429577 0.734375 0.9429577 0.75 1.306508 0.75 0.9429577 0.75 0.9429577 0.765625 1.306508 0.765625 0.9429577 0.765625 0.9429577 0.78125 1.306508 0.78125 0.9429577 0.78125 0.9429577 0.796875 1.306508 0.796875 0.9429577 0.796875 1.306508 0.8125 0.9429577 0.796875 0.9429577 0.8125 0.9429577 0.828125 1.306508 0.828125 0.9429577 0.828125 0.9429577 0.84375 1.306508 0.84375 0.9429577 0.84375 0.9429577 0.859375 1.306508 0.859375 0.9429577 0.859375 0.9429577 0.8750001 1.306508 0.8750001 0.9429577 0.8750001 0.9429577 0.890625 1.306508 0.890625 0.9429577 0.890625 0.9429577 0.90625 1.306508 0.90625 0.9429577 0.90625 1.306508 0.921875 0.9429577 0.90625 0.9429577 0.921875 0.9429577 0.9375 1.306508 0.9375 0.9429577 0.9375 0.9429577 0.953125 1.306508 0.953125 0.9429577 0.953125 0.9429577 0.96875 1.306508 0.96875 0.9429577 0.96875 0.9429577 0.984375 1.306508 0.984375 0.9429577 0.984375 1.306508 1 0.9429577 0.984375 0.9429577 0 1.306508 0.015625 1.596212 0.015625 1.306508 0.015625 1.306508 0.03125 1.596212 0.03125 1.306508 0.03125 1.306508 0.046875 1.596212 0.046875 1.306508 0.046875 1.306508 0.0625 1.596212 0.0625 1.306508 0.0625 1.306508 0.078125 1.596212 0.078125 1.306508 0.078125 1.306508 0.09375 1.596212 0.09375 1.306508 0.09375 1.306508 0.109375 1.596212 0.109375 1.306508 0.109375 1.306508 0.125 1.596212 0.125 1.306508 0.125 1.306508 0.140625 1.596212 0.140625 1.306508 0.140625 1.306508 0.15625 1.596212 0.15625 1.306508 0.15625 1.306508 0.171875 1.596212 0.171875 1.306508 0.171875 1.306508 0.1875 1.596212 0.1875 1.306508 0.1875 1.306508 0.203125 1.596212 0.203125 1.306508 0.203125 1.306508 0.21875 1.596212 0.21875 1.306508 0.21875 1.596212 0.234375 1.306508 0.21875 1.306508 0.234375 1.306508 0.25 1.596212 0.25 1.306508 0.25 1.306508 0.265625 1.596212 0.265625 1.306508 0.265625 1.306508 0.28125 1.596212 0.28125 1.306508 0.28125 1.596212 0.296875 1.306508 0.28125 1.306508 0.296875 1.306508 0.3125 1.596212 0.3125 1.306508 0.3125 1.306508 0.328125 1.596212 0.328125 1.306508 0.328125 1.306508 0.34375 1.596212 0.34375 1.306508 0.34375 1.306508 0.359375 1.596212 0.359375 1.306508 0.359375 1.306508 0.375 1.596212 0.375 1.306508 0.375 1.306508 0.390625 1.596212 0.390625 1.306508 0.390625 1.306508 0.40625 1.596212 0.40625 1.306508 0.40625 1.306508 0.421875 1.596212 0.421875 1.306508 0.421875 1.306508 0.4375 1.596212 0.4375 1.306508 0.4375 1.306508 0.453125 1.596212 0.453125 1.306508 0.453125 1.306508 0.46875 1.596212 0.46875 1.306508 0.46875 1.596212 0.484375 1.306508 0.46875 1.306508 0.484375 1.306508 0.5 1.596212 0.5 1.306508 0.5 1.306508 0.515625 1.596212 0.515625 1.306508 0.515625 1.306508 0.53125 1.596212 0.53125 1.306508 0.53125 1.306508 0.546875 1.596212 0.546875 1.306508 0.546875 1.306508 0.5625 1.596212 0.5625 1.306508 0.5625 1.306508 0.578125 1.596212 0.578125 1.306508 0.578125 1.306508 0.59375 1.596212 0.59375 1.306508 0.59375 1.306508 0.609375 1.596212 0.609375 1.306508 0.609375 1.306508 0.625 1.596212 0.625 1.306508 0.625 1.306508 0.640625 1.596212 0.640625 1.306508 0.640625 1.306508 0.65625 1.596212 0.65625 1.306508 0.65625 1.306508 0.671875 1.596212 0.671875 1.306508 0.671875 1.306508 0.6875 1.596212 0.6875 1.306508 0.6875 1.596212 0.703125 1.306508 0.6875 1.306508 0.703125 1.306508 0.71875 1.596212 0.71875 1.306508 0.71875 1.306508 0.734375 1.596212 0.734375 1.306508 0.734375 1.306508 0.75 1.596212 0.75 1.306508 0.75 1.306508 0.765625 1.596212 0.765625 1.306508 0.765625 1.306508 0.78125 1.596212 0.78125 1.306508 0.78125 1.306508 0.796875 1.596212 0.796875 1.306508 0.796875 1.306508 0.8125 1.596212 0.8125 1.306508 0.8125 1.306508 0.828125 1.596212 0.828125 1.306508 0.828125 1.306508 0.84375 1.596212 0.84375 1.306508 0.84375 1.306508 0.859375 1.596212 0.859375 1.306508 0.859375 1.306508 0.8750001 1.596212 0.8750001 1.306508 0.8750001 1.306508 0.890625 1.596212 0.890625 1.306508 0.890625 1.306508 0.90625 1.596212 0.90625 1.306508 0.90625 1.306508 0.921875 1.596212 0.921875 1.306508 0.921875 1.306508 0.9375 1.596212 0.9375 1.306508 0.9375 1.306508 0.953125 1.596212 0.953125 1.306508 0.953125 1.306508 0.96875 1.596212 0.96875 1.306508 0.96875 1.306508 0.984375 1.596212 0.984375 1.306508 0.984375 1.306508 1 1.596212 1 1.306508 0 1.596212 0.015625 1.777987 0.015625 1.596212 0.015625 1.596212 0.03125 1.777987 0.03125 1.596212 0.03125 1.596212 0.046875 1.777987 0.046875 1.596212 0.046875 1.596212 0.0625 1.777987 0.0625 1.596212 0.0625 1.596212 0.078125 1.777987 0.078125 1.596212 0.078125 1.596212 0.09375 1.777987 0.09375 1.596212 0.09375 1.596212 0.109375 1.777987 0.109375 1.596212 0.109375 1.596212 0.125 1.777987 0.125 1.596212 0.125 1.596212 0.140625 1.777987 0.140625 1.596212 0.140625 1.596212 0.15625 1.777987 0.15625 1.596212 0.15625 1.596212 0.171875 1.777987 0.171875 1.596212 0.171875 1.596212 0.1875 1.777987 0.1875 1.596212 0.1875 1.596212 0.203125 1.777987 0.203125 1.596212 0.203125 1.596212 0.21875 1.777987 0.21875 1.596212 0.21875 1.596212 0.234375 1.777987 0.234375 1.596212 0.234375 1.596212 0.25 1.777987 0.25 1.596212 0.25 1.596212 0.265625 1.777987 0.265625 1.596212 0.265625 1.777987 0.28125 1.596212 0.265625 1.596212 0.28125 1.596212 0.296875 1.777987 0.296875 1.596212 0.296875 1.596212 0.3125 1.777987 0.3125 1.596212 0.3125 1.596212 0.328125 1.777987 0.328125 1.596212 0.328125 1.596212 0.34375 1.777987 0.34375 1.596212 0.34375 1.596212 0.359375 1.777987 0.359375 1.596212 0.359375 1.596212 0.375 1.777987 0.375 1.596212 0.375 1.596212 0.390625 1.777987 0.390625 1.596212 0.390625 1.596212 0.40625 1.777987 0.40625 1.596212 0.40625 1.596212 0.421875 1.777987 0.421875 1.596212 0.421875 1.596212 0.4375 1.777987 0.4375 1.596212 0.4375 1.596212 0.453125 1.777987 0.453125 1.596212 0.453125 1.596212 0.46875 1.777987 0.46875 1.596212 0.46875 1.596212 0.484375 1.777987 0.484375 1.596212 0.484375 1.596212 0.5 1.777987 0.5 1.596212 0.5 1.596212 0.515625 1.777987 0.515625 1.596212 0.515625 1.596212 0.53125 1.777987 0.53125 1.596212 0.53125 1.596212 0.546875 1.777987 0.546875 1.596212 0.546875 1.596212 0.5625 1.777987 0.5625 1.596212 0.5625 1.596212 0.578125 1.777987 0.578125 1.596212 0.578125 1.596212 0.59375 1.777987 0.59375 1.596212 0.59375 1.596212 0.609375 1.777987 0.609375 1.596212 0.609375 1.596212 0.625 1.777987 0.625 1.596212 0.625 1.596212 0.640625 1.777987 0.640625 1.596212 0.640625 1.596212 0.65625 1.777987 0.65625 1.596212 0.65625 1.596212 0.671875 1.777987 0.671875 1.596212 0.671875 1.596212 0.6875 1.777987 0.6875 1.596212 0.6875 1.777987 0.703125 1.596212 0.6875 1.596212 0.703125 1.596212 0.71875 1.777987 0.71875 1.596212 0.71875 1.596212 0.734375 1.777987 0.734375 1.596212 0.734375 1.596212 0.75 1.777987 0.75 1.596212 0.75 1.596212 0.765625 1.777987 0.765625 1.596212 0.765625 1.777987 0.78125 1.596212 0.765625 1.596212 0.78125 1.596212 0.796875 1.777987 0.796875 1.596212 0.796875 1.596212 0.8125 1.777987 0.8125 1.596212 0.8125 1.596212 0.828125 1.777987 0.828125 1.596212 0.828125 1.596212 0.84375 1.777987 0.84375 1.596212 0.84375 1.596212 0.859375 1.777987 0.859375 1.596212 0.859375 1.596212 0.8750001 1.777987 0.8750001 1.596212 0.8750001 1.596212 0.890625 1.777987 0.890625 1.596212 0.890625 1.596212 0.90625 1.777987 0.90625 1.596212 0.90625 1.596212 0.921875 1.777987 0.921875 1.596212 0.921875 1.596212 0.9375 1.777987 0.9375 1.596212 0.9375 1.596212 0.953125 1.777987 0.953125 1.596212 0.953125 1.596212 0.96875 1.777987 0.96875 1.596212 0.96875 1.596212 0.984375 1.777987 0.984375 1.596212 0.984375 1.596212 1 1.777987 1 1.596212 0 1.777987 0.015625 1.919998 0.015625 1.777987 0.015625 1.777987 0.03125 1.919998 0.03125 1.777987 0.03125 1.777987 0.046875 1.919998 0.046875 1.777987 0.046875 1.777987 0.0625 1.919998 0.0625 1.777987 0.0625 1.777987 0.078125 1.919998 0.078125 1.777987 0.078125 1.777987 0.09375 1.919998 0.09375 1.777987 0.09375 1.777987 0.109375 1.919998 0.109375 1.777987 0.109375 1.777987 0.125 1.919998 0.125 1.777987 0.125 1.777987 0.140625 1.919998 0.140625 1.777987 0.140625 1.777987 0.15625 1.919998 0.15625 1.777987 0.15625 1.777987 0.171875 1.919998 0.171875 1.777987 0.171875 1.777987 0.1875 1.919998 0.1875 1.777987 0.1875 1.777987 0.203125 1.919998 0.203125 1.777987 0.203125 1.777987 0.21875 1.919998 0.21875 1.777987 0.21875 1.777987 0.234375 1.919998 0.234375 1.777987 0.234375 1.777987 0.25 1.919998 0.25 1.777987 0.25 1.777987 0.265625 1.919998 0.265625 1.777987 0.265625 1.777987 0.28125 1.919998 0.28125 1.777987 0.28125 1.777987 0.296875 1.919998 0.296875 1.777987 0.296875 1.777987 0.3125 1.919998 0.3125 1.777987 0.3125 1.777987 0.328125 1.919998 0.328125 1.777987 0.328125 1.777987 0.34375 1.919998 0.34375 1.777987 0.34375 1.777987 0.359375 1.919998 0.359375 1.777987 0.359375 1.777987 0.375 1.919998 0.375 1.777987 0.375 1.777987 0.390625 1.919998 0.390625 1.777987 0.390625 1.777987 0.40625 1.919998 0.40625 1.777987 0.40625 1.777987 0.421875 1.919998 0.421875 1.777987 0.421875 1.777987 0.4375 1.919998 0.4375 1.777987 0.4375 1.777987 0.453125 1.919998 0.453125 1.777987 0.453125 1.777987 0.46875 1.919998 0.46875 1.777987 0.46875 1.777987 0.484375 1.919998 0.484375 1.777987 0.484375 1.777987 0.5 1.919998 0.5 1.777987 0.5 1.777987 0.515625 1.919998 0.515625 1.777987 0.515625 1.777987 0.53125 1.919998 0.53125 1.777987 0.53125 1.777987 0.546875 1.919998 0.546875 1.777987 0.546875 1.777987 0.5625 1.919998 0.5625 1.777987 0.5625 1.777987 0.578125 1.919998 0.578125 1.777987 0.578125 1.777987 0.59375 1.919998 0.59375 1.777987 0.59375 1.777987 0.609375 1.919998 0.609375 1.777987 0.609375 1.777987 0.625 1.919998 0.625 1.777987 0.625 1.777987 0.640625 1.919998 0.640625 1.777987 0.640625 1.777987 0.65625 1.919998 0.65625 1.777987 0.65625 1.777987 0.671875 1.919998 0.671875 1.777987 0.671875 1.777987 0.6875 1.919998 0.6875 1.777987 0.6875 1.777987 0.703125 1.919998 0.703125 1.777987 0.703125 1.777987 0.71875 1.919998 0.71875 1.777987 0.71875 1.777987 0.734375 1.919998 0.734375 1.777987 0.734375 1.777987 0.75 1.919998 0.75 1.777987 0.75 1.777987 0.765625 1.919998 0.765625 1.777987 0.765625 1.777987 0.78125 1.919998 0.78125 1.777987 0.78125 1.777987 0.796875 1.919998 0.796875 1.777987 0.796875 1.777987 0.8125 1.919998 0.8125 1.777987 0.8125 1.777987 0.828125 1.919998 0.828125 1.777987 0.828125 1.777987 0.84375 1.919998 0.84375 1.777987 0.84375 1.777987 0.859375 1.919998 0.859375 1.777987 0.859375 1.777987 0.8750001 1.919998 0.8750001 1.777987 0.8750001 1.777987 0.890625 1.919998 0.890625 1.777987 0.890625 1.777987 0.90625 1.919998 0.90625 1.777987 0.90625 1.777987 0.921875 1.919998 0.921875 1.777987 0.921875 1.777987 0.9375 1.919998 0.9375 1.777987 0.9375 1.777987 0.953125 1.919998 0.953125 1.777987 0.953125 1.777987 0.96875 1.919998 0.96875 1.777987 0.96875 1.777987 0.984375 1.919998 0.984375 1.777987 0.984375 1.777987 1 1.919998 1 1.777987 0.0078125 1.931359 0.015625 1.931359 0.015625 1.919998 0.015625 1.931359 0.03125 1.919998 0.015625 1.919998 0.03125 1.931359 0.046875 1.919998 0.03125 1.919998 0.046875 1.931359 0.0625 1.919998 0.046875 1.919998 0.0625 1.931359 0.078125 1.919998 0.0625 1.919998 0.078125 1.931359 0.09375 1.919998 0.078125 1.919998 0.09375 1.931359 0.109375 1.919998 0.09375 1.919998 0.109375 1.931359 0.125 1.919998 0.109375 1.919998 0.125 1.931359 0.140625 1.919998 0.125 1.919998 0.140625 1.931359 0.15625 1.919998 0.140625 1.919998 0.15625 1.931359 0.171875 1.919998 0.15625 1.919998 0.171875 1.931359 0.1875 1.919998 0.171875 1.919998 0.1875 1.931359 0.203125 1.919998 0.1875 1.919998 0.203125 1.931359 0.21875 1.919998 0.203125 1.919998 0.21875 1.931359 0.234375 1.919998 0.21875 1.919998 0.234375 1.931359 0.25 1.919998 0.234375 1.919998 0.25 1.931359 0.265625 1.919998 0.25 1.919998 0.265625 1.931359 0.28125 1.919998 0.265625 1.919998 0.28125 1.931359 0.296875 1.919998 0.28125 1.919998 0.296875 1.931359 0.3125 1.919998 0.296875 1.919998 0.3125 1.931359 0.328125 1.919998 0.3125 1.919998 0.328125 1.931359 0.34375 1.919998 0.328125 1.919998 0.34375 1.931359 0.359375 1.919998 0.34375 1.919998 0.359375 1.919998 0.375 1.931359 0.375 1.919998 0.375 1.931359 0.390625 1.919998 0.375 1.919998 0.390625 1.931359 0.40625 1.919998 0.390625 1.919998 0.40625 1.931359 0.421875 1.919998 0.40625 1.919998 0.421875 1.931359 0.4375 1.919998 0.421875 1.919998 0.4375 1.931359 0.453125 1.919998 0.4375 1.919998 0.453125 1.931359 0.46875 1.919998 0.453125 1.919998 0.46875 1.931359 0.484375 1.919998 0.46875 1.919998 0.484375 1.931359 0.5 1.919998 0.484375 1.919998 0.5 1.931359 0.515625 1.919998 0.5 1.919998 0.515625 1.931359 0.53125 1.919998 0.515625 1.919998 0.53125 1.931359 0.546875 1.919998 0.53125 1.919998 0.546875 1.931359 0.5625 1.919998 0.546875 1.919998 0.5625 1.931359 0.578125 1.919998 0.5625 1.919998 0.578125 1.931359 0.59375 1.919998 0.578125 1.919998 0.59375 1.931359 0.609375 1.919998 0.59375 1.919998 0.609375 1.931359 0.625 1.919998 0.609375 1.919998 0.625 1.931359 0.640625 1.919998 0.625 1.919998 0.640625 1.931359 0.65625 1.919998 0.640625 1.919998 0.65625 1.931359 0.671875 1.919998 0.65625 1.919998 0.671875 1.931359 0.6875 1.919998 0.671875 1.919998 0.6875 1.931359 0.703125 1.919998 0.6875 1.919998 0.703125 1.931359 0.71875 1.919998 0.703125 1.919998 0.71875 1.931359 0.734375 1.919998 0.71875 1.919998 0.734375 1.931359 0.75 1.919998 0.734375 1.919998 0.75 1.931359 0.765625 1.919998 0.75 1.919998 0.765625 1.931359 0.78125 1.919998 0.765625 1.919998 0.78125 1.931359 0.796875 1.919998 0.78125 1.919998 0.796875 1.931359 0.8125 1.919998 0.796875 1.919998 0.8125 1.931359 0.828125 1.919998 0.8125 1.919998 0.828125 1.931359 0.84375 1.919998 0.828125 1.919998 0.84375 1.931359 0.859375 1.919998 0.84375 1.919998 0.859375 1.931359 0.8750001 1.919998 0.859375 1.919998 0.8750001 1.931359 0.890625 1.919998 0.8750001 1.919998 0.8984375 1.931359 0.90625 1.931359 0.90625 1.919998 0.9140625 1.931359 0.921875 1.931359 0.921875 1.919998 0.9296875 1.931359 0.9375 1.931359 0.9375 1.919998 0.9453125 1.931359 0.953125 1.931359 0.953125 1.919998 0.9609375 1.931359 0.96875 1.931359 0.96875 1.919998 0.9765625 1.931359 0.984375 1.931359 0.984375 1.919998 0.9921875 1.931359 1 1.931359 1 1.919998 0.015625 1.971122 0.015625 1.931359 0.0078125 1.931359 0.015625 1.931359 0.03125 1.971122 0.03125 1.931359 0.03125 1.931359 0.046875 1.971122 0.046875 1.931359 0.046875 1.931359 0.0625 1.971122 0.0625 1.931359 0.0625 1.931359 0.078125 1.971122 0.078125 1.931359 0.078125 1.931359 0.09375 1.971122 0.09375 1.931359 0.09375 1.931359 0.109375 1.971122 0.109375 1.931359 0.109375 1.931359 0.125 1.971122 0.125 1.931359 0.125 1.931359 0.140625 1.971122 0.140625 1.931359 0.140625 1.931359 0.15625 1.971122 0.15625 1.931359 0.15625 1.931359 0.171875 1.971122 0.171875 1.931359 0.171875 1.931359 0.1875 1.971122 0.1875 1.931359 0.1875 1.931359 0.203125 1.971122 0.203125 1.931359 0.203125 1.931359 0.21875 1.971122 0.21875 1.931359 0.21875 1.931359 0.234375 1.971122 0.234375 1.931359 0.234375 1.931359 0.25 1.971122 0.25 1.931359 0.25 1.931359 0.265625 1.971122 0.265625 1.931359 0.265625 1.931359 0.28125 1.971122 0.28125 1.931359 0.28125 1.931359 0.296875 1.971122 0.296875 1.931359 0.296875 1.931359 0.3125 1.971122 0.3125 1.931359 0.3125 1.931359 0.328125 1.971122 0.328125 1.931359 0.328125 1.931359 0.34375 1.971122 0.34375 1.931359 0.34375 1.931359 0.359375 1.971122 0.359375 1.931359 0.359375 1.931359 0.375 1.971122 0.375 1.931359 0.375 1.931359 0.390625 1.971122 0.390625 1.931359 0.390625 1.931359 0.40625 1.971122 0.40625 1.931359 0.40625 1.931359 0.421875 1.971122 0.421875 1.931359 0.421875 1.931359 0.4375 1.971122 0.4375 1.931359 0.4375 1.931359 0.453125 1.971122 0.453125 1.931359 0.453125 1.931359 0.46875 1.971122 0.46875 1.931359 0.46875 1.931359 0.484375 1.971122 0.484375 1.931359 0.484375 1.931359 0.5 1.971122 0.5 1.931359 0.5 1.931359 0.515625 1.971122 0.515625 1.931359 0.515625 1.931359 0.53125 1.971122 0.53125 1.931359 0.53125 1.931359 0.546875 1.971122 0.546875 1.931359 0.546875 1.931359 0.5625 1.971122 0.5625 1.931359 0.5625 1.931359 0.578125 1.971122 0.578125 1.931359 0.578125 1.931359 0.59375 1.971122 0.59375 1.931359 0.59375 1.931359 0.609375 1.971122 0.609375 1.931359 0.609375 1.931359 0.625 1.971122 0.625 1.931359 0.625 1.931359 0.640625 1.971122 0.640625 1.931359 0.640625 1.931359 0.65625 1.971122 0.65625 1.931359 0.65625 1.931359 0.671875 1.971122 0.671875 1.931359 0.671875 1.931359 0.6875 1.971122 0.6875 1.931359 0.6875 1.931359 0.703125 1.971122 0.703125 1.931359 0.703125 1.931359 0.71875 1.971122 0.71875 1.931359 0.71875 1.931359 0.734375 1.971122 0.734375 1.931359 0.734375 1.931359 0.75 1.971122 0.75 1.931359 0.75 1.931359 0.765625 1.971122 0.765625 1.931359 0.765625 1.931359 0.78125 1.971122 0.78125 1.931359 0.78125 1.931359 0.796875 1.971122 0.796875 1.931359 0.796875 1.931359 0.8125 1.971122 0.8125 1.931359 0.8125 1.931359 0.828125 1.971122 0.828125 1.931359 0.828125 1.931359 0.84375 1.971122 0.84375 1.931359 0.84375 1.931359 0.859375 1.971122 0.859375 1.931359 0.859375 1.931359 0.8750001 1.971122 0.8750001 1.931359 0.8750001 1.931359 0.890625 1.971122 0.890625 1.931359 0.90625 1.971122 0.90625 1.931359 0.8984375 1.931359 0.921875 1.971122 0.921875 1.931359 0.9140625 1.931359 0.9375 1.971122 0.9375 1.931359 0.9296875 1.931359 0.953125 1.971122 0.953125 1.931359 0.9453125 1.931359 0.96875 1.971122 0.96875 1.931359 0.9609375 1.931359 0.984375 1.971122 0.984375 1.931359 0.9765625 1.931359 1 1.971122 1 1.931359 0.9921875 1.931359 0 1.982483 0.015625 1.971122 0 1.971122 0.015625 1.982483 0.03125 1.971122 0.015625 1.971122 0.03125 1.982483 0.046875 1.971122 0.03125 1.971122 0.046875 1.982483 0.0625 1.971122 0.046875 1.971122 0.0625 1.982483 0.078125 1.971122 0.0625 1.971122 0.078125 1.982483 0.09375 1.971122 0.078125 1.971122 0.09375 1.982483 0.109375 1.971122 0.09375 1.971122 0.109375 1.982483 0.125 1.971122 0.109375 1.971122 0.125 1.982483 0.140625 1.971122 0.125 1.971122 0.140625 1.982483 0.15625 1.971122 0.140625 1.971122 0.15625 1.982483 0.171875 1.971122 0.15625 1.971122 0.171875 1.982483 0.1875 1.971122 0.171875 1.971122 0.1875 1.982483 0.203125 1.971122 0.1875 1.971122 0.203125 1.982483 0.21875 1.971122 0.203125 1.971122 0.21875 1.982483 0.234375 1.971122 0.21875 1.971122 0.234375 1.982483 0.25 1.971122 0.234375 1.971122 0.25 1.982483 0.265625 1.971122 0.25 1.971122 0.265625 1.982483 0.28125 1.971122 0.265625 1.971122 0.28125 1.982483 0.296875 1.971122 0.28125 1.971122 0.296875 1.982483 0.3125 1.971122 0.296875 1.971122 0.3125 1.982483 0.328125 1.971122 0.3125 1.971122 0.328125 1.982483 0.34375 1.971122 0.328125 1.971122 0.34375 1.982483 0.359375 1.971122 0.34375 1.971122 0.359375 1.982483 0.375 1.971122 0.359375 1.971122 0.375 1.982483 0.390625 1.971122 0.375 1.971122 0.390625 1.982483 0.40625 1.971122 0.390625 1.971122 0.40625 1.982483 0.421875 1.971122 0.40625 1.971122 0.421875 1.982483 0.4375 1.971122 0.421875 1.971122 0.4375 1.982483 0.453125 1.971122 0.4375 1.971122 0.453125 1.982483 0.46875 1.971122 0.453125 1.971122 0.46875 1.982483 0.484375 1.971122 0.46875 1.971122 0.484375 1.982483 0.5 1.971122 0.484375 1.971122 0.5 1.982483 0.515625 1.971122 0.5 1.971122 0.5234375 1.982483 0.53125 1.982483 0.53125 1.971122 0.5390625 1.982483 0.546875 1.982483 0.546875 1.971122 0.5546875 1.982483 0.5625 1.982483 0.5625 1.971122 0.5625 1.982483 0.578125 1.971122 0.5625 1.971122 0.578125 1.982483 0.59375 1.971122 0.578125 1.971122 0.59375 1.982483 0.609375 1.971122 0.59375 1.971122 0.609375 1.982483 0.625 1.971122 0.609375 1.971122 0.625 1.982483 0.640625 1.971122 0.625 1.971122 0.640625 1.982483 0.65625 1.971122 0.640625 1.971122 0.65625 1.982483 0.671875 1.971122 0.65625 1.971122 0.671875 1.982483 0.6875 1.971122 0.671875 1.971122 0.6875 1.982483 0.703125 1.971122 0.6875 1.971122 0.703125 1.982483 0.71875 1.971122 0.703125 1.971122 0.71875 1.982483 0.734375 1.971122 0.71875 1.971122 0.734375 1.982483 0.75 1.971122 0.734375 1.971122 0.75 1.982483 0.765625 1.971122 0.75 1.971122 0.765625 1.982483 0.78125 1.971122 0.765625 1.971122 0.78125 1.982483 0.796875 1.971122 0.78125 1.971122 0.796875 1.982483 0.8125 1.971122 0.796875 1.971122 0.8125 1.982483 0.828125 1.971122 0.8125 1.971122 0.828125 1.982483 0.84375 1.971122 0.828125 1.971122 0.8515625 1.982483 0.859375 1.982483 0.859375 1.971122 0.8671875 1.982483 0.8750001 1.982483 0.8750001 1.971122 0.8828125 1.982483 0.890625 1.982483 0.890625 1.971122 0.8984375 1.982483 0.90625 1.982483 0.90625 1.971122 0.9140625 1.982483 0.921875 1.982483 0.921875 1.971122 0.9296875 1.982483 0.9375 1.982483 0.9375 1.971122 0.9453125 1.982483 0.953125 1.982483 0.953125 1.971122 0.953125 1.982483 0.96875 1.971122 0.953125 1.971122 0.96875 1.982483 0.984375 1.971122 0.96875 1.971122 0.984375 1.982483 1 1.971122 0.984375 1.971122 0 1.982483 0.015625 2.18698 0.015625 1.982483 0.015625 1.982483 0.03125 2.18698 0.03125 1.982483 0.03125 2.18698 0.046875 1.982483 0.03125 1.982483 0.046875 1.982483 0.0625 2.18698 0.0625 1.982483 0.0625 1.982483 0.078125 2.18698 0.078125 1.982483 0.078125 2.18698 0.09375 1.982483 0.078125 1.982483 0.09375 2.18698 0.109375 1.982483 0.09375 1.982483 0.109375 1.982483 0.125 2.18698 0.125 1.982483 0.125 1.982483 0.140625 2.18698 0.140625 1.982483 0.140625 2.18698 0.15625 1.982483 0.140625 1.982483 0.15625 1.982483 0.171875 2.18698 0.171875 1.982483 0.171875 1.982483 0.1875 2.18698 0.1875 1.982483 0.1875 1.982483 0.203125 2.18698 0.203125 1.982483 0.203125 2.18698 0.21875 1.982483 0.203125 1.982483 0.21875 1.982483 0.234375 2.18698 0.234375 1.982483 0.234375 2.18698 0.25 1.982483 0.234375 1.982483 0.25 2.18698 0.265625 1.982483 0.25 1.982483 0.265625 1.982483 0.28125 2.18698 0.28125 1.982483 0.28125 2.18698 0.296875 1.982483 0.28125 1.982483 0.296875 2.18698 0.3125 1.982483 0.296875 1.982483 0.3125 2.18698 0.328125 1.982483 0.3125 1.982483 0.328125 1.982483 0.34375 2.18698 0.34375 1.982483 0.34375 2.18698 0.359375 1.982483 0.34375 1.982483 0.359375 2.18698 0.375 1.982483 0.359375 1.982483 0.375 2.18698 0.390625 1.982483 0.375 1.982483 0.390625 2.18698 0.40625 1.982483 0.390625 1.982483 0.40625 2.18698 0.421875 1.982483 0.40625 1.982483 0.421875 1.982483 0.4375 2.18698 0.4375 1.982483 0.4375 1.982483 0.453125 2.18698 0.453125 1.982483 0.453125 2.18698 0.46875 1.982483 0.453125 1.982483 0.46875 2.18698 0.484375 1.982483 0.46875 1.982483 0.484375 2.18698 0.5 1.982483 0.484375 1.982483 0.5 2.18698 0.515625 1.982483 0.5 1.982483 0.53125 2.18698 0.53125 1.982483 0.5234375 1.982483 0.546875 2.18698 0.546875 1.982483 0.5390625 1.982483 0.5625 2.18698 0.5625 1.982483 0.5546875 1.982483 0.5625 2.18698 0.578125 1.982483 0.5625 1.982483 0.578125 1.982483 0.59375 2.18698 0.59375 1.982483 0.6015625 2.18698 0.609375 2.18698 0.609375 1.982483 0.6171875 2.18698 0.625 2.18698 0.625 1.982483 0.6328125 2.18698 0.640625 2.18698 0.640625 1.982483 0.6484375 2.18698 0.65625 2.18698 0.65625 1.982483 0.6640625 2.18698 0.671875 2.18698 0.671875 1.982483 0.6796875 2.18698 0.6875 2.18698 0.6875 1.982483 0.6953125 2.18698 0.703125 2.18698 0.703125 1.982483 0.7109375 2.18698 0.71875 2.18698 0.71875 1.982483 0.7265625 2.18698 0.734375 2.18698 0.734375 1.982483 0.7421875 2.18698 0.75 2.18698 0.75 1.982483 0.7578125 2.18698 0.765625 2.18698 0.765625 1.982483 0.7734375 2.18698 0.78125 2.18698 0.78125 1.982483 0.7890625 2.18698 0.796875 2.18698 0.796875 1.982483 0.8046875 2.18698 0.8125 2.18698 0.8125 1.982483 0.8125 1.982483 0.828125 2.18698 0.828125 1.982483 0.828125 2.18698 0.84375 1.982483 0.828125 1.982483 0.859375 2.18698 0.859375 1.982483 0.8515625 1.982483 0.8750001 2.18698 0.8750001 1.982483 0.8671875 1.982483 0.890625 2.18698 0.890625 1.982483 0.8828125 1.982483 0.90625 2.18698 0.90625 1.982483 0.8984375 1.982483 0.921875 2.18698 0.921875 1.982483 0.9140625 1.982483 0.9375 2.18698 0.9375 1.982483 0.9296875 1.982483 0.953125 2.18698 0.953125 1.982483 0.9453125 1.982483 0.953125 2.18698 0.96875 1.982483 0.953125 1.982483 0.96875 2.18698 0.984375 1.982483 0.96875 1.982483 0.984375 2.18698 1 1.982483 0.984375 1.982483 0 2.18698 0.015625 2.260826 0.015625 2.18698 0.015625 2.18698 0.03125 2.260826 0.03125 2.18698 0.03125 2.18698 0.046875 2.260826 0.046875 2.18698 0.046875 2.18698 0.0625 2.260826 0.0625 2.18698 0.0625 2.18698 0.078125 2.260826 0.078125 2.18698 0.078125 2.18698 0.09375 2.260826 0.09375 2.18698 0.09375 2.18698 0.109375 2.260826 0.109375 2.18698 0.109375 2.18698 0.125 2.260826 0.125 2.18698 0.125 2.18698 0.140625 2.260826 0.140625 2.18698 0.140625 2.18698 0.15625 2.260826 0.15625 2.18698 0.15625 2.18698 0.171875 2.260826 0.171875 2.18698 0.171875 2.18698 0.1875 2.260826 0.1875 2.18698 0.1875 2.18698 0.203125 2.260826 0.203125 2.18698 0.203125 2.18698 0.21875 2.260826 0.21875 2.18698 0.21875 2.18698 0.234375 2.260826 0.234375 2.18698 0.234375 2.18698 0.25 2.260826 0.25 2.18698 0.25 2.18698 0.265625 2.260826 0.265625 2.18698 0.265625 2.18698 0.28125 2.260826 0.28125 2.18698 0.28125 2.18698 0.296875 2.260826 0.296875 2.18698 0.296875 2.18698 0.3125 2.260826 0.3125 2.18698 0.3125 2.18698 0.328125 2.260826 0.328125 2.18698 0.328125 2.18698 0.34375 2.260826 0.34375 2.18698 0.34375 2.18698 0.359375 2.260826 0.359375 2.18698 0.359375 2.18698 0.375 2.260826 0.375 2.18698 0.375 2.18698 0.390625 2.260826 0.390625 2.18698 0.390625 2.18698 0.40625 2.260826 0.40625 2.18698 0.40625 2.18698 0.421875 2.260826 0.421875 2.18698 0.421875 2.18698 0.4375 2.260826 0.4375 2.18698 0.4375 2.18698 0.453125 2.260826 0.453125 2.18698 0.453125 2.18698 0.46875 2.260826 0.46875 2.18698 0.46875 2.18698 0.484375 2.260826 0.484375 2.18698 0.484375 2.18698 0.5 2.260826 0.5 2.18698 0.5 2.18698 0.515625 2.260826 0.515625 2.18698 0.515625 2.18698 0.53125 2.260826 0.53125 2.18698 0.53125 2.18698 0.546875 2.260826 0.546875 2.18698 0.546875 2.18698 0.5625 2.260826 0.5625 2.18698 0.5625 2.18698 0.578125 2.260826 0.578125 2.18698 0.578125 2.18698 0.59375 2.260826 0.59375 2.18698 0.609375 2.260826 0.609375 2.18698 0.6015625 2.18698 0.625 2.260826 0.625 2.18698 0.6171875 2.18698 0.640625 2.260826 0.640625 2.18698 0.6328125 2.18698 0.65625 2.260826 0.65625 2.18698 0.6484375 2.18698 0.671875 2.260826 0.671875 2.18698 0.6640625 2.18698 0.6875 2.260826 0.6875 2.18698 0.6796875 2.18698 0.703125 2.260826 0.703125 2.18698 0.6953125 2.18698 0.71875 2.260826 0.71875 2.18698 0.7109375 2.18698 0.734375 2.260826 0.734375 2.18698 0.7265625 2.18698 0.75 2.260826 0.75 2.18698 0.7421875 2.18698 0.765625 2.260826 0.765625 2.18698 0.7578125 2.18698 0.78125 2.260826 0.78125 2.18698 0.7734375 2.18698 0.796875 2.260826 0.796875 2.18698 0.7890625 2.18698 0.8125 2.260826 0.8125 2.18698 0.8046875 2.18698 0.8125 2.18698 0.828125 2.260826 0.828125 2.18698 0.828125 2.18698 0.84375 2.260826 0.84375 2.18698 0.84375 2.18698 0.859375 2.260826 0.859375 2.18698 0.859375 2.18698 0.8750001 2.260826 0.8750001 2.18698 0.8750001 2.18698 0.890625 2.260826 0.890625 2.18698 0.890625 2.18698 0.90625 2.260826 0.90625 2.18698 0.90625 2.18698 0.921875 2.260826 0.921875 2.18698 0.921875 2.18698 0.9375 2.260826 0.9375 2.18698 0.9375 2.18698 0.953125 2.260826 0.953125 2.18698 0.953125 2.18698 0.96875 2.260826 0.96875 2.18698 0.96875 2.18698 0.984375 2.260826 0.984375 2.18698 0.984375 2.18698 1 2.260826 1 2.18698 0 2.260826 0.015625 2.260826 0.015625 2.260826 0.015625 2.260826 0.03125 2.260826 0.03125 2.260826 0.03125 2.260826 0.046875 2.260826 0.046875 2.260826 0.046875 2.260826 0.0625 2.260826 0.0625 2.260826 0.0625 2.260826 0.078125 2.260826 0.078125 2.260826 0.078125 2.260826 0.09375 2.260826 0.09375 2.260826 0.09375 2.260826 0.109375 2.260826 0.109375 2.260826 0.109375 2.260826 0.125 2.260826 0.125 2.260826 0.125 2.260826 0.140625 2.260826 0.140625 2.260826 0.140625 2.260826 0.15625 2.260826 0.15625 2.260826 0.15625 2.260826 0.171875 2.260826 0.171875 2.260826 0.171875 2.260826 0.1875 2.260826 0.1875 2.260826 0.1875 2.260826 0.203125 2.260826 0.203125 2.260826 0.203125 2.260826 0.21875 2.260826 0.21875 2.260826 0.21875 2.260826 0.234375 2.260826 0.234375 2.260826 0.234375 2.260826 0.25 2.260826 0.25 2.260826 0.25 2.260826 0.265625 2.260826 0.265625 2.260826 0.265625 2.260826 0.28125 2.260826 0.28125 2.260826 0.28125 2.260826 0.296875 2.260826 0.296875 2.260826 0.296875 2.260826 0.3125 2.260826 0.3125 2.260826 0.3125 2.260826 0.328125 2.260826 0.328125 2.260826 0.328125 2.260826 0.34375 2.260826 0.34375 2.260826 0.34375 2.260826 0.359375 2.260826 0.359375 2.260826 0.359375 2.260826 0.375 2.260826 0.375 2.260826 0.375 2.260826 0.390625 2.260826 0.390625 2.260826 0.390625 2.260826 0.40625 2.260826 0.40625 2.260826 0.40625 2.260826 0.421875 2.260826 0.421875 2.260826 0.421875 2.260826 0.4375 2.260826 0.4375 2.260826 0.4375 2.260826 0.453125 2.260826 0.453125 2.260826 0.453125 2.260826 0.46875 2.260826 0.46875 2.260826 0.46875 2.260826 0.484375 2.260826 0.484375 2.260826 0.484375 2.260826 0.5 2.260826 0.5 2.260826 0.5 2.260826 0.515625 2.260826 0.515625 2.260826 0.515625 2.260826 0.53125 2.260826 0.53125 2.260826 0.53125 2.260826 0.546875 2.260826 0.546875 2.260826 0.546875 2.260826 0.5625 2.260826 0.5625 2.260826 0.5625 2.260826 0.578125 2.260826 0.578125 2.260826 0.578125 2.260826 0.59375 2.260826 0.59375 2.260826 0.59375 2.260826 0.609375 2.260826 0.609375 2.260826 0.609375 2.260826 0.625 2.260826 0.625 2.260826 0.625 2.260826 0.640625 2.260826 0.640625 2.260826 0.640625 2.260826 0.65625 2.260826 0.65625 2.260826 0.65625 2.260826 0.671875 2.260826 0.671875 2.260826 0.671875 2.260826 0.6875 2.260826 0.6875 2.260826 0.6875 2.260826 0.703125 2.260826 0.703125 2.260826 0.703125 2.260826 0.71875 2.260826 0.71875 2.260826 0.71875 2.260826 0.734375 2.260826 0.734375 2.260826 0.734375 2.260826 0.75 2.260826 0.75 2.260826 0.75 2.260826 0.765625 2.260826 0.765625 2.260826 0.765625 2.260826 0.78125 2.260826 0.78125 2.260826 0.78125 2.260826 0.796875 2.260826 0.796875 2.260826 0.796875 2.260826 0.8125 2.260826 0.8125 2.260826 0.8125 2.260826 0.828125 2.260826 0.828125 2.260826 0.828125 2.260826 0.84375 2.260826 0.84375 2.260826 0.84375 2.260826 0.859375 2.260826 0.859375 2.260826 0.859375 2.260826 0.8750001 2.260826 0.8750001 2.260826 0.8750001 2.260826 0.890625 2.260826 0.890625 2.260826 0.890625 2.260826 0.90625 2.260826 0.90625 2.260826 0.90625 2.260826 0.921875 2.260826 0.921875 2.260826 0.921875 2.260826 0.9375 2.260826 0.9375 2.260826 0.9375 2.260826 0.953125 2.260826 0.953125 2.260826 0.953125 2.260826 0.96875 2.260826 0.96875 2.260826 0.96875 2.260826 0.984375 2.260826 0.984375 2.260826 0.984375 2.260826 1 2.260826 1 2.260826 0 -2.289229 0.015625 -2.289229 0.015625 0.05680453 0.015625 -2.289229 0.03125 -2.289229 0.03125 0.05680453 0.03125 -2.289229 0.046875 -2.289229 0.046875 0.05680453 0.046875 -2.289229 0.0625 -2.289229 0.0625 0.05680453 0.0625 -2.289229 0.078125 -2.289229 0.078125 0.05680453 0.078125 -2.289229 0.09375 -2.289229 0.09375 0.05680453 0.09375 -2.289229 0.109375 -2.289229 0.109375 0.05680453 0.109375 -2.289229 0.125 -2.289229 0.125 0.05680453 0.125 -2.289229 0.140625 -2.289229 0.140625 0.05680453 0.140625 -2.289229 0.15625 -2.289229 0.15625 0.05680453 0.15625 -2.289229 0.171875 -2.289229 0.171875 0.05680453 0.171875 -2.289229 0.1875 -2.289229 0.1875 0.05680453 0.1875 -2.289229 0.203125 -2.289229 0.203125 0.05680453 0.203125 -2.289229 0.21875 -2.289229 0.21875 0.05680453 0.21875 -2.289229 0.234375 -2.289229 0.234375 0.05680453 0.234375 -2.289229 0.25 -2.289229 0.25 0.05680453 0.25 -2.289229 0.265625 -2.289229 0.265625 0.05680453 0.265625 -2.289229 0.28125 -2.289229 0.28125 0.05680453 0.28125 -2.289229 0.296875 -2.289229 0.296875 0.05680453 0.296875 -2.289229 0.3125 -2.289229 0.3125 0.05680453 0.3125 -2.289229 0.328125 -2.289229 0.328125 0.05680453 0.328125 -2.289229 0.34375 -2.289229 0.34375 0.05680453 0.34375 -2.289229 0.359375 -2.289229 0.359375 0.05680453 0.359375 -2.289229 0.375 -2.289229 0.375 0.05680453 0.375 -2.289229 0.390625 -2.289229 0.390625 0.05680453 0.390625 -2.289229 0.40625 -2.289229 0.40625 0.05680453 0.40625 -2.289229 0.421875 -2.289229 0.421875 0.05680453 0.421875 -2.289229 0.4375 -2.289229 0.4375 0.05680453 0.4375 -2.289229 0.453125 -2.289229 0.453125 0.05680453 0.453125 -2.289229 0.46875 -2.289229 0.46875 0.05680453 0.46875 -2.289229 0.484375 -2.289229 0.484375 0.05680453 0.484375 -2.289229 0.5 -2.289229 0.5 0.05680453 0.5 -2.289229 0.515625 -2.289229 0.515625 0.05680453 0.515625 -2.289229 0.53125 -2.289229 0.53125 0.05680453 0.53125 -2.289229 0.546875 -2.289229 0.546875 0.05680453 0.546875 -2.289229 0.5625 -2.289229 0.5625 0.05680453 0.5625 -2.289229 0.578125 -2.289229 0.578125 0.05680453 0.578125 -2.289229 0.59375 -2.289229 0.59375 0.05680453 0.59375 -2.289229 0.609375 -2.289229 0.609375 0.05680453 0.609375 -2.289229 0.625 -2.289229 0.625 0.05680453 0.625 -2.289229 0.640625 -2.289229 0.640625 0.05680453 0.640625 -2.289229 0.65625 -2.289229 0.65625 0.05680453 0.65625 -2.289229 0.671875 -2.289229 0.671875 0.05680453 0.671875 -2.289229 0.6875 -2.289229 0.6875 0.05680453 0.6875 -2.289229 0.703125 -2.289229 0.703125 0.05680453 0.703125 -2.289229 0.71875 -2.289229 0.71875 0.05680453 0.71875 -2.289229 0.734375 -2.289229 0.734375 0.05680453 0.734375 -2.289229 0.75 -2.289229 0.75 0.05680453 0.75 -2.289229 0.765625 -2.289229 0.765625 0.05680453 0.765625 -2.289229 0.78125 -2.289229 0.78125 0.05680453 0.78125 -2.289229 0.796875 -2.289229 0.796875 0.05680453 0.796875 -2.289229 0.8125 -2.289229 0.8125 0.05680453 0.8125 -2.289229 0.828125 -2.289229 0.828125 0.05680453 0.828125 -2.289229 0.84375 -2.289229 0.84375 0.05680453 0.84375 -2.289229 0.859375 -2.289229 0.859375 0.05680453 0.859375 -2.289229 0.8750001 -2.289229 0.8750001 0.05680453 0.8750001 -2.289229 0.890625 -2.289229 0.890625 0.05680453 0.890625 -2.289229 0.90625 -2.289229 0.90625 0.05680453 0.90625 -2.289229 0.921875 -2.289229 0.921875 0.05680453 0.921875 -2.289229 0.9375 -2.289229 0.9375 0.05680453 0.9375 -2.289229 0.953125 -2.289229 0.953125 0.05680453 0.953125 -2.289229 0.96875 -2.289229 0.96875 0.05680453 0.96875 -2.289229 0.984375 -2.289229 0.984375 0.05680453 0.984375 -2.289229 1 -2.289229 1 0.05680453 0 -2.289229 0 -2.323312 0.015625 -2.323312 0.015625 -2.289229 0.015625 -2.323312 0.03125 -2.323312 0.03125 -2.289229 0.03125 -2.323312 0.046875 -2.323312 0.046875 -2.289229 0.046875 -2.323312 0.0625 -2.323312 0.0625 -2.289229 0.0625 -2.323312 0.078125 -2.323312 0.078125 -2.289229 0.078125 -2.323312 0.09375 -2.323312 0.09375 -2.289229 0.09375 -2.323312 0.109375 -2.323312 0.109375 -2.289229 0.109375 -2.323312 0.125 -2.323312 0.125 -2.289229 0.125 -2.323312 0.140625 -2.323312 0.140625 -2.289229 0.140625 -2.323312 0.15625 -2.323312 0.15625 -2.289229 0.15625 -2.323312 0.171875 -2.323312 0.171875 -2.289229 0.171875 -2.323312 0.1875 -2.323312 0.1875 -2.289229 0.1875 -2.323312 0.203125 -2.323312 0.203125 -2.289229 0.203125 -2.323312 0.21875 -2.323312 0.21875 -2.289229 0.21875 -2.323312 0.234375 -2.323312 0.234375 -2.289229 0.234375 -2.323312 0.25 -2.323312 0.25 -2.289229 0.25 -2.323312 0.265625 -2.323312 0.265625 -2.289229 0.265625 -2.323312 0.28125 -2.323312 0.28125 -2.289229 0.28125 -2.323312 0.296875 -2.323312 0.296875 -2.289229 0.296875 -2.323312 0.3125 -2.323312 0.3125 -2.289229 0.3125 -2.323312 0.328125 -2.323312 0.328125 -2.289229 0.328125 -2.323312 0.34375 -2.323312 0.34375 -2.289229 0.34375 -2.323312 0.359375 -2.323312 0.359375 -2.289229 0.359375 -2.323312 0.375 -2.323312 0.375 -2.289229 0.375 -2.323312 0.390625 -2.323312 0.390625 -2.289229 0.390625 -2.323312 0.40625 -2.323312 0.40625 -2.289229 0.40625 -2.323312 0.421875 -2.323312 0.421875 -2.289229 0.421875 -2.323312 0.4375 -2.323312 0.4375 -2.289229 0.4375 -2.323312 0.453125 -2.323312 0.453125 -2.289229 0.453125 -2.323312 0.46875 -2.323312 0.46875 -2.289229 0.46875 -2.323312 0.484375 -2.323312 0.484375 -2.289229 0.484375 -2.323312 0.5 -2.323312 0.5 -2.289229 0.5 -2.323312 0.515625 -2.323312 0.515625 -2.289229 0.515625 -2.323312 0.53125 -2.323312 0.53125 -2.289229 0.53125 -2.323312 0.546875 -2.323312 0.546875 -2.289229 0.546875 -2.323312 0.5625 -2.323312 0.5625 -2.289229 0.5625 -2.323312 0.578125 -2.323312 0.578125 -2.289229 0.578125 -2.323312 0.59375 -2.323312 0.59375 -2.289229 0.59375 -2.323312 0.609375 -2.323312 0.609375 -2.289229 0.609375 -2.323312 0.625 -2.323312 0.625 -2.289229 0.625 -2.323312 0.640625 -2.323312 0.640625 -2.289229 0.640625 -2.323312 0.65625 -2.323312 0.65625 -2.289229 0.65625 -2.323312 0.671875 -2.323312 0.671875 -2.289229 0.671875 -2.323312 0.6875 -2.323312 0.6875 -2.289229 0.6875 -2.323312 0.703125 -2.323312 0.703125 -2.289229 0.703125 -2.323312 0.71875 -2.323312 0.71875 -2.289229 0.71875 -2.323312 0.734375 -2.323312 0.734375 -2.289229 0.734375 -2.323312 0.75 -2.323312 0.75 -2.289229 0.75 -2.323312 0.765625 -2.323312 0.765625 -2.289229 0.765625 -2.323312 0.78125 -2.323312 0.78125 -2.289229 0.78125 -2.323312 0.796875 -2.323312 0.796875 -2.289229 0.796875 -2.323312 0.8125 -2.323312 0.8125 -2.289229 0.8125 -2.323312 0.828125 -2.323312 0.828125 -2.289229 0.828125 -2.323312 0.84375 -2.323312 0.84375 -2.289229 0.84375 -2.323312 0.859375 -2.323312 0.859375 -2.289229 0.859375 -2.323312 0.8750001 -2.323312 0.8750001 -2.289229 0.8750001 -2.323312 0.890625 -2.323312 0.890625 -2.289229 0.890625 -2.323312 0.90625 -2.323312 0.90625 -2.289229 0.90625 -2.323312 0.921875 -2.323312 0.921875 -2.289229 0.921875 -2.323312 0.9375 -2.323312 0.9375 -2.289229 0.9375 -2.323312 0.953125 -2.323312 0.953125 -2.289229 0.953125 -2.323312 0.96875 -2.323312 0.96875 -2.289229 0.96875 -2.323312 0.984375 -2.323312 0.984375 -2.289229 0.984375 -2.323312 1 -2.323312 0 -2.323312 0 -2.311951 0.015625 -2.311951 0.015625 -2.323312 0.015625 -2.311951 0.03125 -2.311951 0.03125 -2.323312 0.03125 -2.311951 0.046875 -2.311951 0.046875 -2.323312 0.046875 -2.311951 0.0625 -2.311951 0.0625 -2.323312 0.0625 -2.311951 0.078125 -2.311951 0.078125 -2.323312 0.078125 -2.311951 0.09375 -2.311951 0.09375 -2.323312 0.09375 -2.311951 0.109375 -2.311951 0.109375 -2.323312 0.109375 -2.311951 0.125 -2.311951 0.125 -2.323312 0.125 -2.311951 0.140625 -2.311951 0.140625 -2.323312 0.140625 -2.311951 0.15625 -2.311951 0.15625 -2.323312 0.15625 -2.311951 0.171875 -2.311951 0.171875 -2.323312 0.171875 -2.311951 0.1875 -2.311951 0.1875 -2.323312 0.1875 -2.311951 0.203125 -2.311951 0.203125 -2.323312 0.203125 -2.311951 0.21875 -2.311951 0.21875 -2.323312 0.21875 -2.311951 0.234375 -2.311951 0.234375 -2.323312 0.234375 -2.311951 0.25 -2.311951 0.25 -2.323312 0.25 -2.311951 0.265625 -2.311951 0.265625 -2.323312 0.265625 -2.311951 0.28125 -2.311951 0.28125 -2.323312 0.28125 -2.311951 0.296875 -2.311951 0.296875 -2.323312 0.296875 -2.311951 0.3125 -2.311951 0.3125 -2.323312 0.3125 -2.311951 0.328125 -2.311951 0.328125 -2.323312 0.328125 -2.311951 0.34375 -2.311951 0.34375 -2.323312 0.34375 -2.311951 0.359375 -2.311951 0.359375 -2.323312 0.359375 -2.311951 0.375 -2.311951 0.375 -2.323312 0.375 -2.311951 0.390625 -2.311951 0.390625 -2.323312 0.390625 -2.311951 0.40625 -2.311951 0.40625 -2.323312 0.40625 -2.311951 0.421875 -2.311951 0.421875 -2.323312 0.421875 -2.311951 0.4375 -2.311951 0.4375 -2.323312 0.4375 -2.311951 0.453125 -2.311951 0.453125 -2.323312 0.453125 -2.311951 0.46875 -2.311951 0.46875 -2.323312 0.46875 -2.311951 0.484375 -2.311951 0.484375 -2.323312 0.484375 -2.311951 0.5 -2.311951 0.5 -2.323312 0.5 -2.311951 0.515625 -2.311951 0.515625 -2.323312 0.515625 -2.311951 0.53125 -2.311951 0.53125 -2.323312 0.53125 -2.311951 0.546875 -2.311951 0.546875 -2.323312 0.546875 -2.311951 0.5625 -2.311951 0.5625 -2.323312 0.5625 -2.311951 0.578125 -2.311951 0.578125 -2.323312 0.578125 -2.311951 0.59375 -2.311951 0.59375 -2.323312 0.59375 -2.311951 0.609375 -2.311951 0.609375 -2.323312 0.609375 -2.311951 0.625 -2.311951 0.625 -2.323312 0.625 -2.311951 0.640625 -2.311951 0.640625 -2.323312 0.640625 -2.311951 0.65625 -2.311951 0.65625 -2.323312 0.65625 -2.311951 0.671875 -2.311951 0.671875 -2.323312 0.671875 -2.311951 0.6875 -2.311951 0.6875 -2.323312 0.6875 -2.311951 0.703125 -2.311951 0.703125 -2.323312 0.703125 -2.311951 0.71875 -2.311951 0.71875 -2.323312 0.71875 -2.311951 0.734375 -2.311951 0.734375 -2.323312 0.734375 -2.311951 0.75 -2.311951 0.75 -2.323312 0.75 -2.311951 0.765625 -2.311951 0.765625 -2.323312 0.765625 -2.311951 0.78125 -2.311951 0.78125 -2.323312 0.78125 -2.311951 0.796875 -2.311951 0.796875 -2.323312 0.796875 -2.311951 0.8125 -2.311951 0.8125 -2.323312 0.8125 -2.311951 0.828125 -2.311951 0.828125 -2.323312 0.828125 -2.311951 0.84375 -2.311951 0.84375 -2.323312 0.84375 -2.311951 0.859375 -2.311951 0.859375 -2.323312 0.859375 -2.311951 0.8750001 -2.311951 0.8750001 -2.323312 0.8750001 -2.311951 0.890625 -2.311951 0.890625 -2.323312 0.890625 -2.311951 0.90625 -2.311951 0.90625 -2.323312 0.90625 -2.311951 0.921875 -2.311951 0.921875 -2.323312 0.921875 -2.311951 0.9375 -2.311951 0.9375 -2.323312 0.9375 -2.311951 0.953125 -2.311951 0.953125 -2.323312 0.953125 -2.311951 0.96875 -2.311951 0.96875 -2.323312 0.96875 -2.311951 0.984375 -2.311951 0.984375 -2.323312 0.984375 -2.311951 1 -2.311951 0 -2.311951 0 -2.30059 0.015625 -2.30059 0.015625 -2.311951 0.015625 -2.30059 0.03125 -2.30059 0.03125 -2.311951 0.03125 -2.30059 0.046875 -2.30059 0.046875 -2.311951 0.046875 -2.30059 0.0625 -2.30059 0.0625 -2.311951 0.0625 -2.30059 0.078125 -2.30059 0.078125 -2.311951 0.078125 -2.30059 0.09375 -2.30059 0.09375 -2.311951 0.09375 -2.30059 0.109375 -2.30059 0.109375 -2.311951 0.109375 -2.30059 0.125 -2.30059 0.125 -2.311951 0.125 -2.30059 0.140625 -2.30059 0.140625 -2.311951 0.140625 -2.30059 0.15625 -2.30059 0.15625 -2.311951 0.15625 -2.30059 0.171875 -2.30059 0.171875 -2.311951 0.171875 -2.30059 0.1875 -2.30059 0.1875 -2.311951 0.1875 -2.30059 0.203125 -2.30059 0.203125 -2.311951 0.203125 -2.30059 0.21875 -2.30059 0.21875 -2.311951 0.21875 -2.30059 0.234375 -2.30059 0.234375 -2.311951 0.234375 -2.30059 0.25 -2.30059 0.25 -2.311951 0.25 -2.30059 0.265625 -2.30059 0.265625 -2.311951 0.265625 -2.30059 0.28125 -2.30059 0.28125 -2.311951 0.28125 -2.30059 0.296875 -2.30059 0.296875 -2.30059 0.3125 -2.30059 0.3125 -2.311951 0.3125 -2.311951 0.3125 -2.30059 0.328125 -2.30059 0.328125 -2.311951 0.328125 -2.30059 0.34375 -2.30059 0.34375 -2.311951 0.34375 -2.30059 0.359375 -2.30059 0.359375 -2.311951 0.359375 -2.30059 0.375 -2.30059 0.375 -2.311951 0.375 -2.30059 0.390625 -2.30059 0.390625 -2.311951 0.390625 -2.30059 0.40625 -2.30059 0.40625 -2.311951 0.40625 -2.30059 0.421875 -2.30059 0.421875 -2.311951 0.421875 -2.30059 0.4375 -2.30059 0.4375 -2.311951 0.4375 -2.30059 0.453125 -2.30059 0.453125 -2.311951 0.453125 -2.30059 0.46875 -2.30059 0.46875 -2.311951 0.46875 -2.30059 0.484375 -2.30059 0.484375 -2.311951 0.484375 -2.30059 0.5 -2.30059 0.5 -2.311951 0.5 -2.30059 0.515625 -2.30059 0.515625 -2.311951 0.515625 -2.30059 0.53125 -2.30059 0.53125 -2.311951 0.53125 -2.30059 0.546875 -2.30059 0.546875 -2.311951 0.546875 -2.30059 0.5625 -2.30059 0.5625 -2.311951 0.5625 -2.30059 0.578125 -2.30059 0.578125 -2.311951 0.578125 -2.30059 0.59375 -2.30059 0.59375 -2.311951 0.59375 -2.30059 0.609375 -2.30059 0.609375 -2.311951 0.609375 -2.30059 0.625 -2.30059 0.625 -2.311951 0.625 -2.30059 0.640625 -2.30059 0.640625 -2.311951 0.640625 -2.30059 0.65625 -2.30059 0.65625 -2.311951 0.65625 -2.30059 0.671875 -2.30059 0.671875 -2.311951 0.671875 -2.30059 0.6875 -2.30059 0.6875 -2.311951 0.6875 -2.30059 0.703125 -2.30059 0.703125 -2.311951 0.703125 -2.30059 0.71875 -2.30059 0.71875 -2.311951 0.71875 -2.30059 0.734375 -2.30059 0.734375 -2.311951 0.734375 -2.30059 0.75 -2.30059 0.75 -2.311951 0.75 -2.30059 0.765625 -2.30059 0.765625 -2.311951 0.765625 -2.30059 0.78125 -2.30059 0.78125 -2.311951 0.78125 -2.30059 0.796875 -2.30059 0.796875 -2.311951 0.796875 -2.30059 0.8125 -2.30059 0.8125 -2.311951 0.8125 -2.30059 0.828125 -2.30059 0.828125 -2.311951 0.828125 -2.30059 0.84375 -2.30059 0.84375 -2.311951 0.84375 -2.30059 0.859375 -2.30059 0.859375 -2.311951 0.859375 -2.30059 0.8750001 -2.30059 0.8750001 -2.311951 0.8750001 -2.30059 0.890625 -2.30059 0.890625 -2.311951 0.890625 -2.30059 0.90625 -2.30059 0.90625 -2.311951 0.90625 -2.30059 0.921875 -2.30059 0.921875 -2.311951 0.921875 -2.30059 0.9375 -2.30059 0.9375 -2.311951 0.9375 -2.30059 0.953125 -2.30059 0.953125 -2.311951 0.953125 -2.30059 0.96875 -2.30059 0.96875 -2.311951 0.96875 -2.30059 0.984375 -2.30059 0.984375 -2.311951 0.984375 -2.30059 1 -2.30059 0 -2.30059 0 -2.238105 0.015625 -2.238105 0.015625 -2.30059 0.015625 -2.238105 0.03125 -2.238105 0.03125 -2.30059 0.03125 -2.238105 0.046875 -2.238105 0.046875 -2.30059 0.046875 -2.238105 0.0625 -2.238105 0.0625 -2.30059 0.0625 -2.238105 0.078125 -2.238105 0.078125 -2.30059 0.078125 -2.238105 0.09375 -2.238105 0.09375 -2.238105 0.109375 -2.238105 0.109375 -2.30059 0.109375 -2.30059 0.109375 -2.238105 0.125 -2.238105 0.125 -2.30059 0.125 -2.238105 0.140625 -2.238105 0.140625 -2.30059 0.140625 -2.238105 0.15625 -2.238105 0.15625 -2.30059 0.15625 -2.238105 0.171875 -2.238105 0.171875 -2.30059 0.171875 -2.238105 0.1875 -2.238105 0.1875 -2.30059 0.1875 -2.238105 0.203125 -2.238105 0.203125 -2.30059 0.203125 -2.238105 0.21875 -2.238105 0.21875 -2.30059 0.21875 -2.238105 0.234375 -2.238105 0.234375 -2.30059 0.234375 -2.238105 0.25 -2.238105 0.25 -2.30059 0.25 -2.238105 0.265625 -2.238105 0.265625 -2.30059 0.265625 -2.238105 0.28125 -2.238105 0.28125 -2.30059 0.28125 -2.238105 0.296875 -2.238105 0.296875 -2.30059 0.296875 -2.238105 0.3125 -2.238105 0.3125 -2.30059 0.3125 -2.238105 0.328125 -2.238105 0.328125 -2.30059 0.328125 -2.238105 0.34375 -2.238105 0.34375 -2.30059 0.34375 -2.238105 0.359375 -2.238105 0.359375 -2.30059 0.359375 -2.238105 0.375 -2.238105 0.375 -2.30059 0.375 -2.238105 0.390625 -2.238105 0.390625 -2.30059 0.390625 -2.238105 0.40625 -2.238105 0.40625 -2.30059 0.40625 -2.238105 0.421875 -2.238105 0.421875 -2.30059 0.421875 -2.238105 0.4375 -2.238105 0.4375 -2.30059 0.4375 -2.238105 0.453125 -2.238105 0.453125 -2.30059 0.453125 -2.238105 0.46875 -2.238105 0.46875 -2.30059 0.46875 -2.238105 0.484375 -2.238105 0.484375 -2.30059 0.484375 -2.238105 0.5 -2.238105 0.5 -2.30059 0.5 -2.238105 0.515625 -2.238105 0.515625 -2.30059 0.515625 -2.238105 0.53125 -2.238105 0.53125 -2.30059 0.53125 -2.238105 0.546875 -2.238105 0.546875 -2.30059 0.546875 -2.238105 0.5625 -2.238105 0.5625 -2.30059 0.5625 -2.238105 0.578125 -2.238105 0.578125 -2.30059 0.578125 -2.238105 0.59375 -2.238105 0.59375 -2.30059 0.59375 -2.238105 0.609375 -2.238105 0.609375 -2.30059 0.609375 -2.238105 0.625 -2.238105 0.625 -2.30059 0.625 -2.238105 0.640625 -2.238105 0.640625 -2.30059 0.640625 -2.238105 0.65625 -2.238105 0.65625 -2.30059 0.65625 -2.238105 0.671875 -2.238105 0.671875 -2.30059 0.671875 -2.238105 0.6875 -2.238105 0.6875 -2.30059 0.6875 -2.238105 0.703125 -2.238105 0.703125 -2.30059 0.703125 -2.238105 0.71875 -2.238105 0.71875 -2.30059 0.71875 -2.238105 0.734375 -2.238105 0.734375 -2.30059 0.734375 -2.238105 0.75 -2.238105 0.75 -2.30059 0.75 -2.238105 0.765625 -2.238105 0.765625 -2.30059 0.765625 -2.238105 0.78125 -2.238105 0.78125 -2.30059 0.78125 -2.238105 0.796875 -2.238105 0.796875 -2.30059 0.796875 -2.238105 0.8125 -2.238105 0.8125 -2.30059 0.8125 -2.238105 0.828125 -2.238105 0.828125 -2.30059 0.828125 -2.238105 0.84375 -2.238105 0.84375 -2.238105 0.859375 -2.238105 0.859375 -2.30059 0.859375 -2.30059 0.859375 -2.238105 0.8750001 -2.238105 0.8750001 -2.30059 0.8750001 -2.238105 0.890625 -2.238105 0.890625 -2.30059 0.890625 -2.238105 0.90625 -2.238105 0.90625 -2.30059 0.90625 -2.238105 0.921875 -2.238105 0.921875 -2.238105 0.9375 -2.238105 0.9375 -2.30059 0.9375 -2.30059 0.9375 -2.238105 0.953125 -2.238105 0.953125 -2.30059 0.953125 -2.238105 0.96875 -2.238105 0.96875 -2.30059 0.96875 -2.238105 0.984375 -2.238105 0.984375 -2.30059 0.984375 -2.238105 1 -2.238105 0 -2.238105 0 -2.107454 0.015625 -2.107454 0.015625 -2.238105 0.015625 -2.107454 0.03125 -2.107454 0.03125 -2.107454 0.046875 -2.107454 0.046875 -2.238105 0.046875 -2.238105 0.046875 -2.107454 0.0625 -2.107454 0.0625 -2.238105 0.0625 -2.107454 0.078125 -2.107454 0.078125 -2.238105 0.078125 -2.107454 0.09375 -2.107454 0.09375 -2.238105 0.09375 -2.107454 0.109375 -2.107454 0.109375 -2.238105 0.109375 -2.107454 0.125 -2.107454 0.125 -2.238105 0.125 -2.107454 0.140625 -2.107454 0.140625 -2.238105 0.140625 -2.107454 0.15625 -2.107454 0.15625 -2.238105 0.15625 -2.107454 0.171875 -2.107454 0.171875 -2.238105 0.171875 -2.107454 0.1875 -2.107454 0.1875 -2.238105 0.1875 -2.107454 0.203125 -2.107454 0.203125 -2.238105 0.203125 -2.107454 0.21875 -2.107454 0.21875 -2.238105 0.21875 -2.107454 0.234375 -2.107454 0.234375 -2.238105 0.234375 -2.107454 0.25 -2.107454 0.25 -2.238105 0.25 -2.107454 0.265625 -2.107454 0.265625 -2.238105 0.265625 -2.107454 0.28125 -2.107454 0.28125 -2.238105 0.28125 -2.107454 0.296875 -2.107454 0.296875 -2.238105 0.296875 -2.107454 0.3125 -2.107454 0.3125 -2.238105 0.3125 -2.107454 0.328125 -2.107454 0.328125 -2.238105 0.328125 -2.107454 0.34375 -2.107454 0.34375 -2.238105 0.34375 -2.107454 0.359375 -2.107454 0.359375 -2.238105 0.359375 -2.107454 0.375 -2.107454 0.375 -2.238105 0.375 -2.107454 0.390625 -2.107454 0.390625 -2.238105 0.390625 -2.107454 0.40625 -2.107454 0.40625 -2.238105 0.40625 -2.107454 0.421875 -2.107454 0.421875 -2.238105 0.421875 -2.107454 0.4375 -2.107454 0.4375 -2.238105 0.4375 -2.107454 0.453125 -2.107454 0.453125 -2.238105 0.453125 -2.107454 0.46875 -2.107454 0.46875 -2.238105 0.46875 -2.107454 0.484375 -2.107454 0.484375 -2.238105 0.484375 -2.107454 0.5 -2.107454 0.5 -2.238105 0.5 -2.107454 0.515625 -2.107454 0.515625 -2.238105 0.515625 -2.107454 0.53125 -2.107454 0.53125 -2.238105 0.53125 -2.107454 0.546875 -2.107454 0.546875 -2.238105 0.546875 -2.107454 0.5625 -2.107454 0.5625 -2.238105 0.5625 -2.107454 0.578125 -2.107454 0.578125 -2.238105 0.578125 -2.107454 0.59375 -2.107454 0.59375 -2.238105 0.59375 -2.107454 0.609375 -2.107454 0.609375 -2.238105 0.609375 -2.107454 0.625 -2.107454 0.625 -2.238105 0.625 -2.107454 0.640625 -2.107454 0.640625 -2.238105 0.640625 -2.107454 0.65625 -2.107454 0.65625 -2.238105 0.65625 -2.107454 0.671875 -2.107454 0.671875 -2.238105 0.671875 -2.107454 0.6875 -2.107454 0.6875 -2.238105 0.6875 -2.107454 0.703125 -2.107454 0.703125 -2.238105 0.703125 -2.107454 0.71875 -2.107454 0.71875 -2.238105 0.71875 -2.107454 0.734375 -2.107454 0.734375 -2.107454 0.75 -2.107454 0.75 -2.238105 0.75 -2.107454 0.765625 -2.107454 0.765625 -2.238105 0.765625 -2.238105 0.765625 -2.107454 0.78125 -2.107454 0.78125 -2.238105 0.78125 -2.107454 0.796875 -2.107454 0.796875 -2.238105 0.796875 -2.107454 0.8125 -2.107454 0.8125 -2.107454 0.828125 -2.107454 0.828125 -2.238105 0.828125 -2.238105 0.828125 -2.107454 0.84375 -2.107454 0.84375 -2.107454 0.859375 -2.107454 0.859375 -2.238105 0.859375 -2.238105 0.859375 -2.107454 0.8750001 -2.107454 0.8750001 -2.238105 0.8750001 -2.107454 0.890625 -2.107454 0.890625 -2.107454 0.90625 -2.107454 0.90625 -2.238105 0.90625 -2.238105 0.90625 -2.107454 0.921875 -2.107454 0.921875 -2.238105 0.921875 -2.107454 0.9375 -2.107454 0.9375 -2.238105 0.9375 -2.107454 0.953125 -2.107454 0.953125 -2.107454 0.96875 -2.107454 0.96875 -2.238105 0.96875 -2.238105 0.96875 -2.107454 0.984375 -2.107454 0.984375 -2.238105 0.984375 -2.107454 1 -2.107454 0 -2.107454 0 -1.897276 0.015625 -1.897276 0.015625 -2.107454 0.015625 -1.897276 0.03125 -1.897276 0.03125 -2.107454 0.03125 -1.897276 0.046875 -1.897276 0.046875 -2.107454 0.046875 -1.897276 0.0625 -1.897276 0.0625 -2.107454 0.0625 -1.897276 0.078125 -1.897276 0.078125 -2.107454 0.078125 -1.897276 0.09375 -1.897276 0.09375 -2.107454 0.09375 -1.897276 0.109375 -1.897276 0.109375 -2.107454 0.109375 -1.897276 0.125 -1.897276 0.125 -1.897276 0.140625 -1.897276 0.140625 -2.107454 0.140625 -2.107454 0.140625 -1.897276 0.15625 -1.897276 0.15625 -2.107454 0.15625 -1.897276 0.171875 -1.897276 0.171875 -2.107454 0.171875 -1.897276 0.1875 -1.897276 0.1875 -2.107454 0.1875 -1.897276 0.203125 -1.897276 0.203125 -2.107454 0.203125 -1.897276 0.21875 -1.897276 0.21875 -2.107454 0.21875 -1.897276 0.234375 -1.897276 0.234375 -2.107454 0.234375 -1.897276 0.25 -1.897276 0.25 -2.107454 0.25 -1.897276 0.265625 -1.897276 0.265625 -2.107454 0.265625 -1.897276 0.28125 -1.897276 0.28125 -2.107454 0.28125 -1.897276 0.296875 -1.897276 0.296875 -2.107454 0.296875 -1.897276 0.3125 -1.897276 0.3125 -2.107454 0.3125 -1.897276 0.328125 -1.897276 0.328125 -2.107454 0.328125 -1.897276 0.34375 -1.897276 0.34375 -2.107454 0.34375 -1.897276 0.359375 -1.897276 0.359375 -2.107454 0.359375 -1.897276 0.375 -1.897276 0.375 -1.897276 0.390625 -1.897276 0.390625 -2.107454 0.390625 -2.107454 0.390625 -1.897276 0.40625 -1.897276 0.40625 -2.107454 0.40625 -1.897276 0.421875 -1.897276 0.421875 -2.107454 0.421875 -1.897276 0.4375 -1.897276 0.4375 -2.107454 0.4375 -1.897276 0.453125 -1.897276 0.453125 -2.107454 0.453125 -1.897276 0.46875 -1.897276 0.46875 -2.107454 0.46875 -1.897276 0.484375 -1.897276 0.484375 -2.107454 0.484375 -1.897276 0.5 -1.897276 0.5 -2.107454 0.5 -1.897276 0.515625 -1.897276 0.515625 -2.107454 0.515625 -1.897276 0.53125 -1.897276 0.53125 -2.107454 0.53125 -1.897276 0.546875 -1.897276 0.546875 -2.107454 0.546875 -1.897276 0.5625 -1.897276 0.5625 -1.897276 0.578125 -1.897276 0.578125 -2.107454 0.578125 -2.107454 0.578125 -1.897276 0.59375 -1.897276 0.59375 -2.107454 0.59375 -1.897276 0.609375 -1.897276 0.609375 -1.897276 0.625 -1.897276 0.625 -2.107454 0.625 -2.107454 0.625 -1.897276 0.640625 -1.897276 0.640625 -2.107454 0.640625 -1.897276 0.65625 -1.897276 0.65625 -2.107454 0.65625 -1.897276 0.671875 -1.897276 0.671875 -2.107454 0.671875 -1.897276 0.6875 -1.897276 0.6875 -2.107454 0.6875 -1.897276 0.703125 -1.897276 0.703125 -2.107454 0.703125 -1.897276 0.71875 -1.897276 0.71875 -2.107454 0.71875 -1.897276 0.734375 -1.897276 0.734375 -2.107454 0.734375 -1.897276 0.75 -1.897276 0.75 -2.107454 0.75 -1.897276 0.765625 -1.897276 0.765625 -2.107454 0.765625 -1.897276 0.78125 -1.897276 0.78125 -2.107454 0.78125 -1.897276 0.796875 -1.897276 0.796875 -2.107454 0.796875 -1.897276 0.8125 -1.897276 0.8125 -2.107454 0.8125 -1.897276 0.828125 -1.897276 0.828125 -2.107454 0.828125 -1.897276 0.84375 -1.897276 0.84375 -2.107454 0.84375 -1.897276 0.859375 -1.897276 0.859375 -2.107454 0.859375 -1.897276 0.8750001 -1.897276 0.8750001 -1.897276 0.890625 -1.897276 0.890625 -2.107454 0.890625 -2.107454 0.890625 -1.897276 0.90625 -1.897276 0.90625 -2.107454 0.90625 -1.897276 0.921875 -1.897276 0.921875 -2.107454 0.921875 -1.897276 0.9375 -1.897276 0.9375 -2.107454 0.9375 -1.897276 0.953125 -1.897276 0.953125 -2.107454 0.953125 -1.897276 0.96875 -1.897276 0.96875 -2.107454 0.96875 -1.897276 0.984375 -1.897276 0.984375 -2.107454 0.984375 -1.897276 1 -1.897276 0 -1.897276 0 -1.755265 0.015625 -1.755265 0.015625 -1.897276 0.015625 -1.755265 0.03125 -1.755265 0.03125 -1.897276 0.03125 -1.755265 0.046875 -1.755265 0.046875 -1.897276 0.046875 -1.755265 0.0625 -1.755265 0.0625 -1.897276 0.0625 -1.755265 0.078125 -1.755265 0.078125 -1.897276 0.078125 -1.755265 0.09375 -1.755265 0.09375 -1.897276 0.09375 -1.755265 0.109375 -1.755265 0.109375 -1.897276 0.109375 -1.755265 0.125 -1.755265 0.125 -1.755265 0.140625 -1.755265 0.140625 -1.897276 0.140625 -1.755265 0.15625 -1.755265 0.15625 -1.897276 0.15625 -1.897276 0.15625 -1.755265 0.171875 -1.755265 0.171875 -1.897276 0.171875 -1.755265 0.1875 -1.755265 0.1875 -1.897276 0.1875 -1.755265 0.203125 -1.755265 0.203125 -1.897276 0.203125 -1.755265 0.21875 -1.755265 0.21875 -1.897276 0.21875 -1.755265 0.234375 -1.755265 0.234375 -1.897276 0.234375 -1.755265 0.25 -1.755265 0.25 -1.897276 0.25 -1.755265 0.265625 -1.755265 0.265625 -1.897276 0.265625 -1.755265 0.28125 -1.755265 0.28125 -1.897276 0.28125 -1.755265 0.296875 -1.755265 0.296875 -1.897276 0.296875 -1.755265 0.3125 -1.755265 0.3125 -1.897276 0.3125 -1.755265 0.328125 -1.755265 0.328125 -1.897276 0.328125 -1.755265 0.34375 -1.755265 0.34375 -1.897276 0.34375 -1.755265 0.359375 -1.755265 0.359375 -1.755265 0.375 -1.755265 0.375 -1.897276 0.375 -1.897276 0.375 -1.755265 0.390625 -1.755265 0.390625 -1.897276 0.390625 -1.755265 0.40625 -1.755265 0.40625 -1.897276 0.40625 -1.755265 0.421875 -1.755265 0.421875 -1.897276 0.421875 -1.755265 0.4375 -1.755265 0.4375 -1.897276 0.4375 -1.755265 0.453125 -1.755265 0.453125 -1.897276 0.453125 -1.755265 0.46875 -1.755265 0.46875 -1.897276 0.46875 -1.755265 0.484375 -1.755265 0.484375 -1.897276 0.484375 -1.755265 0.5 -1.755265 0.5 -1.897276 0.5 -1.755265 0.515625 -1.755265 0.515625 -1.897276 0.515625 -1.755265 0.53125 -1.755265 0.53125 -1.897276 0.53125 -1.755265 0.546875 -1.755265 0.546875 -1.897276 0.546875 -1.755265 0.5625 -1.755265 0.5625 -1.897276 0.5625 -1.755265 0.578125 -1.755265 0.578125 -1.897276 0.578125 -1.755265 0.59375 -1.755265 0.59375 -1.897276 0.59375 -1.755265 0.609375 -1.755265 0.609375 -1.897276 0.609375 -1.755265 0.625 -1.755265 0.625 -1.755265 0.640625 -1.755265 0.640625 -1.897276 0.640625 -1.755265 0.65625 -1.755265 0.65625 -1.897276 0.65625 -1.755265 0.671875 -1.755265 0.671875 -1.897276 0.671875 -1.897276 0.671875 -1.755265 0.6875 -1.755265 0.6875 -1.755265 0.703125 -1.755265 0.703125 -1.897276 0.703125 -1.897276 0.703125 -1.755265 0.71875 -1.755265 0.71875 -1.897276 0.71875 -1.755265 0.734375 -1.755265 0.734375 -1.897276 0.734375 -1.755265 0.75 -1.755265 0.75 -1.897276 0.75 -1.755265 0.765625 -1.755265 0.765625 -1.897276 0.765625 -1.755265 0.78125 -1.755265 0.78125 -1.897276 0.78125 -1.755265 0.796875 -1.755265 0.796875 -1.897276 0.796875 -1.755265 0.8125 -1.755265 0.8125 -1.897276 0.8125 -1.755265 0.828125 -1.755265 0.828125 -1.897276 0.828125 -1.755265 0.84375 -1.755265 0.84375 -1.897276 0.84375 -1.755265 0.859375 -1.755265 0.859375 -1.897276 0.859375 -1.755265 0.8750001 -1.755265 0.8750001 -1.897276 0.8750001 -1.755265 0.890625 -1.755265 0.890625 -1.897276 0.890625 -1.755265 0.90625 -1.755265 0.90625 -1.897276 0.90625 -1.755265 0.921875 -1.755265 0.921875 -1.897276 0.921875 -1.755265 0.9375 -1.755265 0.9375 -1.897276 0.9375 -1.755265 0.953125 -1.755265 0.953125 -1.897276 0.953125 -1.755265 0.96875 -1.755265 0.96875 -1.897276 0.96875 -1.755265 0.984375 -1.755265 0.984375 -1.897276 0.984375 -1.755265 1 -1.755265 0 -1.755265 0 -1.738223 0.015625 -1.738223 0.015625 -1.738223 0.03125 -1.738223 0.03125 -1.755265 0.03125 -1.755265 0.03125 -1.738223 0.046875 -1.738223 0.046875 -1.738223 0.0625 -1.738223 0.0625 -1.755265 0.0625 -1.755265 0.0625 -1.738223 0.078125 -1.738223 0.078125 -1.738223 0.09375 -1.738223 0.09375 -1.755265 0.09375 -1.755265 0.09375 -1.738223 0.109375 -1.738223 0.109375 -1.755265 0.109375 -1.738223 0.125 -1.738223 0.125 -1.755265 0.125 -1.738223 0.140625 -1.738223 0.140625 -1.755265 0.140625 -1.738223 0.15625 -1.738223 0.15625 -1.738223 0.171875 -1.738223 0.171875 -1.755265 0.171875 -1.755265 0.171875 -1.738223 0.1875 -1.738223 0.1875 -1.755265 0.1875 -1.738223 0.203125 -1.738223 0.203125 -1.738223 0.21875 -1.738223 0.21875 -1.755265 0.21875 -1.738223 0.234375 -1.738223 0.234375 -1.755265 0.234375 -1.755265 0.234375 -1.738223 0.25 -1.738223 0.25 -1.755265 0.25 -1.738223 0.265625 -1.738223 0.265625 -1.738223 0.28125 -1.738223 0.28125 -1.755265 0.28125 -1.755265 0.28125 -1.738223 0.296875 -1.738223 0.296875 -1.755265 0.296875 -1.738223 0.3125 -1.738223 0.3125 -1.755265 0.3125 -1.738223 0.328125 -1.738223 0.328125 -1.738223 0.34375 -1.738223 0.34375 -1.755265 0.34375 -1.755265 0.34375 -1.738223 0.359375 -1.738223 0.359375 -1.755265 0.359375 -1.738223 0.375 -1.738223 0.375 -1.738223 0.390625 -1.738223 0.390625 -1.755265 0.390625 -1.738223 0.40625 -1.738223 0.40625 -1.755265 0.40625 -1.738223 0.421875 -1.738223 0.421875 -1.755265 0.421875 -1.755265 0.421875 -1.738223 0.4375 -1.738223 0.4375 -1.755265 0.4375 -1.738223 0.453125 -1.738223 0.453125 -1.738223 0.46875 -1.738223 0.46875 -1.755265 0.46875 -1.738223 0.484375 -1.738223 0.484375 -1.755265 0.484375 -1.755265 0.484375 -1.738223 0.5 -1.738223 0.5 -1.755265 0.5 -1.738223 0.515625 -1.738223 0.515625 -1.738223 0.53125 -1.738223 0.53125 -1.755265 0.53125 -1.755265 0.53125 -1.738223 0.546875 -1.738223 0.546875 -1.738223 0.5625 -1.738223 0.5625 -1.755265 0.5625 -1.755265 0.5625 -1.738223 0.578125 -1.738223 0.578125 -1.755265 0.578125 -1.738223 0.59375 -1.738223 0.59375 -1.738223 0.609375 -1.738223 0.609375 -1.755265 0.609375 -1.755265 0.609375 -1.738223 0.625 -1.738223 0.625 -1.755265 0.625 -1.738223 0.640625 -1.738223 0.640625 -1.755265 0.640625 -1.738223 0.65625 -1.738223 0.65625 -1.738223 0.671875 -1.738223 0.671875 -1.755265 0.671875 -1.738223 0.6875 -1.738223 0.6875 -1.755265 0.6875 -1.738223 0.703125 -1.738223 0.703125 -1.755265 0.703125 -1.755265 0.703125 -1.738223 0.71875 -1.738223 0.71875 -1.738223 0.734375 -1.738223 0.734375 -1.755265 0.734375 -1.755265 0.734375 -1.738223 0.75 -1.738223 0.75 -1.755265 0.75 -1.738223 0.765625 -1.738223 0.765625 -1.738223 0.78125 -1.738223 0.78125 -1.755265 0.78125 -1.755265 0.78125 -1.738223 0.796875 -1.738223 0.796875 -1.738223 0.8125 -1.738223 0.8125 -1.755265 0.8125 -1.738223 0.828125 -1.738223 0.828125 -1.755265 0.828125 -1.755265 0.828125 -1.738223 0.84375 -1.738223 0.84375 -1.755265 0.84375 -1.738223 0.859375 -1.738223 0.859375 -1.755265 0.859375 -1.738223 0.8750001 -1.738223 0.8750001 -1.755265 0.8750001 -1.738223 0.890625 -1.738223 0.890625 -1.755265 0.890625 -1.738223 0.90625 -1.738223 0.90625 -1.738223 0.921875 -1.738223 0.921875 -1.755265 0.921875 -1.738223 0.9375 -1.738223 0.9375 -1.755265 0.9375 -1.738223 0.953125 -1.738223 0.953125 -1.755265 0.953125 -1.738223 0.96875 -1.738223 0.96875 -1.755265 0.96875 -1.738223 0.984375 -1.738223 0.984375 -1.755265 0.984375 -1.755265 0.984375 -1.738223 1 -1.738223 0 -1.738223 0 -1.545087 0.015625 -1.545087 0.015625 -1.738223 0.015625 -1.545087 0.03125 -1.545087 0.03125 -1.545087 0.046875 -1.545087 0.046875 -1.738223 0.046875 -1.738223 0.046875 -1.545087 0.0625 -1.545087 0.0625 -1.738223 0.0625 -1.545087 0.078125 -1.545087 0.078125 -1.738223 0.078125 -1.545087 0.09375 -1.545087 0.09375 -1.738223 0.09375 -1.545087 0.109375 -1.545087 0.109375 -1.738223 0.109375 -1.545087 0.125 -1.545087 0.125 -1.738223 0.125 -1.545087 0.140625 -1.545087 0.140625 -1.738223 0.140625 -1.545087 0.15625 -1.545087 0.15625 -1.738223 0.15625 -1.545087 0.171875 -1.545087 0.171875 -1.738223 0.171875 -1.545087 0.1875 -1.545087 0.1875 -1.738223 0.1875 -1.545087 0.203125 -1.545087 0.203125 -1.738223 0.203125 -1.545087 0.21875 -1.545087 0.21875 -1.738223 0.21875 -1.545087 0.234375 -1.545087 0.234375 -1.738223 0.234375 -1.545087 0.25 -1.545087 0.25 -1.738223 0.25 -1.545087 0.265625 -1.545087 0.265625 -1.738223 0.265625 -1.545087 0.28125 -1.545087 0.28125 -1.738223 0.28125 -1.545087 0.296875 -1.545087 0.296875 -1.545087 0.3125 -1.545087 0.3125 -1.738223 0.3125 -1.738223 0.3125 -1.545087 0.328125 -1.545087 0.328125 -1.738223 0.328125 -1.545087 0.34375 -1.545087 0.34375 -1.738223 0.34375 -1.545087 0.359375 -1.545087 0.359375 -1.738223 0.359375 -1.545087 0.375 -1.545087 0.375 -1.738223 0.375 -1.545087 0.390625 -1.545087 0.390625 -1.738223 0.390625 -1.545087 0.40625 -1.545087 0.40625 -1.738223 0.40625 -1.545087 0.421875 -1.545087 0.421875 -1.738223 0.421875 -1.545087 0.4375 -1.545087 0.4375 -1.738223 0.4375 -1.545087 0.453125 -1.545087 0.453125 -1.738223 0.453125 -1.545087 0.46875 -1.545087 0.46875 -1.738223 0.46875 -1.545087 0.484375 -1.545087 0.484375 -1.738223 0.484375 -1.545087 0.5 -1.545087 0.5 -1.738223 0.5 -1.545087 0.515625 -1.545087 0.515625 -1.738223 0.515625 -1.545087 0.53125 -1.545087 0.53125 -1.738223 0.53125 -1.545087 0.546875 -1.545087 0.546875 -1.738223 0.546875 -1.545087 0.5625 -1.545087 0.5625 -1.738223 0.5625 -1.545087 0.578125 -1.545087 0.578125 -1.545087 0.59375 -1.545087 0.59375 -1.738223 0.59375 -1.738223 0.59375 -1.545087 0.609375 -1.545087 0.609375 -1.738223 0.609375 -1.545087 0.625 -1.545087 0.625 -1.738223 0.625 -1.545087 0.640625 -1.545087 0.640625 -1.738223 0.640625 -1.545087 0.65625 -1.545087 0.65625 -1.738223 0.65625 -1.545087 0.671875 -1.545087 0.671875 -1.738223 0.671875 -1.545087 0.6875 -1.545087 0.6875 -1.738223 0.6875 -1.545087 0.703125 -1.545087 0.703125 -1.738223 0.703125 -1.545087 0.71875 -1.545087 0.71875 -1.738223 0.71875 -1.545087 0.734375 -1.545087 0.734375 -1.738223 0.734375 -1.545087 0.75 -1.545087 0.75 -1.738223 0.75 -1.545087 0.765625 -1.545087 0.765625 -1.738223 0.765625 -1.545087 0.78125 -1.545087 0.78125 -1.545087 0.796875 -1.545087 0.796875 -1.738223 0.796875 -1.738223 0.796875 -1.545087 0.8125 -1.545087 0.8125 -1.738223 0.8125 -1.545087 0.828125 -1.545087 0.828125 -1.738223 0.828125 -1.545087 0.84375 -1.545087 0.84375 -1.738223 0.84375 -1.545087 0.859375 -1.545087 0.859375 -1.738223 0.859375 -1.545087 0.8750001 -1.545087 0.8750001 -1.738223 0.8750001 -1.545087 0.890625 -1.545087 0.890625 -1.545087 0.90625 -1.545087 0.90625 -1.738223 0.90625 -1.738223 0.90625 -1.545087 0.921875 -1.545087 0.921875 -1.738223 0.921875 -1.545087 0.9375 -1.545087 0.9375 -1.738223 0.9375 -1.545087 0.953125 -1.545087 0.953125 -1.738223 0.953125 -1.545087 0.96875 -1.545087 0.96875 -1.738223 0.96875 -1.545087 0.984375 -1.545087 0.984375 -1.738223 0.984375 -1.545087 1 -1.545087 0 -1.545087 0 -1.420117 0.015625 -1.420117 0.015625 -1.420117 0.03125 -1.420117 0.03125 -1.545087 0.03125 -1.545087 0.03125 -1.420117 0.046875 -1.420117 0.046875 -1.545087 0.046875 -1.420117 0.0625 -1.420117 0.0625 -1.420117 0.078125 -1.420117 0.078125 -1.545087 0.078125 -1.545087 0.078125 -1.420117 0.09375 -1.420117 0.09375 -1.545087 0.09375 -1.420117 0.109375 -1.420117 0.109375 -1.420117 0.125 -1.420117 0.125 -1.545087 0.125 -1.420117 0.140625 -1.420117 0.140625 -1.545087 0.140625 -1.420117 0.15625 -1.420117 0.15625 -1.545087 0.15625 -1.420117 0.171875 -1.420117 0.171875 -1.545087 0.171875 -1.420117 0.1875 -1.420117 0.1875 -1.545087 0.1875 -1.420117 0.203125 -1.420117 0.203125 -1.545087 0.203125 -1.545087 0.203125 -1.420117 0.21875 -1.420117 0.21875 -1.420117 0.234375 -1.420117 0.234375 -1.545087 0.234375 -1.545087 0.234375 -1.420117 0.25 -1.420117 0.25 -1.545087 0.25 -1.420117 0.265625 -1.420117 0.265625 -1.420117 0.28125 -1.420117 0.28125 -1.545087 0.28125 -1.545087 0.28125 -1.420117 0.296875 -1.420117 0.296875 -1.545087 0.296875 -1.420117 0.3125 -1.420117 0.3125 -1.420117 0.328125 -1.420117 0.328125 -1.545087 0.328125 -1.420117 0.34375 -1.420117 0.34375 -1.545087 0.34375 -1.545087 0.34375 -1.420117 0.359375 -1.420117 0.359375 -1.420117 0.375 -1.420117 0.375 -1.545087 0.375 -1.420117 0.390625 -1.420117 0.390625 -1.545087 0.390625 -1.420117 0.40625 -1.420117 0.40625 -1.545087 0.40625 -1.545087 0.40625 -1.420117 0.421875 -1.420117 0.421875 -1.420117 0.4375 -1.420117 0.4375 -1.545087 0.4375 -1.545087 0.4375 -1.420117 0.453125 -1.420117 0.453125 -1.545087 0.453125 -1.420117 0.46875 -1.420117 0.46875 -1.420117 0.484375 -1.420117 0.484375 -1.545087 0.484375 -1.545087 0.484375 -1.420117 0.5 -1.420117 0.5 -1.545087 0.5 -1.420117 0.515625 -1.420117 0.515625 -1.420117 0.53125 -1.420117 0.53125 -1.545087 0.53125 -1.545087 0.53125 -1.420117 0.546875 -1.420117 0.546875 -1.545087 0.546875 -1.420117 0.5625 -1.420117 0.5625 -1.420117 0.578125 -1.420117 0.578125 -1.545087 0.578125 -1.420117 0.59375 -1.420117 0.59375 -1.545087 0.59375 -1.420117 0.609375 -1.420117 0.609375 -1.545087 0.609375 -1.420117 0.625 -1.420117 0.625 -1.545087 0.625 -1.420117 0.640625 -1.420117 0.640625 -1.545087 0.640625 -1.545087 0.640625 -1.420117 0.65625 -1.420117 0.65625 -1.545087 0.65625 -1.420117 0.671875 -1.420117 0.671875 -1.420117 0.6875 -1.420117 0.6875 -1.545087 0.6875 -1.420117 0.703125 -1.420117 0.703125 -1.545087 0.703125 -1.545087 0.703125 -1.420117 0.71875 -1.420117 0.71875 -1.420117 0.734375 -1.420117 0.734375 -1.545087 0.734375 -1.545087 0.734375 -1.420117 0.75 -1.420117 0.75 -1.545087 0.75 -1.420117 0.765625 -1.420117 0.765625 -1.420117 0.78125 -1.420117 0.78125 -1.545087 0.78125 -1.545087 0.78125 -1.420117 0.796875 -1.420117 0.796875 -1.420117 0.8125 -1.420117 0.8125 -1.545087 0.8125 -1.420117 0.828125 -1.420117 0.828125 -1.545087 0.828125 -1.545087 0.828125 -1.420117 0.84375 -1.420117 0.84375 -1.545087 0.84375 -1.420117 0.859375 -1.420117 0.859375 -1.545087 0.859375 -1.420117 0.8750001 -1.420117 0.8750001 -1.545087 0.8750001 -1.420117 0.890625 -1.420117 0.890625 -1.545087 0.890625 -1.420117 0.90625 -1.420117 0.90625 -1.545087 0.90625 -1.420117 0.921875 -1.420117 0.921875 -1.420117 0.9375 -1.420117 0.9375 -1.545087 0.9375 -1.420117 0.953125 -1.420117 0.953125 -1.545087 0.953125 -1.545087 0.953125 -1.420117 0.96875 -1.420117 0.96875 -1.545087 0.96875 -1.420117 0.984375 -1.420117 0.984375 -1.545087 0.984375 -1.420117 1 -1.420117 0 -1.420117 0 -1.368993 0.015625 -1.368993 0.015625 -1.368993 0.03125 -1.368993 0.03125 -1.420117 0.03125 -1.420117 0.03125 -1.368993 0.046875 -1.368993 0.046875 -1.368993 0.0625 -1.368993 0.0625 -1.420117 0.0625 -1.368993 0.078125 -1.368993 0.078125 -1.420117 0.078125 -1.368993 0.09375 -1.368993 0.09375 -1.420117 0.09375 -1.420117 0.09375 -1.368993 0.109375 -1.368993 0.109375 -1.368993 0.125 -1.368993 0.125 -1.420117 0.125 -1.368993 0.140625 -1.368993 0.140625 -1.420117 0.140625 -1.420117 0.140625 -1.368993 0.15625 -1.368993 0.15625 -1.368993 0.171875 -1.368993 0.171875 -1.420117 0.171875 -1.420117 0.171875 -1.368993 0.1875 -1.368993 0.1875 -1.420117 0.1875 -1.368993 0.203125 -1.368993 0.203125 -1.420117 0.203125 -1.368993 0.21875 -1.368993 0.21875 -1.368993 0.234375 -1.368993 0.234375 -1.420117 0.234375 -1.368993 0.25 -1.368993 0.25 -1.420117 0.25 -1.420117 0.25 -1.368993 0.265625 -1.368993 0.265625 -1.368993 0.28125 -1.368993 0.28125 -1.420117 0.28125 -1.420117 0.28125 -1.368993 0.296875 -1.368993 0.296875 -1.420117 0.296875 -1.368993 0.3125 -1.368993 0.3125 -1.368993 0.328125 -1.368993 0.328125 -1.420117 0.328125 -1.420117 0.328125 -1.368993 0.34375 -1.368993 0.34375 -1.420117 0.34375 -1.368993 0.359375 -1.368993 0.359375 -1.368993 0.375 -1.368993 0.375 -1.420117 0.375 -1.420117 0.375 -1.368993 0.390625 -1.368993 0.390625 -1.368993 0.40625 -1.368993 0.40625 -1.420117 0.40625 -1.368993 0.421875 -1.368993 0.421875 -1.420117 0.421875 -1.368993 0.4375 -1.368993 0.4375 -1.420117 0.4375 -1.368993 0.453125 -1.368993 0.453125 -1.420117 0.453125 -1.420117 0.453125 -1.368993 0.46875 -1.368993 0.46875 -1.368993 0.484375 -1.368993 0.484375 -1.420117 0.484375 -1.368993 0.5 -1.368993 0.5 -1.420117 0.5 -1.420117 0.5 -1.368993 0.515625 -1.368993 0.515625 -1.368993 0.53125 -1.368993 0.53125 -1.420117 0.53125 -1.420117 0.53125 -1.368993 0.546875 -1.368993 0.546875 -1.368993 0.5625 -1.368993 0.5625 -1.420117 0.5625 -1.420117 0.5625 -1.368993 0.578125 -1.368993 0.578125 -1.420117 0.578125 -1.368993 0.59375 -1.368993 0.59375 -1.420117 0.59375 -1.368993 0.609375 -1.368993 0.609375 -1.368993 0.625 -1.368993 0.625 -1.420117 0.625 -1.368993 0.640625 -1.368993 0.640625 -1.420117 0.640625 -1.368993 0.65625 -1.368993 0.65625 -1.420117 0.65625 -1.420117 0.65625 -1.368993 0.671875 -1.368993 0.671875 -1.420117 0.671875 -1.368993 0.6875 -1.368993 0.6875 -1.368993 0.703125 -1.368993 0.703125 -1.420117 0.703125 -1.420117 0.703125 -1.368993 0.71875 -1.368993 0.71875 -1.368993 0.734375 -1.368993 0.734375 -1.420117 0.734375 -1.368993 0.75 -1.368993 0.75 -1.420117 0.75 -1.420117 0.75 -1.368993 0.765625 -1.368993 0.765625 -1.368993 0.78125 -1.368993 0.78125 -1.420117 0.78125 -1.420117 0.78125 -1.368993 0.796875 -1.368993 0.796875 -1.368993 0.8125 -1.368993 0.8125 -1.420117 0.8125 -1.368993 0.828125 -1.368993 0.828125 -1.420117 0.828125 -1.368993 0.84375 -1.368993 0.84375 -1.420117 0.84375 -1.368993 0.859375 -1.368993 0.859375 -1.420117 0.859375 -1.368993 0.8750001 -1.368993 0.8750001 -1.420117 0.8750001 -1.420117 0.8750001 -1.368993 0.890625 -1.368993 0.890625 -1.420117 0.890625 -1.368993 0.90625 -1.368993 0.90625 -1.368993 0.921875 -1.368993 0.921875 -1.420117 0.921875 -1.420117 0.921875 -1.368993 0.9375 -1.368993 0.9375 -1.368993 0.953125 -1.368993 0.953125 -1.420117 0.953125 -1.420117 0.953125 -1.368993 0.96875 -1.368993 0.96875 -1.368993 0.984375 -1.368993 0.984375 -1.420117 0.984375 -1.420117 0.984375 -1.368993 1 -1.368993 0 -1.368993 0 -1.295147 0.015625 -1.295147 0.015625 -1.368993 0.015625 -1.295147 0.03125 -1.295147 0.03125 -1.295147 0.046875 -1.295147 0.046875 -1.368993 0.046875 -1.368993 0.046875 -1.295147 0.0625 -1.295147 0.0625 -1.368993 0.0625 -1.295147 0.078125 -1.295147 0.078125 -1.368993 0.078125 -1.295147 0.09375 -1.295147 0.09375 -1.295147 0.109375 -1.295147 0.109375 -1.368993 0.109375 -1.368993 0.109375 -1.295147 0.125 -1.295147 0.125 -1.368993 0.125 -1.295147 0.140625 -1.295147 0.140625 -1.295147 0.15625 -1.295147 0.15625 -1.368993 0.15625 -1.368993 0.15625 -1.295147 0.171875 -1.295147 0.171875 -1.368993 0.171875 -1.295147 0.1875 -1.295147 0.1875 -1.368993 0.1875 -1.295147 0.203125 -1.295147 0.203125 -1.368993 0.203125 -1.295147 0.21875 -1.295147 0.21875 -1.368993 0.21875 -1.295147 0.234375 -1.295147 0.234375 -1.368993 0.234375 -1.295147 0.25 -1.295147 0.25 -1.368993 0.25 -1.295147 0.265625 -1.295147 0.265625 -1.368993 0.265625 -1.295147 0.28125 -1.295147 0.28125 -1.295147 0.296875 -1.295147 0.296875 -1.368993 0.296875 -1.368993 0.296875 -1.295147 0.3125 -1.295147 0.3125 -1.295147 0.328125 -1.295147 0.328125 -1.368993 0.328125 -1.368993 0.328125 -1.295147 0.34375 -1.295147 0.34375 -1.295147 0.359375 -1.295147 0.359375 -1.368993 0.359375 -1.368993 0.359375 -1.295147 0.375 -1.295147 0.375 -1.295147 0.390625 -1.295147 0.390625 -1.368993 0.390625 -1.368993 0.390625 -1.295147 0.40625 -1.295147 0.40625 -1.368993 0.40625 -1.295147 0.421875 -1.295147 0.421875 -1.368993 0.421875 -1.295147 0.4375 -1.295147 0.4375 -1.368993 0.4375 -1.295147 0.453125 -1.295147 0.453125 -1.368993 0.453125 -1.295147 0.46875 -1.295147 0.46875 -1.368993 0.46875 -1.295147 0.484375 -1.295147 0.484375 -1.368993 0.484375 -1.295147 0.5 -1.295147 0.5 -1.368993 0.5 -1.295147 0.515625 -1.295147 0.515625 -1.368993 0.515625 -1.295147 0.53125 -1.295147 0.53125 -1.295147 0.546875 -1.295147 0.546875 -1.368993 0.546875 -1.368993 0.546875 -1.295147 0.5625 -1.295147 0.5625 -1.368993 0.5625 -1.295147 0.578125 -1.295147 0.578125 -1.368993 0.578125 -1.295147 0.59375 -1.295147 0.59375 -1.295147 0.609375 -1.295147 0.609375 -1.368993 0.609375 -1.368993 0.609375 -1.295147 0.625 -1.295147 0.625 -1.368993 0.625 -1.295147 0.640625 -1.295147 0.640625 -1.368993 0.640625 -1.295147 0.65625 -1.295147 0.65625 -1.295147 0.671875 -1.295147 0.671875 -1.368993 0.671875 -1.368993 0.671875 -1.295147 0.6875 -1.295147 0.6875 -1.368993 0.6875 -1.295147 0.703125 -1.295147 0.703125 -1.368993 0.703125 -1.295147 0.71875 -1.295147 0.71875 -1.368993 0.71875 -1.295147 0.734375 -1.295147 0.734375 -1.368993 0.734375 -1.295147 0.75 -1.295147 0.75 -1.368993 0.75 -1.295147 0.765625 -1.295147 0.765625 -1.368993 0.765625 -1.295147 0.78125 -1.295147 0.78125 -1.368993 0.78125 -1.295147 0.796875 -1.295147 0.796875 -1.368993 0.796875 -1.295147 0.8125 -1.295147 0.8125 -1.295147 0.828125 -1.295147 0.828125 -1.368993 0.828125 -1.368993 0.828125 -1.295147 0.84375 -1.295147 0.84375 -1.368993 0.84375 -1.295147 0.859375 -1.295147 0.859375 -1.368993 0.859375 -1.295147 0.8750001 -1.295147 0.8750001 -1.295147 0.890625 -1.295147 0.890625 -1.368993 0.890625 -1.295147 0.90625 -1.295147 0.90625 -1.368993 0.90625 -1.368993 0.90625 -1.295147 0.921875 -1.295147 0.921875 -1.368993 0.921875 -1.295147 0.9375 -1.295147 0.9375 -1.368993 0.9375 -1.295147 0.953125 -1.295147 0.953125 -1.368993 0.953125 -1.295147 0.96875 -1.295147 0.96875 -1.368993 0.96875 -1.295147 0.984375 -1.295147 0.984375 -1.368993 0.984375 -1.295147 1 -1.295147 0 -1.295147 0 -1.119052 0.015625 -1.119052 0.015625 -1.295147 0.015625 -1.119052 0.03125 -1.119052 0.03125 -1.295147 0.03125 -1.119052 0.046875 -1.119052 0.046875 -1.119052 0.0625 -1.119052 0.0625 -1.295147 0.0625 -1.119052 0.078125 -1.119052 0.078125 -1.295147 0.078125 -1.295147 0.078125 -1.119052 0.09375 -1.119052 0.09375 -1.295147 0.09375 -1.119052 0.109375 -1.119052 0.109375 -1.295147 0.109375 -1.119052 0.125 -1.119052 0.125 -1.119052 0.140625 -1.119052 0.140625 -1.295147 0.140625 -1.295147 0.140625 -1.119052 0.15625 -1.119052 0.15625 -1.295147 0.15625 -1.119052 0.171875 -1.119052 0.171875 -1.295147 0.171875 -1.119052 0.1875 -1.119052 0.1875 -1.119052 0.203125 -1.119052 0.203125 -1.295147 0.203125 -1.295147 0.203125 -1.119052 0.21875 -1.119052 0.21875 -1.295147 0.21875 -1.119052 0.234375 -1.119052 0.234375 -1.295147 0.234375 -1.119052 0.25 -1.119052 0.25 -1.295147 0.25 -1.119052 0.265625 -1.119052 0.265625 -1.295147 0.265625 -1.119052 0.28125 -1.119052 0.28125 -1.295147 0.28125 -1.119052 0.296875 -1.119052 0.296875 -1.119052 0.3125 -1.119052 0.3125 -1.295147 0.3125 -1.295147 0.3125 -1.119052 0.328125 -1.119052 0.328125 -1.295147 0.328125 -1.119052 0.34375 -1.119052 0.34375 -1.295147 0.34375 -1.119052 0.359375 -1.119052 0.359375 -1.119052 0.375 -1.119052 0.375 -1.295147 0.375 -1.295147 0.375 -1.119052 0.390625 -1.119052 0.390625 -1.295147 0.390625 -1.119052 0.40625 -1.119052 0.40625 -1.295147 0.40625 -1.119052 0.421875 -1.119052 0.421875 -1.119052 0.4375 -1.119052 0.4375 -1.295147 0.4375 -1.295147 0.4375 -1.119052 0.453125 -1.119052 0.453125 -1.295147 0.453125 -1.119052 0.46875 -1.119052 0.46875 -1.119052 0.484375 -1.119052 0.484375 -1.295147 0.484375 -1.295147 0.484375 -1.119052 0.5 -1.119052 0.5 -1.295147 0.5 -1.119052 0.515625 -1.119052 0.515625 -1.295147 0.515625 -1.119052 0.53125 -1.119052 0.53125 -1.295147 0.53125 -1.119052 0.546875 -1.119052 0.546875 -1.119052 0.5625 -1.119052 0.5625 -1.295147 0.5625 -1.295147 0.5625 -1.119052 0.578125 -1.119052 0.578125 -1.295147 0.578125 -1.119052 0.59375 -1.119052 0.59375 -1.295147 0.59375 -1.119052 0.609375 -1.119052 0.609375 -1.119052 0.625 -1.119052 0.625 -1.295147 0.625 -1.119052 0.640625 -1.119052 0.640625 -1.295147 0.640625 -1.295147 0.640625 -1.119052 0.65625 -1.119052 0.65625 -1.295147 0.65625 -1.119052 0.671875 -1.119052 0.671875 -1.295147 0.671875 -1.119052 0.6875 -1.119052 0.6875 -1.119052 0.703125 -1.119052 0.703125 -1.295147 0.703125 -1.119052 0.71875 -1.119052 0.71875 -1.295147 0.71875 -1.119052 0.734375 -1.119052 0.734375 -1.295147 0.734375 -1.295147 0.734375 -1.119052 0.75 -1.119052 0.75 -1.295147 0.75 -1.119052 0.765625 -1.119052 0.765625 -1.295147 0.765625 -1.119052 0.78125 -1.119052 0.78125 -1.295147 0.78125 -1.119052 0.796875 -1.119052 0.796875 -1.295147 0.796875 -1.119052 0.8125 -1.119052 0.8125 -1.295147 0.8125 -1.119052 0.828125 -1.119052 0.828125 -1.295147 0.828125 -1.119052 0.84375 -1.119052 0.84375 -1.295147 0.84375 -1.119052 0.859375 -1.119052 0.859375 -1.295147 0.859375 -1.119052 0.8750001 -1.119052 0.8750001 -1.295147 0.8750001 -1.119052 0.890625 -1.119052 0.890625 -1.295147 0.890625 -1.119052 0.90625 -1.119052 0.90625 -1.119052 0.921875 -1.119052 0.921875 -1.295147 0.921875 -1.119052 0.9375 -1.119052 0.9375 -1.295147 0.9375 -1.119052 0.953125 -1.119052 0.953125 -1.295147 0.953125 -1.295147 0.953125 -1.119052 0.96875 -1.119052 0.96875 -1.295147 0.96875 -1.119052 0.984375 -1.119052 0.984375 -1.295147 0.984375 -1.119052 1 -1.119052 0 -1.119052 0 -1.073608 0.015625 -1.073608 0.015625 -1.119052 0.015625 -1.073608 0.03125 -1.073608 0.03125 -1.073608 0.046875 -1.073608 0.046875 -1.119052 0.046875 -1.119052 0.046875 -1.073608 0.0625 -1.073608 0.0625 -1.119052 0.0625 -1.073608 0.078125 -1.073608 0.078125 -1.073608 0.09375 -1.073608 0.09375 -1.119052 0.09375 -1.073608 0.109375 -1.073608 0.109375 -1.119052 0.109375 -1.119052 0.109375 -1.073608 0.125 -1.073608 0.125 -1.119052 0.125 -1.073608 0.140625 -1.073608 0.140625 -1.119052 0.140625 -1.073608 0.15625 -1.073608 0.15625 -1.073608 0.171875 -1.073608 0.171875 -1.119052 0.171875 -1.073608 0.1875 -1.073608 0.1875 -1.119052 0.1875 -1.119052 0.1875 -1.073608 0.203125 -1.073608 0.203125 -1.073608 0.21875 -1.073608 0.21875 -1.119052 0.21875 -1.073608 0.234375 -1.073608 0.234375 -1.119052 0.234375 -1.119052 0.234375 -1.073608 0.25 -1.073608 0.25 -1.119052 0.25 -1.073608 0.265625 -1.073608 0.265625 -1.119052 0.265625 -1.073608 0.28125 -1.073608 0.28125 -1.073608 0.296875 -1.073608 0.296875 -1.119052 0.296875 -1.119052 0.296875 -1.073608 0.3125 -1.073608 0.3125 -1.119052 0.3125 -1.073608 0.328125 -1.073608 0.328125 -1.073608 0.34375 -1.073608 0.34375 -1.119052 0.34375 -1.073608 0.359375 -1.073608 0.359375 -1.119052 0.359375 -1.073608 0.375 -1.073608 0.375 -1.119052 0.375 -1.119052 0.375 -1.073608 0.390625 -1.073608 0.390625 -1.073608 0.40625 -1.073608 0.40625 -1.119052 0.40625 -1.073608 0.421875 -1.073608 0.421875 -1.119052 0.421875 -1.119052 0.421875 -1.073608 0.4375 -1.073608 0.4375 -1.119052 0.4375 -1.073608 0.453125 -1.073608 0.453125 -1.073608 0.46875 -1.073608 0.46875 -1.119052 0.46875 -1.073608 0.484375 -1.073608 0.484375 -1.119052 0.484375 -1.119052 0.484375 -1.073608 0.5 -1.073608 0.5 -1.119052 0.5 -1.073608 0.515625 -1.073608 0.515625 -1.119052 0.515625 -1.073608 0.53125 -1.073608 0.53125 -1.073608 0.546875 -1.073608 0.546875 -1.119052 0.546875 -1.073608 0.5625 -1.073608 0.5625 -1.119052 0.5625 -1.119052 0.5625 -1.073608 0.578125 -1.073608 0.578125 -1.073608 0.59375 -1.073608 0.59375 -1.119052 0.59375 -1.119052 0.59375 -1.073608 0.609375 -1.073608 0.609375 -1.119052 0.609375 -1.073608 0.625 -1.073608 0.625 -1.119052 0.625 -1.073608 0.640625 -1.073608 0.640625 -1.073608 0.65625 -1.073608 0.65625 -1.119052 0.65625 -1.073608 0.671875 -1.073608 0.671875 -1.119052 0.671875 -1.073608 0.6875 -1.073608 0.6875 -1.119052 0.6875 -1.073608 0.703125 -1.073608 0.703125 -1.119052 0.703125 -1.073608 0.71875 -1.073608 0.71875 -1.119052 0.71875 -1.073608 0.734375 -1.073608 0.734375 -1.119052 0.734375 -1.119052 0.734375 -1.073608 0.75 -1.073608 0.75 -1.119052 0.75 -1.073608 0.765625 -1.073608 0.765625 -1.119052 0.765625 -1.073608 0.78125 -1.073608 0.78125 -1.073608 0.796875 -1.073608 0.796875 -1.119052 0.796875 -1.119052 0.796875 -1.073608 0.8125 -1.073608 0.8125 -1.119052 0.8125 -1.073608 0.828125 -1.073608 0.828125 -1.119052 0.828125 -1.073608 0.84375 -1.073608 0.84375 -1.073608 0.859375 -1.073608 0.859375 -1.119052 0.859375 -1.073608 0.8750001 -1.073608 0.8750001 -1.119052 0.8750001 -1.119052 0.8750001 -1.073608 0.890625 -1.073608 0.890625 -1.073608 0.90625 -1.073608 0.90625 -1.119052 0.90625 -1.073608 0.921875 -1.073608 0.921875 -1.119052 0.921875 -1.119052 0.921875 -1.073608 0.9375 -1.073608 0.9375 -1.073608 0.953125 -1.073608 0.953125 -1.119052 0.953125 -1.073608 0.96875 -1.073608 0.96875 -1.119052 0.96875 -1.119052 0.96875 -1.073608 0.984375 -1.073608 0.984375 -1.073608 1 -1.073608 1 -1.119052 0 -1.073608 0 -0.9656795 0.015625 -0.9656795 0.015625 -1.073608 0.015625 -0.9656795 0.03125 -0.9656795 0.03125 -1.073608 0.03125 -0.9656795 0.046875 -0.9656795 0.046875 -1.073608 0.046875 -0.9656795 0.0625 -0.9656795 0.0625 -1.073608 0.0625 -0.9656795 0.078125 -0.9656795 0.078125 -1.073608 0.078125 -0.9656795 0.09375 -0.9656795 0.09375 -1.073608 0.09375 -0.9656795 0.109375 -0.9656795 0.109375 -1.073608 0.109375 -0.9656795 0.125 -0.9656795 0.125 -0.9656795 0.140625 -0.9656795 0.140625 -1.073608 0.140625 -1.073608 0.140625 -0.9656795 0.15625 -0.9656795 0.15625 -1.073608 0.15625 -0.9656795 0.171875 -0.9656795 0.171875 -0.9656795 0.1875 -0.9656795 0.1875 -1.073608 0.1875 -1.073608 0.1875 -0.9656795 0.203125 -0.9656795 0.203125 -1.073608 0.203125 -0.9656795 0.21875 -0.9656795 0.21875 -1.073608 0.21875 -0.9656795 0.234375 -0.9656795 0.234375 -1.073608 0.234375 -0.9656795 0.25 -0.9656795 0.25 -1.073608 0.25 -0.9656795 0.265625 -0.9656795 0.265625 -1.073608 0.265625 -0.9656795 0.28125 -0.9656795 0.28125 -1.073608 0.28125 -0.9656795 0.296875 -0.9656795 0.296875 -1.073608 0.296875 -0.9656795 0.3125 -0.9656795 0.3125 -0.9656795 0.328125 -0.9656795 0.328125 -1.073608 0.328125 -0.9656795 0.34375 -0.9656795 0.34375 -1.073608 0.34375 -1.073608 0.34375 -0.9656795 0.359375 -0.9656795 0.359375 -1.073608 0.359375 -0.9656795 0.375 -0.9656795 0.375 -0.9656795 0.390625 -0.9656795 0.390625 -1.073608 0.390625 -1.073608 0.390625 -0.9656795 0.40625 -0.9656795 0.40625 -1.073608 0.40625 -0.9656795 0.421875 -0.9656795 0.421875 -0.9656795 0.4375 -0.9656795 0.4375 -1.073608 0.4375 -1.073608 0.4375 -0.9656795 0.453125 -0.9656795 0.453125 -1.073608 0.453125 -0.9656795 0.46875 -0.9656795 0.46875 -1.073608 0.46875 -0.9656795 0.484375 -0.9656795 0.484375 -1.073608 0.484375 -0.9656795 0.5 -0.9656795 0.5 -1.073608 0.5 -0.9656795 0.515625 -0.9656795 0.515625 -1.073608 0.515625 -0.9656795 0.53125 -0.9656795 0.53125 -1.073608 0.53125 -0.9656795 0.546875 -0.9656795 0.546875 -1.073608 0.546875 -0.9656795 0.5625 -0.9656795 0.5625 -1.073608 0.5625 -0.9656795 0.578125 -0.9656795 0.578125 -1.073608 0.578125 -0.9656795 0.59375 -0.9656795 0.59375 -1.073608 0.59375 -0.9656795 0.609375 -0.9656795 0.609375 -1.073608 0.609375 -0.9656795 0.625 -0.9656795 0.625 -1.073608 0.625 -0.9656795 0.640625 -0.9656795 0.640625 -1.073608 0.640625 -0.9656795 0.65625 -0.9656795 0.65625 -0.9656795 0.671875 -0.9656795 0.671875 -1.073608 0.671875 -0.9656795 0.6875 -0.9656795 0.6875 -1.073608 0.6875 -1.073608 0.6875 -0.9656795 0.703125 -0.9656795 0.703125 -1.073608 0.703125 -0.9656795 0.71875 -0.9656795 0.71875 -1.073608 0.71875 -0.9656795 0.734375 -0.9656795 0.734375 -1.073608 0.734375 -0.9656795 0.75 -0.9656795 0.75 -1.073608 0.75 -0.9656795 0.765625 -0.9656795 0.765625 -1.073608 0.765625 -0.9656795 0.78125 -0.9656795 0.78125 -1.073608 0.78125 -0.9656795 0.796875 -0.9656795 0.796875 -1.073608 0.796875 -0.9656795 0.8125 -0.9656795 0.8125 -0.9656795 0.828125 -0.9656795 0.828125 -1.073608 0.828125 -0.9656795 0.84375 -0.9656795 0.84375 -1.073608 0.84375 -0.9656795 0.859375 -0.9656795 0.859375 -1.073608 0.859375 -1.073608 0.859375 -0.9656795 0.8750001 -0.9656795 0.8750001 -1.073608 0.8750001 -0.9656795 0.890625 -0.9656795 0.890625 -1.073608 0.890625 -0.9656795 0.90625 -0.9656795 0.90625 -0.9656795 0.921875 -0.9656795 0.921875 -1.073608 0.921875 -1.073608 0.921875 -0.9656795 0.9375 -0.9656795 0.9375 -1.073608 0.9375 -0.9656795 0.953125 -0.9656795 0.953125 -1.073608 0.953125 -0.9656795 0.96875 -0.9656795 0.96875 -1.073608 0.96875 -0.9656795 0.984375 -0.9656795 0.984375 -1.073608 0.984375 -0.9656795 1 -0.9656795 0 -0.9656795 0 -0.789585 0.015625 -0.789585 0.015625 -0.9656795 0.015625 -0.789585 0.03125 -0.789585 0.03125 -0.9656795 0.03125 -0.789585 0.046875 -0.789585 0.046875 -0.789585 0.0625 -0.789585 0.0625 -0.9656795 0.0625 -0.9656795 0.0625 -0.789585 0.078125 -0.789585 0.078125 -0.9656795 0.078125 -0.789585 0.09375 -0.789585 0.09375 -0.9656795 0.09375 -0.789585 0.109375 -0.789585 0.109375 -0.789585 0.125 -0.789585 0.125 -0.9656795 0.125 -0.789585 0.140625 -0.789585 0.140625 -0.9656795 0.140625 -0.789585 0.15625 -0.789585 0.15625 -0.9656795 0.15625 -0.9656795 0.15625 -0.789585 0.171875 -0.789585 0.171875 -0.9656795 0.171875 -0.789585 0.1875 -0.789585 0.1875 -0.9656795 0.1875 -0.789585 0.203125 -0.789585 0.203125 -0.789585 0.21875 -0.789585 0.21875 -0.9656795 0.21875 -0.9656795 0.21875 -0.789585 0.234375 -0.789585 0.234375 -0.9656795 0.234375 -0.789585 0.25 -0.789585 0.25 -0.9656795 0.25 -0.789585 0.265625 -0.789585 0.265625 -0.789585 0.28125 -0.789585 0.28125 -0.9656795 0.28125 -0.789585 0.296875 -0.789585 0.296875 -0.9656795 0.296875 -0.9656795 0.296875 -0.789585 0.3125 -0.789585 0.3125 -0.9656795 0.3125 -0.789585 0.328125 -0.789585 0.328125 -0.9656795 0.328125 -0.789585 0.34375 -0.789585 0.34375 -0.9656795 0.34375 -0.789585 0.359375 -0.789585 0.359375 -0.9656795 0.359375 -0.789585 0.375 -0.789585 0.375 -0.789585 0.390625 -0.789585 0.390625 -0.9656795 0.390625 -0.789585 0.40625 -0.789585 0.40625 -0.9656795 0.40625 -0.9656795 0.40625 -0.789585 0.421875 -0.789585 0.421875 -0.9656795 0.421875 -0.789585 0.4375 -0.789585 0.4375 -0.9656795 0.4375 -0.789585 0.453125 -0.789585 0.453125 -0.789585 0.46875 -0.789585 0.46875 -0.9656795 0.46875 -0.9656795 0.46875 -0.789585 0.484375 -0.789585 0.484375 -0.9656795 0.484375 -0.789585 0.5 -0.789585 0.5 -0.9656795 0.5 -0.789585 0.515625 -0.789585 0.515625 -0.9656795 0.515625 -0.789585 0.53125 -0.789585 0.53125 -0.9656795 0.53125 -0.789585 0.546875 -0.789585 0.546875 -0.789585 0.5625 -0.789585 0.5625 -0.9656795 0.5625 -0.9656795 0.5625 -0.789585 0.578125 -0.789585 0.578125 -0.9656795 0.578125 -0.789585 0.59375 -0.789585 0.59375 -0.9656795 0.59375 -0.789585 0.609375 -0.789585 0.609375 -0.789585 0.625 -0.789585 0.625 -0.9656795 0.625 -0.9656795 0.625 -0.789585 0.640625 -0.789585 0.640625 -0.9656795 0.640625 -0.789585 0.65625 -0.789585 0.65625 -0.9656795 0.65625 -0.789585 0.671875 -0.789585 0.671875 -0.9656795 0.671875 -0.789585 0.6875 -0.789585 0.6875 -0.789585 0.703125 -0.789585 0.703125 -0.9656795 0.703125 -0.789585 0.71875 -0.789585 0.71875 -0.9656795 0.71875 -0.9656795 0.71875 -0.789585 0.734375 -0.789585 0.734375 -0.9656795 0.734375 -0.789585 0.75 -0.789585 0.75 -0.9656795 0.75 -0.789585 0.765625 -0.789585 0.765625 -0.789585 0.78125 -0.789585 0.78125 -0.9656795 0.78125 -0.9656795 0.78125 -0.789585 0.796875 -0.789585 0.796875 -0.789585 0.8125 -0.789585 0.8125 -0.9656795 0.8125 -0.9656795 0.8125 -0.789585 0.828125 -0.789585 0.828125 -0.789585 0.84375 -0.789585 0.84375 -0.9656795 0.84375 -0.9656795 0.84375 -0.789585 0.859375 -0.789585 0.859375 -0.789585 0.8750001 -0.789585 0.8750001 -0.9656795 0.8750001 -0.789585 0.890625 -0.789585 0.890625 -0.9656795 0.890625 -0.9656795 0.890625 -0.789585 0.90625 -0.789585 0.90625 -0.9656795 0.90625 -0.789585 0.921875 -0.789585 0.921875 -0.9656795 0.921875 -0.789585 0.9375 -0.789585 0.9375 -0.789585 0.953125 -0.789585 0.953125 -0.9656795 0.953125 -0.9656795 0.953125 -0.789585 0.96875 -0.789585 0.96875 -0.9656795 0.96875 -0.789585 0.984375 -0.789585 0.984375 -0.9656795 0.984375 -0.789585 1 -0.789585 0 -0.789585 0 -0.6305319 0.015625 -0.6305319 0.015625 -0.789585 0.015625 -0.6305319 0.03125 -0.6305319 0.03125 -0.789585 0.03125 -0.6305319 0.046875 -0.6305319 0.046875 -0.789585 0.046875 -0.6305319 0.0625 -0.6305319 0.0625 -0.6305319 0.078125 -0.6305319 0.078125 -0.789585 0.078125 -0.789585 0.078125 -0.6305319 0.09375 -0.6305319 0.09375 -0.789585 0.09375 -0.6305319 0.109375 -0.6305319 0.109375 -0.789585 0.109375 -0.6305319 0.125 -0.6305319 0.125 -0.789585 0.125 -0.6305319 0.140625 -0.6305319 0.140625 -0.789585 0.140625 -0.6305319 0.15625 -0.6305319 0.15625 -0.789585 0.15625 -0.6305319 0.171875 -0.6305319 0.171875 -0.789585 0.171875 -0.6305319 0.1875 -0.6305319 0.1875 -0.789585 0.1875 -0.6305319 0.203125 -0.6305319 0.203125 -0.789585 0.203125 -0.6305319 0.21875 -0.6305319 0.21875 -0.789585 0.21875 -0.6305319 0.234375 -0.6305319 0.234375 -0.789585 0.234375 -0.6305319 0.25 -0.6305319 0.25 -0.789585 0.25 -0.6305319 0.265625 -0.6305319 0.265625 -0.789585 0.265625 -0.6305319 0.28125 -0.6305319 0.28125 -0.789585 0.28125 -0.6305319 0.296875 -0.6305319 0.296875 -0.789585 0.296875 -0.6305319 0.3125 -0.6305319 0.3125 -0.789585 0.3125 -0.6305319 0.328125 -0.6305319 0.328125 -0.789585 0.328125 -0.6305319 0.34375 -0.6305319 0.34375 -0.6305319 0.359375 -0.6305319 0.359375 -0.789585 0.359375 -0.789585 0.359375 -0.6305319 0.375 -0.6305319 0.375 -0.789585 0.375 -0.6305319 0.390625 -0.6305319 0.390625 -0.789585 0.390625 -0.6305319 0.40625 -0.6305319 0.40625 -0.789585 0.40625 -0.6305319 0.421875 -0.6305319 0.421875 -0.789585 0.421875 -0.6305319 0.4375 -0.6305319 0.4375 -0.789585 0.4375 -0.6305319 0.453125 -0.6305319 0.453125 -0.789585 0.453125 -0.6305319 0.46875 -0.6305319 0.46875 -0.789585 0.46875 -0.6305319 0.484375 -0.6305319 0.484375 -0.789585 0.484375 -0.6305319 0.5 -0.6305319 0.5 -0.789585 0.5 -0.6305319 0.515625 -0.6305319 0.515625 -0.789585 0.515625 -0.6305319 0.53125 -0.6305319 0.53125 -0.789585 0.53125 -0.6305319 0.546875 -0.6305319 0.546875 -0.789585 0.546875 -0.6305319 0.5625 -0.6305319 0.5625 -0.789585 0.5625 -0.6305319 0.578125 -0.6305319 0.578125 -0.789585 0.578125 -0.6305319 0.59375 -0.6305319 0.59375 -0.789585 0.59375 -0.6305319 0.609375 -0.6305319 0.609375 -0.789585 0.609375 -0.6305319 0.625 -0.6305319 0.625 -0.789585 0.625 -0.6305319 0.640625 -0.6305319 0.640625 -0.789585 0.640625 -0.6305319 0.65625 -0.6305319 0.65625 -0.789585 0.65625 -0.6305319 0.671875 -0.6305319 0.671875 -0.6305319 0.6875 -0.6305319 0.6875 -0.789585 0.6875 -0.789585 0.6875 -0.6305319 0.703125 -0.6305319 0.703125 -0.789585 0.703125 -0.6305319 0.71875 -0.6305319 0.71875 -0.789585 0.71875 -0.6305319 0.734375 -0.6305319 0.734375 -0.789585 0.734375 -0.6305319 0.75 -0.6305319 0.75 -0.789585 0.75 -0.6305319 0.765625 -0.6305319 0.765625 -0.789585 0.765625 -0.6305319 0.78125 -0.6305319 0.78125 -0.789585 0.78125 -0.6305319 0.796875 -0.6305319 0.796875 -0.789585 0.796875 -0.6305319 0.8125 -0.6305319 0.8125 -0.789585 0.8125 -0.6305319 0.828125 -0.6305319 0.828125 -0.789585 0.828125 -0.6305319 0.84375 -0.6305319 0.84375 -0.789585 0.84375 -0.6305319 0.859375 -0.6305319 0.859375 -0.789585 0.859375 -0.6305319 0.8750001 -0.6305319 0.8750001 -0.789585 0.8750001 -0.6305319 0.890625 -0.6305319 0.890625 -0.789585 0.890625 -0.6305319 0.90625 -0.6305319 0.90625 -0.789585 0.90625 -0.6305319 0.921875 -0.6305319 0.921875 -0.6305319 0.9375 -0.6305319 0.9375 -0.789585 0.9375 -0.789585 0.9375 -0.6305319 0.953125 -0.6305319 0.953125 -0.789585 0.953125 -0.6305319 0.96875 -0.6305319 0.96875 -0.789585 0.96875 -0.6305319 0.984375 -0.6305319 0.984375 -0.789585 0.984375 -0.6305319 1 -0.6305319 0 -0.6305319 0 -0.4771593 0.015625 -0.4771593 0.015625 -0.4771593 0.03125 -0.4771593 0.03125 -0.6305319 0.03125 -0.4771593 0.046875 -0.4771593 0.046875 -0.6305319 0.046875 -0.6305319 0.046875 -0.4771593 0.0625 -0.4771593 0.0625 -0.6305319 0.0625 -0.4771593 0.078125 -0.4771593 0.078125 -0.6305319 0.078125 -0.4771593 0.09375 -0.4771593 0.09375 -0.4771593 0.109375 -0.4771593 0.109375 -0.6305319 0.109375 -0.6305319 0.109375 -0.4771593 0.125 -0.4771593 0.125 -0.4771593 0.140625 -0.4771593 0.140625 -0.6305319 0.140625 -0.4771593 0.15625 -0.4771593 0.15625 -0.6305319 0.15625 -0.6305319 0.15625 -0.4771593 0.171875 -0.4771593 0.171875 -0.6305319 0.171875 -0.4771593 0.1875 -0.4771593 0.1875 -0.6305319 0.1875 -0.4771593 0.203125 -0.4771593 0.203125 -0.6305319 0.203125 -0.4771593 0.21875 -0.4771593 0.21875 -0.6305319 0.21875 -0.4771593 0.234375 -0.4771593 0.234375 -0.4771593 0.25 -0.4771593 0.25 -0.6305319 0.25 -0.6305319 0.25 -0.4771593 0.265625 -0.4771593 0.265625 -0.6305319 0.265625 -0.4771593 0.28125 -0.4771593 0.28125 -0.6305319 0.28125 -0.4771593 0.296875 -0.4771593 0.296875 -0.6305319 0.296875 -0.4771593 0.3125 -0.4771593 0.3125 -0.6305319 0.3125 -0.4771593 0.328125 -0.4771593 0.328125 -0.6305319 0.328125 -0.4771593 0.34375 -0.4771593 0.34375 -0.4771593 0.359375 -0.4771593 0.359375 -0.6305319 0.359375 -0.6305319 0.359375 -0.4771593 0.375 -0.4771593 0.375 -0.4771593 0.390625 -0.4771593 0.390625 -0.6305319 0.390625 -0.4771593 0.40625 -0.4771593 0.40625 -0.6305319 0.40625 -0.6305319 0.40625 -0.4771593 0.421875 -0.4771593 0.421875 -0.6305319 0.421875 -0.4771593 0.4375 -0.4771593 0.4375 -0.6305319 0.4375 -0.4771593 0.453125 -0.4771593 0.453125 -0.6305319 0.453125 -0.4771593 0.46875 -0.4771593 0.46875 -0.6305319 0.46875 -0.4771593 0.484375 -0.4771593 0.484375 -0.4771593 0.5 -0.4771593 0.5 -0.6305319 0.5 -0.6305319 0.5 -0.4771593 0.515625 -0.4771593 0.515625 -0.4771593 0.53125 -0.4771593 0.53125 -0.6305319 0.53125 -0.6305319 0.53125 -0.4771593 0.546875 -0.4771593 0.546875 -0.6305319 0.546875 -0.4771593 0.5625 -0.4771593 0.5625 -0.6305319 0.5625 -0.4771593 0.578125 -0.4771593 0.578125 -0.6305319 0.578125 -0.4771593 0.59375 -0.4771593 0.59375 -0.4771593 0.609375 -0.4771593 0.609375 -0.6305319 0.609375 -0.6305319 0.609375 -0.4771593 0.625 -0.4771593 0.625 -0.4771593 0.640625 -0.4771593 0.640625 -0.6305319 0.640625 -0.4771593 0.65625 -0.4771593 0.65625 -0.6305319 0.65625 -0.6305319 0.65625 -0.4771593 0.671875 -0.4771593 0.671875 -0.6305319 0.671875 -0.4771593 0.6875 -0.4771593 0.6875 -0.6305319 0.6875 -0.4771593 0.703125 -0.4771593 0.703125 -0.6305319 0.703125 -0.4771593 0.71875 -0.4771593 0.71875 -0.6305319 0.71875 -0.4771593 0.734375 -0.4771593 0.734375 -0.4771593 0.75 -0.4771593 0.75 -0.6305319 0.75 -0.4771593 0.765625 -0.4771593 0.765625 -0.6305319 0.765625 -0.4771593 0.78125 -0.4771593 0.78125 -0.6305319 0.78125 -0.6305319 0.78125 -0.4771593 0.796875 -0.4771593 0.796875 -0.6305319 0.796875 -0.4771593 0.8125 -0.4771593 0.8125 -0.6305319 0.8125 -0.4771593 0.828125 -0.4771593 0.828125 -0.4771593 0.84375 -0.4771593 0.84375 -0.6305319 0.84375 -0.6305319 0.84375 -0.4771593 0.859375 -0.4771593 0.859375 -0.6305319 0.859375 -0.4771593 0.8750001 -0.4771593 0.8750001 -0.6305319 0.8750001 -0.4771593 0.890625 -0.4771593 0.890625 -0.4771593 0.90625 -0.4771593 0.90625 -0.6305319 0.90625 -0.6305319 0.90625 -0.4771593 0.921875 -0.4771593 0.921875 -0.4771593 0.9375 -0.4771593 0.9375 -0.6305319 0.9375 -0.6305319 0.9375 -0.4771593 0.953125 -0.4771593 0.953125 -0.6305319 0.953125 -0.4771593 0.96875 -0.4771593 0.96875 -0.4771593 0.984375 -0.4771593 0.984375 -0.6305319 0.984375 -0.6305319 0.984375 -0.4771593 1 -0.4771593 0 -0.4771593 0 -0.3578695 0.015625 -0.3578695 0.015625 -0.4771593 0.015625 -0.3578695 0.03125 -0.3578695 0.03125 -0.4771593 0.03125 -0.3578695 0.046875 -0.3578695 0.046875 -0.4771593 0.046875 -0.3578695 0.0625 -0.3578695 0.0625 -0.4771593 0.0625 -0.3578695 0.078125 -0.3578695 0.078125 -0.4771593 0.078125 -0.3578695 0.09375 -0.3578695 0.09375 -0.4771593 0.09375 -0.3578695 0.109375 -0.3578695 0.109375 -0.4771593 0.109375 -0.3578695 0.125 -0.3578695 0.125 -0.4771593 0.125 -0.3578695 0.140625 -0.3578695 0.140625 -0.4771593 0.140625 -0.3578695 0.15625 -0.3578695 0.15625 -0.4771593 0.15625 -0.3578695 0.171875 -0.3578695 0.171875 -0.4771593 0.171875 -0.3578695 0.1875 -0.3578695 0.1875 -0.4771593 0.1875 -0.3578695 0.203125 -0.3578695 0.203125 -0.4771593 0.203125 -0.3578695 0.21875 -0.3578695 0.21875 -0.4771593 0.21875 -0.3578695 0.234375 -0.3578695 0.234375 -0.4771593 0.234375 -0.3578695 0.25 -0.3578695 0.25 -0.4771593 0.25 -0.3578695 0.265625 -0.3578695 0.265625 -0.4771593 0.265625 -0.3578695 0.28125 -0.3578695 0.28125 -0.4771593 0.28125 -0.3578695 0.296875 -0.3578695 0.296875 -0.4771593 0.296875 -0.3578695 0.3125 -0.3578695 0.3125 -0.4771593 0.3125 -0.3578695 0.328125 -0.3578695 0.328125 -0.4771593 0.328125 -0.3578695 0.34375 -0.3578695 0.34375 -0.4771593 0.34375 -0.3578695 0.359375 -0.3578695 0.359375 -0.3578695 0.375 -0.3578695 0.375 -0.4771593 0.375 -0.4771593 0.375 -0.3578695 0.390625 -0.3578695 0.390625 -0.4771593 0.390625 -0.3578695 0.40625 -0.3578695 0.40625 -0.4771593 0.40625 -0.3578695 0.421875 -0.3578695 0.421875 -0.4771593 0.421875 -0.3578695 0.4375 -0.3578695 0.4375 -0.3578695 0.453125 -0.3578695 0.453125 -0.4771593 0.453125 -0.4771593 0.453125 -0.3578695 0.46875 -0.3578695 0.46875 -0.4771593 0.46875 -0.3578695 0.484375 -0.3578695 0.484375 -0.4771593 0.484375 -0.3578695 0.5 -0.3578695 0.5 -0.4771593 0.5 -0.3578695 0.515625 -0.3578695 0.515625 -0.4771593 0.515625 -0.3578695 0.53125 -0.3578695 0.53125 -0.4771593 0.53125 -0.3578695 0.546875 -0.3578695 0.546875 -0.4771593 0.546875 -0.3578695 0.5625 -0.3578695 0.5625 -0.4771593 0.5625 -0.3578695 0.578125 -0.3578695 0.578125 -0.4771593 0.578125 -0.3578695 0.59375 -0.3578695 0.59375 -0.4771593 0.59375 -0.3578695 0.609375 -0.3578695 0.609375 -0.4771593 0.609375 -0.3578695 0.625 -0.3578695 0.625 -0.3578695 0.640625 -0.3578695 0.640625 -0.4771593 0.640625 -0.4771593 0.640625 -0.3578695 0.65625 -0.3578695 0.65625 -0.4771593 0.65625 -0.3578695 0.671875 -0.3578695 0.671875 -0.4771593 0.671875 -0.3578695 0.6875 -0.3578695 0.6875 -0.4771593 0.6875 -0.3578695 0.703125 -0.3578695 0.703125 -0.4771593 0.703125 -0.3578695 0.71875 -0.3578695 0.71875 -0.4771593 0.71875 -0.3578695 0.734375 -0.3578695 0.734375 -0.4771593 0.734375 -0.3578695 0.75 -0.3578695 0.75 -0.4771593 0.75 -0.3578695 0.765625 -0.3578695 0.765625 -0.4771593 0.765625 -0.3578695 0.78125 -0.3578695 0.78125 -0.4771593 0.78125 -0.3578695 0.796875 -0.3578695 0.796875 -0.4771593 0.796875 -0.3578695 0.8125 -0.3578695 0.8125 -0.4771593 0.8125 -0.3578695 0.828125 -0.3578695 0.828125 -0.4771593 0.828125 -0.3578695 0.84375 -0.3578695 0.84375 -0.4771593 0.84375 -0.3578695 0.859375 -0.3578695 0.859375 -0.4771593 0.859375 -0.3578695 0.8750001 -0.3578695 0.8750001 -0.3578695 0.890625 -0.3578695 0.890625 -0.4771593 0.890625 -0.4771593 0.890625 -0.3578695 0.90625 -0.3578695 0.90625 -0.4771593 0.90625 -0.3578695 0.921875 -0.3578695 0.921875 -0.4771593 0.921875 -0.3578695 0.9375 -0.3578695 0.9375 -0.4771593 0.9375 -0.3578695 0.953125 -0.3578695 0.953125 -0.4771593 0.953125 -0.3578695 0.96875 -0.3578695 0.96875 -0.4771593 0.96875 -0.3578695 0.984375 -0.3578695 0.984375 -0.4771593 0.984375 -0.3578695 1 -0.3578695 0 -0.3578695 0 -0.1988162 0.015625 -0.1988162 0.015625 -0.3578695 0.015625 -0.1988162 0.03125 -0.1988162 0.03125 -0.1988162 0.046875 -0.1988162 0.046875 -0.3578695 0.046875 -0.3578695 0.046875 -0.1988162 0.0625 -0.1988162 0.0625 -0.1988162 0.078125 -0.1988162 0.078125 -0.3578695 0.078125 -0.3578695 0.078125 -0.1988162 0.09375 -0.1988162 0.09375 -0.3578695 0.09375 -0.1988162 0.109375 -0.1988162 0.109375 -0.3578695 0.109375 -0.1988162 0.125 -0.1988162 0.125 -0.3578695 0.125 -0.1988162 0.140625 -0.1988162 0.140625 -0.3578695 0.140625 -0.1988162 0.15625 -0.1988162 0.15625 -0.3578695 0.15625 -0.1988162 0.171875 -0.1988162 0.171875 -0.1988162 0.1875 -0.1988162 0.1875 -0.3578695 0.1875 -0.1988162 0.203125 -0.1988162 0.203125 -0.3578695 0.203125 -0.3578695 0.203125 -0.1988162 0.21875 -0.1988162 0.21875 -0.3578695 0.21875 -0.1988162 0.234375 -0.1988162 0.234375 -0.3578695 0.234375 -0.1988162 0.25 -0.1988162 0.25 -0.3578695 0.25 -0.1988162 0.265625 -0.1988162 0.265625 -0.3578695 0.265625 -0.1988162 0.28125 -0.1988162 0.28125 -0.3578695 0.28125 -0.1988162 0.296875 -0.1988162 0.296875 -0.1988162 0.3125 -0.1988162 0.3125 -0.3578695 0.3125 -0.1988162 0.328125 -0.1988162 0.328125 -0.3578695 0.328125 -0.1988162 0.34375 -0.1988162 0.34375 -0.3578695 0.34375 -0.3578695 0.34375 -0.1988162 0.359375 -0.1988162 0.359375 -0.3578695 0.359375 -0.1988162 0.375 -0.1988162 0.375 -0.3578695 0.375 -0.1988162 0.390625 -0.1988162 0.390625 -0.3578695 0.390625 -0.1988162 0.40625 -0.1988162 0.40625 -0.1988162 0.421875 -0.1988162 0.421875 -0.3578695 0.421875 -0.1988162 0.4375 -0.1988162 0.4375 -0.3578695 0.4375 -0.1988162 0.453125 -0.1988162 0.453125 -0.3578695 0.453125 -0.3578695 0.453125 -0.1988162 0.46875 -0.1988162 0.46875 -0.3578695 0.46875 -0.1988162 0.484375 -0.1988162 0.484375 -0.3578695 0.484375 -0.1988162 0.5 -0.1988162 0.5 -0.3578695 0.5 -0.1988162 0.515625 -0.1988162 0.515625 -0.3578695 0.515625 -0.1988162 0.53125 -0.1988162 0.53125 -0.3578695 0.53125 -0.1988162 0.546875 -0.1988162 0.546875 -0.3578695 0.546875 -0.1988162 0.5625 -0.1988162 0.5625 -0.1988162 0.578125 -0.1988162 0.578125 -0.3578695 0.578125 -0.1988162 0.59375 -0.1988162 0.59375 -0.3578695 0.59375 -0.3578695 0.59375 -0.1988162 0.609375 -0.1988162 0.609375 -0.3578695 0.609375 -0.1988162 0.625 -0.1988162 0.625 -0.3578695 0.625 -0.1988162 0.640625 -0.1988162 0.640625 -0.3578695 0.640625 -0.1988162 0.65625 -0.1988162 0.65625 -0.3578695 0.65625 -0.1988162 0.671875 -0.1988162 0.671875 -0.1988162 0.6875 -0.1988162 0.6875 -0.3578695 0.6875 -0.3578695 0.6875 -0.1988162 0.703125 -0.1988162 0.703125 -0.1988162 0.71875 -0.1988162 0.71875 -0.3578695 0.71875 -0.3578695 0.71875 -0.1988162 0.734375 -0.1988162 0.734375 -0.3578695 0.734375 -0.1988162 0.75 -0.1988162 0.75 -0.3578695 0.75 -0.1988162 0.765625 -0.1988162 0.765625 -0.3578695 0.765625 -0.1988162 0.78125 -0.1988162 0.78125 -0.3578695 0.78125 -0.1988162 0.796875 -0.1988162 0.796875 -0.3578695 0.796875 -0.1988162 0.8125 -0.1988162 0.8125 -0.1988162 0.828125 -0.1988162 0.828125 -0.3578695 0.828125 -0.1988162 0.84375 -0.1988162 0.84375 -0.3578695 0.84375 -0.3578695 0.84375 -0.1988162 0.859375 -0.1988162 0.859375 -0.3578695 0.859375 -0.1988162 0.8750001 -0.1988162 0.8750001 -0.3578695 0.8750001 -0.1988162 0.890625 -0.1988162 0.890625 -0.1988162 0.90625 -0.1988162 0.90625 -0.3578695 0.90625 -0.3578695 0.90625 -0.1988162 0.921875 -0.1988162 0.921875 -0.1988162 0.9375 -0.1988162 0.9375 -0.3578695 0.9375 -0.1988162 0.953125 -0.1988162 0.953125 -0.3578695 0.953125 -0.3578695 0.953125 -0.1988162 0.96875 -0.1988162 0.96875 -0.3578695 0.96875 -0.1988162 0.984375 -0.1988162 0.984375 -0.3578695 0.984375 -0.1988162 1 -0.1988162 0 0.8918335 0.015625 0.8918335 0.015625 -0.1988162 0.015625 0.8918335 0.03125 0.8918335 0.03125 -0.1988162 0.03125 0.8918335 0.046875 0.8918335 0.046875 -0.1988162 0.046875 0.8918335 0.0625 0.8918335 0.0625 -0.1988162 0.0625 0.8918335 0.078125 0.8918335 0.078125 -0.1988162 0.078125 0.8918335 0.09375 0.8918335 0.09375 -0.1988162 0.09375 0.8918335 0.109375 0.8918335 0.109375 -0.1988162 0.109375 0.8918335 0.125 0.8918335 0.125 -0.1988162 0.125 0.8918335 0.140625 0.8918335 0.140625 -0.1988162 0.140625 0.8918335 0.15625 0.8918335 0.15625 -0.1988162 0.15625 0.8918335 0.171875 0.8918335 0.171875 -0.1988162 0.171875 0.8918335 0.1875 0.8918335 0.1875 -0.1988162 0.1875 0.8918335 0.203125 0.8918335 0.203125 -0.1988162 0.203125 0.8918335 0.21875 0.8918335 0.21875 -0.1988162 0.21875 0.8918335 0.234375 0.8918335 0.234375 -0.1988162 0.234375 0.8918335 0.25 0.8918335 0.25 -0.1988162 0.25 0.8918335 0.265625 0.8918335 0.265625 -0.1988162 0.265625 0.8918335 0.28125 0.8918335 0.28125 -0.1988162 0.28125 0.8918335 0.296875 0.8918335 0.296875 -0.1988162 0.296875 0.8918335 0.3125 0.8918335 0.3125 -0.1988162 0.3125 0.8918335 0.328125 0.8918335 0.328125 -0.1988162 0.328125 0.8918335 0.34375 0.8918335 0.34375 -0.1988162 0.34375 0.8918335 0.359375 0.8918335 0.359375 -0.1988162 0.359375 0.8918335 0.375 0.8918335 0.375 -0.1988162 0.375 0.8918335 0.390625 0.8918335 0.390625 -0.1988162 0.390625 0.8918335 0.40625 0.8918335 0.40625 -0.1988162 0.40625 0.8918335 0.421875 0.8918335 0.421875 -0.1988162 0.421875 0.8918335 0.4375 0.8918335 0.4375 -0.1988162 0.4375 0.8918335 0.453125 0.8918335 0.453125 -0.1988162 0.453125 0.8918335 0.46875 0.8918335 0.46875 -0.1988162 0.46875 0.8918335 0.484375 0.8918335 0.484375 -0.1988162 0.484375 0.8918335 0.5 0.8918335 0.5 -0.1988162 0.5 0.8918335 0.515625 0.8918335 0.515625 -0.1988162 0.515625 0.8918335 0.53125 0.8918335 0.53125 -0.1988162 0.53125 0.8918335 0.546875 0.8918335 0.546875 -0.1988162 0.546875 0.8918335 0.5625 0.8918335 0.5625 -0.1988162 0.5625 0.8918335 0.578125 0.8918335 0.578125 -0.1988162 0.578125 0.8918335 0.59375 0.8918335 0.59375 -0.1988162 0.59375 0.8918335 0.609375 0.8918335 0.609375 -0.1988162 0.609375 0.8918335 0.625 0.8918335 0.625 -0.1988162 0.625 0.8918335 0.640625 0.8918335 0.640625 -0.1988162 0.640625 0.8918335 0.65625 0.8918335 0.65625 -0.1988162 0.65625 0.8918335 0.671875 0.8918335 0.671875 -0.1988162 0.671875 0.8918335 0.6875 0.8918335 0.6875 -0.1988162 0.6875 0.8918335 0.703125 0.8918335 0.703125 -0.1988162 0.703125 0.8918335 0.71875 0.8918335 0.71875 -0.1988162 0.71875 0.8918335 0.734375 0.8918335 0.734375 -0.1988162 0.734375 0.8918335 0.75 0.8918335 0.75 -0.1988162 0.75 0.8918335 0.765625 0.8918335 0.765625 -0.1988162 0.765625 0.8918335 0.78125 0.8918335 0.78125 -0.1988162 0.78125 0.8918335 0.796875 0.8918335 0.796875 -0.1988162 0.796875 0.8918335 0.8125 0.8918335 0.8125 -0.1988162 0.8125 0.8918335 0.828125 0.8918335 0.828125 -0.1988162 0.828125 0.8918335 0.84375 0.8918335 0.84375 -0.1988162 0.84375 0.8918335 0.859375 0.8918335 0.859375 -0.1988162 0.859375 0.8918335 0.8750001 0.8918335 0.8750001 -0.1988162 0.8750001 0.8918335 0.890625 0.8918335 0.890625 -0.1988162 0.890625 0.8918335 0.90625 0.8918335 0.90625 -0.1988162 0.90625 0.8918335 0.921875 0.8918335 0.921875 -0.1988162 0.921875 0.8918335 0.9375 0.8918335 0.9375 -0.1988162 0.9375 0.8918335 0.953125 0.8918335 0.953125 -0.1988162 0.953125 0.8918335 0.96875 0.8918335 0.96875 -0.1988162 0.96875 0.8918335 0.984375 0.8918335 0.984375 -0.1988162 0.984375 -0.1988162 0.984375 0.8918335 1 0.8918335 0 0.8918335 0 0.9429577 0.015625 0.9429577 0.015625 0.9429577 0.03125 0.9429577 0.03125 0.8918335 0.03125 0.9429577 0.046875 0.9429577 0.046875 0.8918335 0.046875 0.8918335 0.046875 0.9429577 0.0625 0.9429577 0.0625 0.8918335 0.0625 0.9429577 0.078125 0.9429577 0.078125 0.8918335 0.078125 0.9429577 0.09375 0.9429577 0.09375 0.8918335 0.09375 0.9429577 0.109375 0.9429577 0.109375 0.8918335 0.109375 0.9429577 0.125 0.9429577 0.125 0.8918335 0.125 0.9429577 0.140625 0.9429577 0.140625 0.8918335 0.140625 0.9429577 0.15625 0.9429577 0.15625 0.8918335 0.15625 0.9429577 0.171875 0.9429577 0.171875 0.9429577 0.1875 0.9429577 0.1875 0.8918335 0.1875 0.9429577 0.203125 0.9429577 0.203125 0.8918335 0.203125 0.9429577 0.21875 0.9429577 0.21875 0.8918335 0.21875 0.8918335 0.21875 0.9429577 0.234375 0.9429577 0.234375 0.8918335 0.234375 0.9429577 0.25 0.9429577 0.25 0.8918335 0.25 0.9429577 0.265625 0.9429577 0.265625 0.9429577 0.28125 0.9429577 0.28125 0.8918335 0.28125 0.9429577 0.296875 0.9429577 0.296875 0.8918335 0.296875 0.9429577 0.3125 0.9429577 0.3125 0.8918335 0.3125 0.9429577 0.328125 0.9429577 0.328125 0.8918335 0.328125 0.8918335 0.328125 0.9429577 0.34375 0.9429577 0.34375 0.9429577 0.359375 0.9429577 0.359375 0.8918335 0.359375 0.8918335 0.359375 0.9429577 0.375 0.9429577 0.375 0.8918335 0.375 0.9429577 0.390625 0.9429577 0.390625 0.8918335 0.390625 0.9429577 0.40625 0.9429577 0.40625 0.8918335 0.40625 0.9429577 0.421875 0.9429577 0.421875 0.8918335 0.421875 0.9429577 0.4375 0.9429577 0.4375 0.8918335 0.4375 0.9429577 0.453125 0.9429577 0.453125 0.9429577 0.46875 0.9429577 0.46875 0.8918335 0.46875 0.8918335 0.46875 0.9429577 0.484375 0.9429577 0.484375 0.8918335 0.484375 0.9429577 0.5 0.9429577 0.5 0.8918335 0.5 0.9429577 0.515625 0.9429577 0.515625 0.9429577 0.53125 0.9429577 0.53125 0.8918335 0.53125 0.9429577 0.546875 0.9429577 0.546875 0.8918335 0.546875 0.8918335 0.546875 0.9429577 0.5625 0.9429577 0.5625 0.8918335 0.5625 0.9429577 0.578125 0.9429577 0.578125 0.8918335 0.578125 0.9429577 0.59375 0.9429577 0.59375 0.8918335 0.59375 0.9429577 0.609375 0.9429577 0.609375 0.8918335 0.609375 0.9429577 0.625 0.9429577 0.625 0.8918335 0.625 0.9429577 0.640625 0.9429577 0.640625 0.8918335 0.640625 0.9429577 0.65625 0.9429577 0.65625 0.9429577 0.671875 0.9429577 0.671875 0.8918335 0.671875 0.9429577 0.6875 0.9429577 0.6875 0.8918335 0.6875 0.9429577 0.703125 0.9429577 0.703125 0.8918335 0.703125 0.9429577 0.71875 0.9429577 0.71875 0.8918335 0.71875 0.8918335 0.71875 0.9429577 0.734375 0.9429577 0.734375 0.8918335 0.734375 0.9429577 0.75 0.9429577 0.75 0.8918335 0.75 0.9429577 0.765625 0.9429577 0.765625 0.9429577 0.78125 0.9429577 0.78125 0.8918335 0.78125 0.9429577 0.796875 0.9429577 0.796875 0.8918335 0.796875 0.9429577 0.8125 0.9429577 0.8125 0.8918335 0.8125 0.9429577 0.828125 0.9429577 0.828125 0.8918335 0.828125 0.8918335 0.828125 0.9429577 0.84375 0.9429577 0.84375 0.8918335 0.84375 0.9429577 0.859375 0.9429577 0.859375 0.8918335 0.859375 0.9429577 0.8750001 0.9429577 0.8750001 0.8918335 0.8750001 0.9429577 0.890625 0.9429577 0.890625 0.8918335 0.890625 0.9429577 0.90625 0.9429577 0.90625 0.8918335 0.90625 0.9429577 0.921875 0.9429577 0.921875 0.9429577 0.9375 0.9429577 0.9375 0.8918335 0.9375 0.8918335 0.9375 0.9429577 0.953125 0.9429577 0.953125 0.9429577 0.96875 0.9429577 0.96875 0.8918335 0.96875 0.8918335 0.96875 0.9429577 0.984375 0.9429577 0.984375 0.8918335 0.984375 0.9429577 1 0.9429577 0 0.9429577 0 1.306508 0.015625 1.306508 0.015625 0.9429577 0.015625 1.306508 0.03125 1.306508 0.03125 0.9429577 0.03125 1.306508 0.046875 1.306508 0.046875 1.306508 0.0625 1.306508 0.0625 0.9429577 0.0625 1.306508 0.078125 1.306508 0.078125 0.9429577 0.078125 0.9429577 0.078125 1.306508 0.09375 1.306508 0.09375 0.9429577 0.09375 1.306508 0.109375 1.306508 0.109375 0.9429577 0.109375 1.306508 0.125 1.306508 0.125 0.9429577 0.125 1.306508 0.140625 1.306508 0.140625 0.9429577 0.140625 1.306508 0.15625 1.306508 0.15625 1.306508 0.171875 1.306508 0.171875 0.9429577 0.171875 0.9429577 0.171875 1.306508 0.1875 1.306508 0.1875 0.9429577 0.1875 1.306508 0.203125 1.306508 0.203125 0.9429577 0.203125 1.306508 0.21875 1.306508 0.21875 1.306508 0.234375 1.306508 0.234375 0.9429577 0.234375 0.9429577 0.234375 1.306508 0.25 1.306508 0.25 0.9429577 0.25 1.306508 0.265625 1.306508 0.265625 0.9429577 0.265625 1.306508 0.28125 1.306508 0.28125 0.9429577 0.28125 1.306508 0.296875 1.306508 0.296875 0.9429577 0.296875 1.306508 0.3125 1.306508 0.3125 0.9429577 0.3125 1.306508 0.328125 1.306508 0.328125 0.9429577 0.328125 1.306508 0.34375 1.306508 0.34375 0.9429577 0.34375 1.306508 0.359375 1.306508 0.359375 1.306508 0.375 1.306508 0.375 0.9429577 0.375 0.9429577 0.375 1.306508 0.390625 1.306508 0.390625 0.9429577 0.390625 1.306508 0.40625 1.306508 0.40625 1.306508 0.421875 1.306508 0.421875 0.9429577 0.421875 1.306508 0.4375 1.306508 0.4375 0.9429577 0.4375 0.9429577 0.4375 1.306508 0.453125 1.306508 0.453125 0.9429577 0.453125 1.306508 0.46875 1.306508 0.46875 1.306508 0.484375 1.306508 0.484375 0.9429577 0.484375 0.9429577 0.484375 1.306508 0.5 1.306508 0.5 0.9429577 0.5 1.306508 0.515625 1.306508 0.515625 0.9429577 0.515625 1.306508 0.53125 1.306508 0.53125 0.9429577 0.53125 1.306508 0.546875 1.306508 0.546875 0.9429577 0.546875 1.306508 0.5625 1.306508 0.5625 0.9429577 0.5625 1.306508 0.578125 1.306508 0.578125 0.9429577 0.578125 1.306508 0.59375 1.306508 0.59375 0.9429577 0.59375 1.306508 0.609375 1.306508 0.609375 0.9429577 0.609375 1.306508 0.625 1.306508 0.625 0.9429577 0.625 1.306508 0.640625 1.306508 0.640625 0.9429577 0.640625 1.306508 0.65625 1.306508 0.65625 0.9429577 0.65625 1.306508 0.671875 1.306508 0.671875 0.9429577 0.671875 1.306508 0.6875 1.306508 0.6875 1.306508 0.703125 1.306508 0.703125 0.9429577 0.703125 0.9429577 0.703125 1.306508 0.71875 1.306508 0.71875 0.9429577 0.71875 1.306508 0.734375 1.306508 0.734375 0.9429577 0.734375 1.306508 0.75 1.306508 0.75 0.9429577 0.75 1.306508 0.765625 1.306508 0.765625 0.9429577 0.765625 1.306508 0.78125 1.306508 0.78125 0.9429577 0.78125 1.306508 0.796875 1.306508 0.796875 1.306508 0.8125 1.306508 0.8125 0.9429577 0.8125 0.9429577 0.8125 1.306508 0.828125 1.306508 0.828125 0.9429577 0.828125 1.306508 0.84375 1.306508 0.84375 0.9429577 0.84375 1.306508 0.859375 1.306508 0.859375 0.9429577 0.859375 1.306508 0.8750001 1.306508 0.8750001 0.9429577 0.8750001 1.306508 0.890625 1.306508 0.890625 0.9429577 0.890625 1.306508 0.90625 1.306508 0.90625 1.306508 0.921875 1.306508 0.921875 0.9429577 0.921875 0.9429577 0.921875 1.306508 0.9375 1.306508 0.9375 0.9429577 0.9375 1.306508 0.953125 1.306508 0.953125 0.9429577 0.953125 1.306508 0.96875 1.306508 0.96875 0.9429577 0.96875 1.306508 0.984375 1.306508 0.984375 1.306508 1 1.306508 1 0.9429577 0 1.306508 0 1.596212 0.015625 1.596212 0.015625 1.306508 0.015625 1.596212 0.03125 1.596212 0.03125 1.306508 0.03125 1.596212 0.046875 1.596212 0.046875 1.306508 0.046875 1.596212 0.0625 1.596212 0.0625 1.306508 0.0625 1.596212 0.078125 1.596212 0.078125 1.306508 0.078125 1.596212 0.09375 1.596212 0.09375 1.306508 0.09375 1.596212 0.109375 1.596212 0.109375 1.306508 0.109375 1.596212 0.125 1.596212 0.125 1.306508 0.125 1.596212 0.140625 1.596212 0.140625 1.306508 0.140625 1.596212 0.15625 1.596212 0.15625 1.306508 0.15625 1.596212 0.171875 1.596212 0.171875 1.306508 0.171875 1.596212 0.1875 1.596212 0.1875 1.306508 0.1875 1.596212 0.203125 1.596212 0.203125 1.306508 0.203125 1.596212 0.21875 1.596212 0.21875 1.596212 0.234375 1.596212 0.234375 1.306508 0.234375 1.306508 0.234375 1.596212 0.25 1.596212 0.25 1.306508 0.25 1.596212 0.265625 1.596212 0.265625 1.306508 0.265625 1.596212 0.28125 1.596212 0.28125 1.596212 0.296875 1.596212 0.296875 1.306508 0.296875 1.306508 0.296875 1.596212 0.3125 1.596212 0.3125 1.306508 0.3125 1.596212 0.328125 1.596212 0.328125 1.306508 0.328125 1.596212 0.34375 1.596212 0.34375 1.306508 0.34375 1.596212 0.359375 1.596212 0.359375 1.306508 0.359375 1.596212 0.375 1.596212 0.375 1.306508 0.375 1.596212 0.390625 1.596212 0.390625 1.306508 0.390625 1.596212 0.40625 1.596212 0.40625 1.306508 0.40625 1.596212 0.421875 1.596212 0.421875 1.306508 0.421875 1.596212 0.4375 1.596212 0.4375 1.306508 0.4375 1.596212 0.453125 1.596212 0.453125 1.306508 0.453125 1.596212 0.46875 1.596212 0.46875 1.596212 0.484375 1.596212 0.484375 1.306508 0.484375 1.306508 0.484375 1.596212 0.5 1.596212 0.5 1.306508 0.5 1.596212 0.515625 1.596212 0.515625 1.306508 0.515625 1.596212 0.53125 1.596212 0.53125 1.306508 0.53125 1.596212 0.546875 1.596212 0.546875 1.306508 0.546875 1.596212 0.5625 1.596212 0.5625 1.306508 0.5625 1.596212 0.578125 1.596212 0.578125 1.306508 0.578125 1.596212 0.59375 1.596212 0.59375 1.306508 0.59375 1.596212 0.609375 1.596212 0.609375 1.306508 0.609375 1.596212 0.625 1.596212 0.625 1.306508 0.625 1.596212 0.640625 1.596212 0.640625 1.306508 0.640625 1.596212 0.65625 1.596212 0.65625 1.306508 0.65625 1.596212 0.671875 1.596212 0.671875 1.306508 0.671875 1.596212 0.6875 1.596212 0.6875 1.596212 0.703125 1.596212 0.703125 1.306508 0.703125 1.306508 0.703125 1.596212 0.71875 1.596212 0.71875 1.306508 0.71875 1.596212 0.734375 1.596212 0.734375 1.306508 0.734375 1.596212 0.75 1.596212 0.75 1.306508 0.75 1.596212 0.765625 1.596212 0.765625 1.306508 0.765625 1.596212 0.78125 1.596212 0.78125 1.306508 0.78125 1.596212 0.796875 1.596212 0.796875 1.306508 0.796875 1.596212 0.8125 1.596212 0.8125 1.306508 0.8125 1.596212 0.828125 1.596212 0.828125 1.306508 0.828125 1.596212 0.84375 1.596212 0.84375 1.306508 0.84375 1.596212 0.859375 1.596212 0.859375 1.306508 0.859375 1.596212 0.8750001 1.596212 0.8750001 1.306508 0.8750001 1.596212 0.890625 1.596212 0.890625 1.306508 0.890625 1.596212 0.90625 1.596212 0.90625 1.306508 0.90625 1.596212 0.921875 1.596212 0.921875 1.306508 0.921875 1.596212 0.9375 1.596212 0.9375 1.306508 0.9375 1.596212 0.953125 1.596212 0.953125 1.306508 0.953125 1.596212 0.96875 1.596212 0.96875 1.306508 0.96875 1.596212 0.984375 1.596212 0.984375 1.306508 0.984375 1.596212 1 1.596212 0 1.596212 0 1.777987 0.015625 1.777987 0.015625 1.596212 0.015625 1.777987 0.03125 1.777987 0.03125 1.596212 0.03125 1.777987 0.046875 1.777987 0.046875 1.596212 0.046875 1.777987 0.0625 1.777987 0.0625 1.596212 0.0625 1.777987 0.078125 1.777987 0.078125 1.596212 0.078125 1.777987 0.09375 1.777987 0.09375 1.596212 0.09375 1.777987 0.109375 1.777987 0.109375 1.596212 0.109375 1.777987 0.125 1.777987 0.125 1.596212 0.125 1.777987 0.140625 1.777987 0.140625 1.596212 0.140625 1.777987 0.15625 1.777987 0.15625 1.596212 0.15625 1.777987 0.171875 1.777987 0.171875 1.596212 0.171875 1.777987 0.1875 1.777987 0.1875 1.596212 0.1875 1.777987 0.203125 1.777987 0.203125 1.596212 0.203125 1.777987 0.21875 1.777987 0.21875 1.596212 0.21875 1.777987 0.234375 1.777987 0.234375 1.596212 0.234375 1.777987 0.25 1.777987 0.25 1.596212 0.25 1.777987 0.265625 1.777987 0.265625 1.777987 0.28125 1.777987 0.28125 1.596212 0.28125 1.596212 0.28125 1.777987 0.296875 1.777987 0.296875 1.596212 0.296875 1.777987 0.3125 1.777987 0.3125 1.596212 0.3125 1.777987 0.328125 1.777987 0.328125 1.596212 0.328125 1.777987 0.34375 1.777987 0.34375 1.596212 0.34375 1.777987 0.359375 1.777987 0.359375 1.596212 0.359375 1.777987 0.375 1.777987 0.375 1.596212 0.375 1.777987 0.390625 1.777987 0.390625 1.596212 0.390625 1.777987 0.40625 1.777987 0.40625 1.596212 0.40625 1.777987 0.421875 1.777987 0.421875 1.596212 0.421875 1.777987 0.4375 1.777987 0.4375 1.596212 0.4375 1.777987 0.453125 1.777987 0.453125 1.596212 0.453125 1.777987 0.46875 1.777987 0.46875 1.596212 0.46875 1.777987 0.484375 1.777987 0.484375 1.596212 0.484375 1.777987 0.5 1.777987 0.5 1.596212 0.5 1.777987 0.515625 1.777987 0.515625 1.596212 0.515625 1.777987 0.53125 1.777987 0.53125 1.596212 0.53125 1.777987 0.546875 1.777987 0.546875 1.596212 0.546875 1.777987 0.5625 1.777987 0.5625 1.596212 0.5625 1.777987 0.578125 1.777987 0.578125 1.596212 0.578125 1.777987 0.59375 1.777987 0.59375 1.596212 0.59375 1.777987 0.609375 1.777987 0.609375 1.596212 0.609375 1.777987 0.625 1.777987 0.625 1.596212 0.625 1.777987 0.640625 1.777987 0.640625 1.596212 0.640625 1.777987 0.65625 1.777987 0.65625 1.596212 0.65625 1.777987 0.671875 1.777987 0.671875 1.596212 0.671875 1.777987 0.6875 1.777987 0.6875 1.777987 0.703125 1.777987 0.703125 1.596212 0.703125 1.596212 0.703125 1.777987 0.71875 1.777987 0.71875 1.596212 0.71875 1.777987 0.734375 1.777987 0.734375 1.596212 0.734375 1.777987 0.75 1.777987 0.75 1.596212 0.75 1.777987 0.765625 1.777987 0.765625 1.777987 0.78125 1.777987 0.78125 1.596212 0.78125 1.596212 0.78125 1.777987 0.796875 1.777987 0.796875 1.596212 0.796875 1.777987 0.8125 1.777987 0.8125 1.596212 0.8125 1.777987 0.828125 1.777987 0.828125 1.596212 0.828125 1.777987 0.84375 1.777987 0.84375 1.596212 0.84375 1.777987 0.859375 1.777987 0.859375 1.596212 0.859375 1.777987 0.8750001 1.777987 0.8750001 1.596212 0.8750001 1.777987 0.890625 1.777987 0.890625 1.596212 0.890625 1.777987 0.90625 1.777987 0.90625 1.596212 0.90625 1.777987 0.921875 1.777987 0.921875 1.596212 0.921875 1.777987 0.9375 1.777987 0.9375 1.596212 0.9375 1.777987 0.953125 1.777987 0.953125 1.596212 0.953125 1.777987 0.96875 1.777987 0.96875 1.596212 0.96875 1.777987 0.984375 1.777987 0.984375 1.596212 0.984375 1.777987 1 1.777987 0 1.777987 0 1.919998 0.015625 1.919998 0.015625 1.777987 0.015625 1.919998 0.03125 1.919998 0.03125 1.777987 0.03125 1.919998 0.046875 1.919998 0.046875 1.777987 0.046875 1.919998 0.0625 1.919998 0.0625 1.777987 0.0625 1.919998 0.078125 1.919998 0.078125 1.777987 0.078125 1.919998 0.09375 1.919998 0.09375 1.777987 0.09375 1.919998 0.109375 1.919998 0.109375 1.777987 0.109375 1.919998 0.125 1.919998 0.125 1.777987 0.125 1.919998 0.140625 1.919998 0.140625 1.777987 0.140625 1.919998 0.15625 1.919998 0.15625 1.777987 0.15625 1.919998 0.171875 1.919998 0.171875 1.777987 0.171875 1.919998 0.1875 1.919998 0.1875 1.777987 0.1875 1.919998 0.203125 1.919998 0.203125 1.777987 0.203125 1.919998 0.21875 1.919998 0.21875 1.777987 0.21875 1.919998 0.234375 1.919998 0.234375 1.777987 0.234375 1.919998 0.25 1.919998 0.25 1.777987 0.25 1.919998 0.265625 1.919998 0.265625 1.777987 0.265625 1.919998 0.28125 1.919998 0.28125 1.777987 0.28125 1.919998 0.296875 1.919998 0.296875 1.777987 0.296875 1.919998 0.3125 1.919998 0.3125 1.777987 0.3125 1.919998 0.328125 1.919998 0.328125 1.777987 0.328125 1.919998 0.34375 1.919998 0.34375 1.777987 0.34375 1.919998 0.359375 1.919998 0.359375 1.777987 0.359375 1.919998 0.375 1.919998 0.375 1.777987 0.375 1.919998 0.390625 1.919998 0.390625 1.777987 0.390625 1.919998 0.40625 1.919998 0.40625 1.777987 0.40625 1.919998 0.421875 1.919998 0.421875 1.777987 0.421875 1.919998 0.4375 1.919998 0.4375 1.777987 0.4375 1.919998 0.453125 1.919998 0.453125 1.777987 0.453125 1.919998 0.46875 1.919998 0.46875 1.777987 0.46875 1.919998 0.484375 1.919998 0.484375 1.777987 0.484375 1.919998 0.5 1.919998 0.5 1.777987 0.5 1.919998 0.515625 1.919998 0.515625 1.777987 0.515625 1.919998 0.53125 1.919998 0.53125 1.777987 0.53125 1.919998 0.546875 1.919998 0.546875 1.777987 0.546875 1.919998 0.5625 1.919998 0.5625 1.777987 0.5625 1.919998 0.578125 1.919998 0.578125 1.777987 0.578125 1.919998 0.59375 1.919998 0.59375 1.777987 0.59375 1.919998 0.609375 1.919998 0.609375 1.777987 0.609375 1.919998 0.625 1.919998 0.625 1.777987 0.625 1.919998 0.640625 1.919998 0.640625 1.777987 0.640625 1.919998 0.65625 1.919998 0.65625 1.777987 0.65625 1.919998 0.671875 1.919998 0.671875 1.777987 0.671875 1.919998 0.6875 1.919998 0.6875 1.777987 0.6875 1.919998 0.703125 1.919998 0.703125 1.777987 0.703125 1.919998 0.71875 1.919998 0.71875 1.777987 0.71875 1.919998 0.734375 1.919998 0.734375 1.777987 0.734375 1.919998 0.75 1.919998 0.75 1.777987 0.75 1.919998 0.765625 1.919998 0.765625 1.777987 0.765625 1.919998 0.78125 1.919998 0.78125 1.777987 0.78125 1.919998 0.796875 1.919998 0.796875 1.777987 0.796875 1.919998 0.8125 1.919998 0.8125 1.777987 0.8125 1.919998 0.828125 1.919998 0.828125 1.777987 0.828125 1.919998 0.84375 1.919998 0.84375 1.777987 0.84375 1.919998 0.859375 1.919998 0.859375 1.777987 0.859375 1.919998 0.8750001 1.919998 0.8750001 1.777987 0.8750001 1.919998 0.890625 1.919998 0.890625 1.777987 0.890625 1.919998 0.90625 1.919998 0.90625 1.777987 0.90625 1.919998 0.921875 1.919998 0.921875 1.777987 0.921875 1.919998 0.9375 1.919998 0.9375 1.777987 0.9375 1.919998 0.953125 1.919998 0.953125 1.777987 0.953125 1.919998 0.96875 1.919998 0.96875 1.777987 0.96875 1.919998 0.984375 1.919998 0.984375 1.777987 0.984375 1.919998 1 1.919998 0.015625 1.919998 0 1.919998 0.0078125 1.931359 0 1.919998 0 1.931359 0.0078125 1.931359 0.015625 1.931359 0.03125 1.931359 0.03125 1.919998 0.03125 1.931359 0.046875 1.931359 0.046875 1.919998 0.046875 1.931359 0.0625 1.931359 0.0625 1.919998 0.0625 1.931359 0.078125 1.931359 0.078125 1.919998 0.078125 1.931359 0.09375 1.931359 0.09375 1.919998 0.09375 1.931359 0.109375 1.931359 0.109375 1.919998 0.109375 1.931359 0.125 1.931359 0.125 1.919998 0.125 1.931359 0.140625 1.931359 0.140625 1.919998 0.140625 1.931359 0.15625 1.931359 0.15625 1.919998 0.15625 1.931359 0.171875 1.931359 0.171875 1.919998 0.171875 1.931359 0.1875 1.931359 0.1875 1.919998 0.1875 1.931359 0.203125 1.931359 0.203125 1.919998 0.203125 1.931359 0.21875 1.931359 0.21875 1.919998 0.21875 1.931359 0.234375 1.931359 0.234375 1.919998 0.234375 1.931359 0.25 1.931359 0.25 1.919998 0.25 1.931359 0.265625 1.931359 0.265625 1.919998 0.265625 1.931359 0.28125 1.931359 0.28125 1.919998 0.28125 1.931359 0.296875 1.931359 0.296875 1.919998 0.296875 1.931359 0.3125 1.931359 0.3125 1.919998 0.3125 1.931359 0.328125 1.931359 0.328125 1.919998 0.328125 1.931359 0.34375 1.931359 0.34375 1.919998 0.34375 1.931359 0.359375 1.931359 0.359375 1.919998 0.359375 1.919998 0.359375 1.931359 0.375 1.931359 0.375 1.931359 0.390625 1.931359 0.390625 1.919998 0.390625 1.931359 0.40625 1.931359 0.40625 1.919998 0.40625 1.931359 0.421875 1.931359 0.421875 1.919998 0.421875 1.931359 0.4375 1.931359 0.4375 1.919998 0.4375 1.931359 0.453125 1.931359 0.453125 1.919998 0.453125 1.931359 0.46875 1.931359 0.46875 1.919998 0.46875 1.931359 0.484375 1.931359 0.484375 1.919998 0.484375 1.931359 0.5 1.931359 0.5 1.919998 0.5 1.931359 0.515625 1.931359 0.515625 1.919998 0.515625 1.931359 0.53125 1.931359 0.53125 1.919998 0.53125 1.931359 0.546875 1.931359 0.546875 1.919998 0.546875 1.931359 0.5625 1.931359 0.5625 1.919998 0.5625 1.931359 0.578125 1.931359 0.578125 1.919998 0.578125 1.931359 0.59375 1.931359 0.59375 1.919998 0.59375 1.931359 0.609375 1.931359 0.609375 1.919998 0.609375 1.931359 0.625 1.931359 0.625 1.919998 0.625 1.931359 0.640625 1.931359 0.640625 1.919998 0.640625 1.931359 0.65625 1.931359 0.65625 1.919998 0.65625 1.931359 0.671875 1.931359 0.671875 1.919998 0.671875 1.931359 0.6875 1.931359 0.6875 1.919998 0.6875 1.931359 0.703125 1.931359 0.703125 1.919998 0.703125 1.931359 0.71875 1.931359 0.71875 1.919998 0.71875 1.931359 0.734375 1.931359 0.734375 1.919998 0.734375 1.931359 0.75 1.931359 0.75 1.919998 0.75 1.931359 0.765625 1.931359 0.765625 1.919998 0.765625 1.931359 0.78125 1.931359 0.78125 1.919998 0.78125 1.931359 0.796875 1.931359 0.796875 1.919998 0.796875 1.931359 0.8125 1.931359 0.8125 1.919998 0.8125 1.931359 0.828125 1.931359 0.828125 1.919998 0.828125 1.931359 0.84375 1.931359 0.84375 1.919998 0.84375 1.931359 0.859375 1.931359 0.859375 1.919998 0.859375 1.931359 0.8750001 1.931359 0.8750001 1.919998 0.8750001 1.931359 0.890625 1.931359 0.890625 1.919998 0.90625 1.919998 0.890625 1.919998 0.8984375 1.931359 0.890625 1.919998 0.890625 1.931359 0.8984375 1.931359 0.921875 1.919998 0.90625 1.919998 0.9140625 1.931359 0.90625 1.919998 0.90625 1.931359 0.9140625 1.931359 0.9375 1.919998 0.921875 1.919998 0.9296875 1.931359 0.921875 1.919998 0.921875 1.931359 0.9296875 1.931359 0.953125 1.919998 0.9375 1.919998 0.9453125 1.931359 0.9375 1.919998 0.9375 1.931359 0.9453125 1.931359 0.96875 1.919998 0.953125 1.919998 0.9609375 1.931359 0.953125 1.919998 0.953125 1.931359 0.9609375 1.931359 0.984375 1.919998 0.96875 1.919998 0.9765625 1.931359 0.96875 1.919998 0.96875 1.931359 0.9765625 1.931359 1 1.919998 0.984375 1.919998 0.9921875 1.931359 0.984375 1.919998 0.984375 1.931359 0.9921875 1.931359 0.0078125 1.931359 0 1.931359 0 1.971122 0 1.971122 0.015625 1.971122 0.0078125 1.931359 0.015625 1.931359 0.015625 1.971122 0.03125 1.971122 0.03125 1.931359 0.03125 1.971122 0.046875 1.971122 0.046875 1.931359 0.046875 1.971122 0.0625 1.971122 0.0625 1.931359 0.0625 1.971122 0.078125 1.971122 0.078125 1.931359 0.078125 1.971122 0.09375 1.971122 0.09375 1.931359 0.09375 1.971122 0.109375 1.971122 0.109375 1.931359 0.109375 1.971122 0.125 1.971122 0.125 1.931359 0.125 1.971122 0.140625 1.971122 0.140625 1.931359 0.140625 1.971122 0.15625 1.971122 0.15625 1.931359 0.15625 1.971122 0.171875 1.971122 0.171875 1.931359 0.171875 1.971122 0.1875 1.971122 0.1875 1.931359 0.1875 1.971122 0.203125 1.971122 0.203125 1.931359 0.203125 1.971122 0.21875 1.971122 0.21875 1.931359 0.21875 1.971122 0.234375 1.971122 0.234375 1.931359 0.234375 1.971122 0.25 1.971122 0.25 1.931359 0.25 1.971122 0.265625 1.971122 0.265625 1.931359 0.265625 1.971122 0.28125 1.971122 0.28125 1.931359 0.28125 1.971122 0.296875 1.971122 0.296875 1.931359 0.296875 1.971122 0.3125 1.971122 0.3125 1.931359 0.3125 1.971122 0.328125 1.971122 0.328125 1.931359 0.328125 1.971122 0.34375 1.971122 0.34375 1.931359 0.34375 1.971122 0.359375 1.971122 0.359375 1.931359 0.359375 1.971122 0.375 1.971122 0.375 1.931359 0.375 1.971122 0.390625 1.971122 0.390625 1.931359 0.390625 1.971122 0.40625 1.971122 0.40625 1.931359 0.40625 1.971122 0.421875 1.971122 0.421875 1.931359 0.421875 1.971122 0.4375 1.971122 0.4375 1.931359 0.4375 1.971122 0.453125 1.971122 0.453125 1.931359 0.453125 1.971122 0.46875 1.971122 0.46875 1.931359 0.46875 1.971122 0.484375 1.971122 0.484375 1.931359 0.484375 1.971122 0.5 1.971122 0.5 1.931359 0.5 1.971122 0.515625 1.971122 0.515625 1.931359 0.515625 1.971122 0.53125 1.971122 0.53125 1.931359 0.53125 1.971122 0.546875 1.971122 0.546875 1.931359 0.546875 1.971122 0.5625 1.971122 0.5625 1.931359 0.5625 1.971122 0.578125 1.971122 0.578125 1.931359 0.578125 1.971122 0.59375 1.971122 0.59375 1.931359 0.59375 1.971122 0.609375 1.971122 0.609375 1.931359 0.609375 1.971122 0.625 1.971122 0.625 1.931359 0.625 1.971122 0.640625 1.971122 0.640625 1.931359 0.640625 1.971122 0.65625 1.971122 0.65625 1.931359 0.65625 1.971122 0.671875 1.971122 0.671875 1.931359 0.671875 1.971122 0.6875 1.971122 0.6875 1.931359 0.6875 1.971122 0.703125 1.971122 0.703125 1.931359 0.703125 1.971122 0.71875 1.971122 0.71875 1.931359 0.71875 1.971122 0.734375 1.971122 0.734375 1.931359 0.734375 1.971122 0.75 1.971122 0.75 1.931359 0.75 1.971122 0.765625 1.971122 0.765625 1.931359 0.765625 1.971122 0.78125 1.971122 0.78125 1.931359 0.78125 1.971122 0.796875 1.971122 0.796875 1.931359 0.796875 1.971122 0.8125 1.971122 0.8125 1.931359 0.8125 1.971122 0.828125 1.971122 0.828125 1.931359 0.828125 1.971122 0.84375 1.971122 0.84375 1.931359 0.84375 1.971122 0.859375 1.971122 0.859375 1.931359 0.859375 1.971122 0.8750001 1.971122 0.8750001 1.931359 0.8750001 1.971122 0.890625 1.971122 0.8984375 1.931359 0.890625 1.931359 0.890625 1.971122 0.890625 1.971122 0.90625 1.971122 0.8984375 1.931359 0.9140625 1.931359 0.90625 1.931359 0.90625 1.971122 0.90625 1.971122 0.921875 1.971122 0.9140625 1.931359 0.9296875 1.931359 0.921875 1.931359 0.921875 1.971122 0.921875 1.971122 0.9375 1.971122 0.9296875 1.931359 0.9453125 1.931359 0.9375 1.931359 0.9375 1.971122 0.9375 1.971122 0.953125 1.971122 0.9453125 1.931359 0.9609375 1.931359 0.953125 1.931359 0.953125 1.971122 0.953125 1.971122 0.96875 1.971122 0.9609375 1.931359 0.9765625 1.931359 0.96875 1.931359 0.96875 1.971122 0.96875 1.971122 0.984375 1.971122 0.9765625 1.931359 0.9921875 1.931359 0.984375 1.931359 0.984375 1.971122 0.984375 1.971122 1 1.971122 0.9921875 1.931359 0 1.982483 0.015625 1.982483 0.015625 1.971122 0.015625 1.982483 0.03125 1.982483 0.03125 1.971122 0.03125 1.982483 0.046875 1.982483 0.046875 1.971122 0.046875 1.982483 0.0625 1.982483 0.0625 1.971122 0.0625 1.982483 0.078125 1.982483 0.078125 1.971122 0.078125 1.982483 0.09375 1.982483 0.09375 1.971122 0.09375 1.982483 0.109375 1.982483 0.109375 1.971122 0.109375 1.982483 0.125 1.982483 0.125 1.971122 0.125 1.982483 0.140625 1.982483 0.140625 1.971122 0.140625 1.982483 0.15625 1.982483 0.15625 1.971122 0.15625 1.982483 0.171875 1.982483 0.171875 1.971122 0.171875 1.982483 0.1875 1.982483 0.1875 1.971122 0.1875 1.982483 0.203125 1.982483 0.203125 1.971122 0.203125 1.982483 0.21875 1.982483 0.21875 1.971122 0.21875 1.982483 0.234375 1.982483 0.234375 1.971122 0.234375 1.982483 0.25 1.982483 0.25 1.971122 0.25 1.982483 0.265625 1.982483 0.265625 1.971122 0.265625 1.982483 0.28125 1.982483 0.28125 1.971122 0.28125 1.982483 0.296875 1.982483 0.296875 1.971122 0.296875 1.982483 0.3125 1.982483 0.3125 1.971122 0.3125 1.982483 0.328125 1.982483 0.328125 1.971122 0.328125 1.982483 0.34375 1.982483 0.34375 1.971122 0.34375 1.982483 0.359375 1.982483 0.359375 1.971122 0.359375 1.982483 0.375 1.982483 0.375 1.971122 0.375 1.982483 0.390625 1.982483 0.390625 1.971122 0.390625 1.982483 0.40625 1.982483 0.40625 1.971122 0.40625 1.982483 0.421875 1.982483 0.421875 1.971122 0.421875 1.982483 0.4375 1.982483 0.4375 1.971122 0.4375 1.982483 0.453125 1.982483 0.453125 1.971122 0.453125 1.982483 0.46875 1.982483 0.46875 1.971122 0.46875 1.982483 0.484375 1.982483 0.484375 1.971122 0.484375 1.982483 0.5 1.982483 0.5 1.971122 0.5 1.982483 0.515625 1.982483 0.515625 1.971122 0.53125 1.971122 0.515625 1.971122 0.5234375 1.982483 0.515625 1.971122 0.515625 1.982483 0.5234375 1.982483 0.546875 1.971122 0.53125 1.971122 0.5390625 1.982483 0.53125 1.971122 0.53125 1.982483 0.5390625 1.982483 0.5625 1.971122 0.546875 1.971122 0.5546875 1.982483 0.546875 1.971122 0.546875 1.982483 0.5546875 1.982483 0.5625 1.982483 0.578125 1.982483 0.578125 1.971122 0.578125 1.982483 0.59375 1.982483 0.59375 1.971122 0.59375 1.982483 0.609375 1.982483 0.609375 1.971122 0.609375 1.982483 0.625 1.982483 0.625 1.971122 0.625 1.982483 0.640625 1.982483 0.640625 1.971122 0.640625 1.982483 0.65625 1.982483 0.65625 1.971122 0.65625 1.982483 0.671875 1.982483 0.671875 1.971122 0.671875 1.982483 0.6875 1.982483 0.6875 1.971122 0.6875 1.982483 0.703125 1.982483 0.703125 1.971122 0.703125 1.982483 0.71875 1.982483 0.71875 1.971122 0.71875 1.982483 0.734375 1.982483 0.734375 1.971122 0.734375 1.982483 0.75 1.982483 0.75 1.971122 0.75 1.982483 0.765625 1.982483 0.765625 1.971122 0.765625 1.982483 0.78125 1.982483 0.78125 1.971122 0.78125 1.982483 0.796875 1.982483 0.796875 1.971122 0.796875 1.982483 0.8125 1.982483 0.8125 1.971122 0.8125 1.982483 0.828125 1.982483 0.828125 1.971122 0.828125 1.982483 0.84375 1.982483 0.84375 1.971122 0.859375 1.971122 0.84375 1.971122 0.8515625 1.982483 0.84375 1.971122 0.84375 1.982483 0.8515625 1.982483 0.8750001 1.971122 0.859375 1.971122 0.8671875 1.982483 0.859375 1.971122 0.859375 1.982483 0.8671875 1.982483 0.890625 1.971122 0.8750001 1.971122 0.8828125 1.982483 0.8750001 1.971122 0.8750001 1.982483 0.8828125 1.982483 0.90625 1.971122 0.890625 1.971122 0.8984375 1.982483 0.890625 1.971122 0.890625 1.982483 0.8984375 1.982483 0.921875 1.971122 0.90625 1.971122 0.9140625 1.982483 0.90625 1.971122 0.90625 1.982483 0.9140625 1.982483 0.9375 1.971122 0.921875 1.971122 0.9296875 1.982483 0.921875 1.971122 0.921875 1.982483 0.9296875 1.982483 0.953125 1.971122 0.9375 1.971122 0.9453125 1.982483 0.9375 1.971122 0.9375 1.982483 0.9453125 1.982483 0.953125 1.982483 0.96875 1.982483 0.96875 1.971122 0.96875 1.982483 0.984375 1.982483 0.984375 1.971122 0.984375 1.982483 1 1.982483 1 1.971122 0 1.982483 0 2.18698 0.015625 2.18698 0.015625 1.982483 0.015625 2.18698 0.03125 2.18698 0.03125 2.18698 0.046875 2.18698 0.046875 1.982483 0.046875 1.982483 0.046875 2.18698 0.0625 2.18698 0.0625 1.982483 0.0625 2.18698 0.078125 2.18698 0.078125 2.18698 0.09375 2.18698 0.09375 1.982483 0.09375 2.18698 0.109375 2.18698 0.109375 1.982483 0.109375 1.982483 0.109375 2.18698 0.125 2.18698 0.125 1.982483 0.125 2.18698 0.140625 2.18698 0.140625 2.18698 0.15625 2.18698 0.15625 1.982483 0.15625 1.982483 0.15625 2.18698 0.171875 2.18698 0.171875 1.982483 0.171875 2.18698 0.1875 2.18698 0.1875 1.982483 0.1875 2.18698 0.203125 2.18698 0.203125 2.18698 0.21875 2.18698 0.21875 1.982483 0.21875 1.982483 0.21875 2.18698 0.234375 2.18698 0.234375 2.18698 0.25 2.18698 0.25 1.982483 0.25 2.18698 0.265625 2.18698 0.265625 1.982483 0.265625 1.982483 0.265625 2.18698 0.28125 2.18698 0.28125 2.18698 0.296875 2.18698 0.296875 1.982483 0.296875 2.18698 0.3125 2.18698 0.3125 1.982483 0.3125 2.18698 0.328125 2.18698 0.328125 1.982483 0.328125 1.982483 0.328125 2.18698 0.34375 2.18698 0.34375 2.18698 0.359375 2.18698 0.359375 1.982483 0.359375 2.18698 0.375 2.18698 0.375 1.982483 0.375 2.18698 0.390625 2.18698 0.390625 1.982483 0.390625 2.18698 0.40625 2.18698 0.40625 1.982483 0.40625 2.18698 0.421875 2.18698 0.421875 1.982483 0.421875 1.982483 0.421875 2.18698 0.4375 2.18698 0.4375 1.982483 0.4375 2.18698 0.453125 2.18698 0.453125 2.18698 0.46875 2.18698 0.46875 1.982483 0.46875 2.18698 0.484375 2.18698 0.484375 1.982483 0.484375 2.18698 0.5 2.18698 0.5 1.982483 0.5 2.18698 0.515625 2.18698 0.515625 1.982483 0.5234375 1.982483 0.515625 1.982483 0.515625 2.18698 0.515625 2.18698 0.53125 2.18698 0.5234375 1.982483 0.5390625 1.982483 0.53125 1.982483 0.53125 2.18698 0.53125 2.18698 0.546875 2.18698 0.5390625 1.982483 0.5546875 1.982483 0.546875 1.982483 0.546875 2.18698 0.546875 2.18698 0.5625 2.18698 0.5546875 1.982483 0.5625 2.18698 0.578125 2.18698 0.578125 1.982483 0.578125 1.982483 0.578125 2.18698 0.59375 2.18698 0.609375 1.982483 0.59375 1.982483 0.6015625 2.18698 0.59375 1.982483 0.59375 2.18698 0.6015625 2.18698 0.625 1.982483 0.609375 1.982483 0.6171875 2.18698 0.609375 1.982483 0.609375 2.18698 0.6171875 2.18698 0.640625 1.982483 0.625 1.982483 0.6328125 2.18698 0.625 1.982483 0.625 2.18698 0.6328125 2.18698 0.65625 1.982483 0.640625 1.982483 0.6484375 2.18698 0.640625 1.982483 0.640625 2.18698 0.6484375 2.18698 0.671875 1.982483 0.65625 1.982483 0.6640625 2.18698 0.65625 1.982483 0.65625 2.18698 0.6640625 2.18698 0.6875 1.982483 0.671875 1.982483 0.6796875 2.18698 0.671875 1.982483 0.671875 2.18698 0.6796875 2.18698 0.703125 1.982483 0.6875 1.982483 0.6953125 2.18698 0.6875 1.982483 0.6875 2.18698 0.6953125 2.18698 0.71875 1.982483 0.703125 1.982483 0.7109375 2.18698 0.703125 1.982483 0.703125 2.18698 0.7109375 2.18698 0.734375 1.982483 0.71875 1.982483 0.7265625 2.18698 0.71875 1.982483 0.71875 2.18698 0.7265625 2.18698 0.75 1.982483 0.734375 1.982483 0.7421875 2.18698 0.734375 1.982483 0.734375 2.18698 0.7421875 2.18698 0.765625 1.982483 0.75 1.982483 0.7578125 2.18698 0.75 1.982483 0.75 2.18698 0.7578125 2.18698 0.78125 1.982483 0.765625 1.982483 0.7734375 2.18698 0.765625 1.982483 0.765625 2.18698 0.7734375 2.18698 0.796875 1.982483 0.78125 1.982483 0.7890625 2.18698 0.78125 1.982483 0.78125 2.18698 0.7890625 2.18698 0.8125 1.982483 0.796875 1.982483 0.8046875 2.18698 0.796875 1.982483 0.796875 2.18698 0.8046875 2.18698 0.8125 1.982483 0.8125 2.18698 0.828125 2.18698 0.828125 2.18698 0.84375 2.18698 0.84375 1.982483 0.8515625 1.982483 0.84375 1.982483 0.84375 2.18698 0.84375 2.18698 0.859375 2.18698 0.8515625 1.982483 0.8671875 1.982483 0.859375 1.982483 0.859375 2.18698 0.859375 2.18698 0.8750001 2.18698 0.8671875 1.982483 0.8828125 1.982483 0.8750001 1.982483 0.8750001 2.18698 0.8750001 2.18698 0.890625 2.18698 0.8828125 1.982483 0.8984375 1.982483 0.890625 1.982483 0.890625 2.18698 0.890625 2.18698 0.90625 2.18698 0.8984375 1.982483 0.9140625 1.982483 0.90625 1.982483 0.90625 2.18698 0.90625 2.18698 0.921875 2.18698 0.9140625 1.982483 0.9296875 1.982483 0.921875 1.982483 0.921875 2.18698 0.921875 2.18698 0.9375 2.18698 0.9296875 1.982483 0.9453125 1.982483 0.9375 1.982483 0.9375 2.18698 0.9375 2.18698 0.953125 2.18698 0.9453125 1.982483 0.953125 2.18698 0.96875 2.18698 0.96875 1.982483 0.96875 2.18698 0.984375 2.18698 0.984375 1.982483 0.984375 2.18698 1 2.18698 1 1.982483 0 2.18698 0 2.260826 0.015625 2.260826 0.015625 2.18698 0.015625 2.260826 0.03125 2.260826 0.03125 2.18698 0.03125 2.260826 0.046875 2.260826 0.046875 2.18698 0.046875 2.260826 0.0625 2.260826 0.0625 2.18698 0.0625 2.260826 0.078125 2.260826 0.078125 2.18698 0.078125 2.260826 0.09375 2.260826 0.09375 2.18698 0.09375 2.260826 0.109375 2.260826 0.109375 2.18698 0.109375 2.260826 0.125 2.260826 0.125 2.18698 0.125 2.260826 0.140625 2.260826 0.140625 2.18698 0.140625 2.260826 0.15625 2.260826 0.15625 2.18698 0.15625 2.260826 0.171875 2.260826 0.171875 2.18698 0.171875 2.260826 0.1875 2.260826 0.1875 2.18698 0.1875 2.260826 0.203125 2.260826 0.203125 2.18698 0.203125 2.260826 0.21875 2.260826 0.21875 2.18698 0.21875 2.260826 0.234375 2.260826 0.234375 2.18698 0.234375 2.260826 0.25 2.260826 0.25 2.18698 0.25 2.260826 0.265625 2.260826 0.265625 2.18698 0.265625 2.260826 0.28125 2.260826 0.28125 2.18698 0.28125 2.260826 0.296875 2.260826 0.296875 2.18698 0.296875 2.260826 0.3125 2.260826 0.3125 2.18698 0.3125 2.260826 0.328125 2.260826 0.328125 2.18698 0.328125 2.260826 0.34375 2.260826 0.34375 2.18698 0.34375 2.260826 0.359375 2.260826 0.359375 2.18698 0.359375 2.260826 0.375 2.260826 0.375 2.18698 0.375 2.260826 0.390625 2.260826 0.390625 2.18698 0.390625 2.260826 0.40625 2.260826 0.40625 2.18698 0.40625 2.260826 0.421875 2.260826 0.421875 2.18698 0.421875 2.260826 0.4375 2.260826 0.4375 2.18698 0.4375 2.260826 0.453125 2.260826 0.453125 2.18698 0.453125 2.260826 0.46875 2.260826 0.46875 2.18698 0.46875 2.260826 0.484375 2.260826 0.484375 2.18698 0.484375 2.260826 0.5 2.260826 0.5 2.18698 0.5 2.260826 0.515625 2.260826 0.515625 2.18698 0.515625 2.260826 0.53125 2.260826 0.53125 2.18698 0.53125 2.260826 0.546875 2.260826 0.546875 2.18698 0.546875 2.260826 0.5625 2.260826 0.5625 2.18698 0.5625 2.260826 0.578125 2.260826 0.578125 2.18698 0.578125 2.260826 0.59375 2.260826 0.6015625 2.18698 0.59375 2.18698 0.59375 2.260826 0.59375 2.260826 0.609375 2.260826 0.6015625 2.18698 0.6171875 2.18698 0.609375 2.18698 0.609375 2.260826 0.609375 2.260826 0.625 2.260826 0.6171875 2.18698 0.6328125 2.18698 0.625 2.18698 0.625 2.260826 0.625 2.260826 0.640625 2.260826 0.6328125 2.18698 0.6484375 2.18698 0.640625 2.18698 0.640625 2.260826 0.640625 2.260826 0.65625 2.260826 0.6484375 2.18698 0.6640625 2.18698 0.65625 2.18698 0.65625 2.260826 0.65625 2.260826 0.671875 2.260826 0.6640625 2.18698 0.6796875 2.18698 0.671875 2.18698 0.671875 2.260826 0.671875 2.260826 0.6875 2.260826 0.6796875 2.18698 0.6953125 2.18698 0.6875 2.18698 0.6875 2.260826 0.6875 2.260826 0.703125 2.260826 0.6953125 2.18698 0.7109375 2.18698 0.703125 2.18698 0.703125 2.260826 0.703125 2.260826 0.71875 2.260826 0.7109375 2.18698 0.7265625 2.18698 0.71875 2.18698 0.71875 2.260826 0.71875 2.260826 0.734375 2.260826 0.7265625 2.18698 0.7421875 2.18698 0.734375 2.18698 0.734375 2.260826 0.734375 2.260826 0.75 2.260826 0.7421875 2.18698 0.7578125 2.18698 0.75 2.18698 0.75 2.260826 0.75 2.260826 0.765625 2.260826 0.7578125 2.18698 0.7734375 2.18698 0.765625 2.18698 0.765625 2.260826 0.765625 2.260826 0.78125 2.260826 0.7734375 2.18698 0.7890625 2.18698 0.78125 2.18698 0.78125 2.260826 0.78125 2.260826 0.796875 2.260826 0.7890625 2.18698 0.8046875 2.18698 0.796875 2.18698 0.796875 2.260826 0.796875 2.260826 0.8125 2.260826 0.8046875 2.18698 0.8125 2.18698 0.8125 2.260826 0.828125 2.260826 0.828125 2.18698 0.828125 2.260826 0.84375 2.260826 0.84375 2.18698 0.84375 2.260826 0.859375 2.260826 0.859375 2.18698 0.859375 2.260826 0.8750001 2.260826 0.8750001 2.18698 0.8750001 2.260826 0.890625 2.260826 0.890625 2.18698 0.890625 2.260826 0.90625 2.260826 0.90625 2.18698 0.90625 2.260826 0.921875 2.260826 0.921875 2.18698 0.921875 2.260826 0.9375 2.260826 0.9375 2.18698 0.9375 2.260826 0.953125 2.260826 0.953125 2.18698 0.953125 2.260826 0.96875 2.260826 0.96875 2.18698 0.96875 2.260826 0.984375 2.260826 0.984375 2.18698 0.984375 2.260826 1 2.260826 0 2.260826 0 2.260826 0.015625 2.260826 0.015625 2.260826 0.015625 2.260826 0.03125 2.260826 0.03125 2.260826 0.03125 2.260826 0.046875 2.260826 0.046875 2.260826 0.046875 2.260826 0.0625 2.260826 0.0625 2.260826 0.0625 2.260826 0.078125 2.260826 0.078125 2.260826 0.078125 2.260826 0.09375 2.260826 0.09375 2.260826 0.09375 2.260826 0.109375 2.260826 0.109375 2.260826 0.109375 2.260826 0.125 2.260826 0.125 2.260826 0.125 2.260826 0.140625 2.260826 0.140625 2.260826 0.140625 2.260826 0.15625 2.260826 0.15625 2.260826 0.15625 2.260826 0.171875 2.260826 0.171875 2.260826 0.171875 2.260826 0.1875 2.260826 0.1875 2.260826 0.1875 2.260826 0.203125 2.260826 0.203125 2.260826 0.203125 2.260826 0.21875 2.260826 0.21875 2.260826 0.21875 2.260826 0.234375 2.260826 0.234375 2.260826 0.234375 2.260826 0.25 2.260826 0.25 2.260826 0.25 2.260826 0.265625 2.260826 0.265625 2.260826 0.265625 2.260826 0.28125 2.260826 0.28125 2.260826 0.28125 2.260826 0.296875 2.260826 0.296875 2.260826 0.296875 2.260826 0.3125 2.260826 0.3125 2.260826 0.3125 2.260826 0.328125 2.260826 0.328125 2.260826 0.328125 2.260826 0.34375 2.260826 0.34375 2.260826 0.34375 2.260826 0.359375 2.260826 0.359375 2.260826 0.359375 2.260826 0.375 2.260826 0.375 2.260826 0.375 2.260826 0.390625 2.260826 0.390625 2.260826 0.390625 2.260826 0.40625 2.260826 0.40625 2.260826 0.40625 2.260826 0.421875 2.260826 0.421875 2.260826 0.421875 2.260826 0.4375 2.260826 0.4375 2.260826 0.4375 2.260826 0.453125 2.260826 0.453125 2.260826 0.453125 2.260826 0.46875 2.260826 0.46875 2.260826 0.46875 2.260826 0.484375 2.260826 0.484375 2.260826 0.484375 2.260826 0.5 2.260826 0.5 2.260826 0.5 2.260826 0.515625 2.260826 0.515625 2.260826 0.515625 2.260826 0.53125 2.260826 0.53125 2.260826 0.53125 2.260826 0.546875 2.260826 0.546875 2.260826 0.546875 2.260826 0.5625 2.260826 0.5625 2.260826 0.5625 2.260826 0.578125 2.260826 0.578125 2.260826 0.578125 2.260826 0.59375 2.260826 0.59375 2.260826 0.59375 2.260826 0.609375 2.260826 0.609375 2.260826 0.609375 2.260826 0.625 2.260826 0.625 2.260826 0.625 2.260826 0.640625 2.260826 0.640625 2.260826 0.640625 2.260826 0.65625 2.260826 0.65625 2.260826 0.65625 2.260826 0.671875 2.260826 0.671875 2.260826 0.671875 2.260826 0.6875 2.260826 0.6875 2.260826 0.6875 2.260826 0.703125 2.260826 0.703125 2.260826 0.703125 2.260826 0.71875 2.260826 0.71875 2.260826 0.71875 2.260826 0.734375 2.260826 0.734375 2.260826 0.734375 2.260826 0.75 2.260826 0.75 2.260826 0.75 2.260826 0.765625 2.260826 0.765625 2.260826 0.765625 2.260826 0.78125 2.260826 0.78125 2.260826 0.78125 2.260826 0.796875 2.260826 0.796875 2.260826 0.796875 2.260826 0.8125 2.260826 0.8125 2.260826 0.8125 2.260826 0.828125 2.260826 0.828125 2.260826 0.828125 2.260826 0.84375 2.260826 0.84375 2.260826 0.84375 2.260826 0.859375 2.260826 0.859375 2.260826 0.859375 2.260826 0.8750001 2.260826 0.8750001 2.260826 0.8750001 2.260826 0.890625 2.260826 0.890625 2.260826 0.890625 2.260826 0.90625 2.260826 0.90625 2.260826 0.90625 2.260826 0.921875 2.260826 0.921875 2.260826 0.921875 2.260826 0.9375 2.260826 0.9375 2.260826 0.9375 2.260826 0.953125 2.260826 0.953125 2.260826 0.953125 2.260826 0.96875 2.260826 0.96875 2.260826 0.96875 2.260826 0.984375 2.260826 0.984375 2.260826 0.984375 2.260826 1 2.260826</float_array>
          <technique_common>
            <accessor source="#Plane-mesh-map-0-array" count="12864" stride="2">
              <param name="S" type="float"/>
              <param name="T" type="float"/>
            </accessor>
          </technique_common>
        </source>
        <vertices id="Plane-mesh-vertices">
          <input semantic="POSITION" source="#Plane-mesh-positions"/>
        </vertices>
        <lines count="2">
          <input semantic="VERTEX" source="#Plane-mesh-vertices" offset="0"/>
          <p>2208 2130 2209 2208</p>
        </lines>
        <triangles material="Label_001-material" count="4288">
          <input semantic="VERTEX" source="#Plane-mesh-vertices" offset="0"/>
          <input semantic="NORMAL" source="#Plane-mesh-normals" offset="1"/>
          <input semantic="TEXCOORD" source="#Plane-mesh-map-0" offset="2" set="0"/>
          <p>1 0 0 34 1 1 0 2 2 35 3 3 68 4 4 34 1 5 69 5 6 102 6 7 68 4 8 103 7 9 136 8 10 102 6 11 137 9 12 170 10 13 136 8 14 171 11 15 204 12 16 170 10 17 205 13 18 238 14 19 204 12 20 239 15 21 272 16 22 238 14 23 273 17 24 306 18 25 272 16 26 307 19 27 340 20 28 306 18 29 341 21 30 374 22 31 340 20 32 375 23 33 408 24 34 374 22 35 409 25 36 442 26 37 408 24 38 443 27 39 476 28 40 442 26 41 477 29 42 510 30 43 476 28 44 511 31 45 544 32 46 510 30 47 545 33 48 578 34 49 544 32 50 579 35 51 612 36 52 578 34 53 613 37 54 646 38 55 612 36 56 647 39 57 680 40 58 646 38 59 681 41 60 714 42 61 680 40 62 715 43 63 748 44 64 714 42 65 749 45 66 782 46 67 748 44 68 783 47 69 816 48 70 782 46 71 817 49 72 850 50 73 816 48 74 851 51 75 884 52 76 850 50 77 885 53 78 918 54 79 884 52 80 919 55 81 952 56 82 918 54 83 953 57 84 986 58 85 952 56 86 987 59 87 1020 60 88 986 58 89 1021 61 90 1054 62 91 1020 60 92 1055 63 93 1088 64 94 1054 62 95 1089 65 96 1122 66 97 1088 64 98 1123 67 99 1156 68 100 1122 66 101 1157 69 102 1190 70 103 1156 68 104 1191 71 105 1224 72 106 1190 70 107 1225 73 108 1258 74 109 1224 72 110 1259 75 111 1292 76 112 1258 74 113 1293 77 114 1326 78 115 1292 76 116 1327 79 117 1360 80 118 1326 78 119 1361 81 120 1394 82 121 1360 80 122 1395 83 123 1428 84 124 1394 82 125 1429 85 126 1462 86 127 1428 84 128 1463 87 129 1496 88 130 1462 86 131 1497 89 132 1530 90 133 1496 88 134 1531 91 135 1564 92 136 1530 90 137 1565 93 138 1598 94 139 1564 92 140 1599 95 141 1632 96 142 1598 94 143 1633 97 144 1666 98 145 1632 96 146 1667 99 147 1700 100 148 1666 98 149 1701 101 150 1734 102 151 1700 100 152 1735 103 153 1768 104 154 1734 102 155 1769 105 156 1802 106 157 1768 104 158 1803 107 159 1836 108 160 1802 106 161 1837 109 162 1870 110 163 1836 108 164 1871 111 165 1904 112 166 1870 110 167 1905 113 168 1938 114 169 1904 112 170 1939 115 171 1972 116 172 1938 114 173 1973 117 174 2006 118 175 1972 116 176 2007 119 177 2040 120 178 2006 118 179 2041 121 180 2074 122 181 2040 120 182 2075 123 183 2108 124 184 2074 122 185 2109 125 186 2142 126 187 2108 124 188 2143 127 189 0 2 190 2142 126 191 1 0 192 36 128 193 35 3 194 35 3 195 70 129 196 69 5 197 69 5 198 104 130 199 103 7 200 103 7 201 138 131 202 137 9 203 137 9 204 172 132 205 171 11 206 171 11 207 206 133 208 205 13 209 205 13 210 240 134 211 239 15 212 239 15 213 274 135 214 273 17 215 273 17 216 308 136 217 307 19 218 307 19 219 342 137 220 341 21 221 341 21 222 376 138 223 375 23 224 375 23 225 410 139 226 409 25 227 409 25 228 444 140 229 443 27 230 443 27 231 478 141 232 477 29 233 477 29 234 512 142 235 511 31 236 511 31 237 546 143 238 545 33 239 545 33 240 580 144 241 579 35 242 579 35 243 614 145 244 613 37 245 613 37 246 648 146 247 647 39 248 647 39 249 682 147 250 681 41 251 681 41 252 716 148 253 715 43 254 715 43 255 750 149 256 749 45 257 749 45 258 784 150 259 783 47 260 783 47 261 818 151 262 817 49 263 817 49 264 852 152 265 851 51 266 851 51 267 886 153 268 885 53 269 885 53 270 920 154 271 919 55 272 919 55 273 954 155 274 953 57 275 953 57 276 988 156 277 987 59 278 987 59 279 1022 157 280 1021 61 281 1021 61 282 1056 158 283 1055 63 284 1055 63 285 1090 159 286 1089 65 287 1089 65 288 1124 160 289 1123 67 290 1123 67 291 1158 161 292 1157 69 293 1157 69 294 1192 162 295 1191 71 296 1191 71 297 1226 163 298 1225 73 299 1225 73 300 1260 164 301 1259 75 302 1259 75 303 1294 165 304 1293 77 305 1293 77 306 1328 166 307 1327 79 308 1327 79 309 1362 167 310 1361 81 311 1361 81 312 1396 168 313 1395 83 314 1395 83 315 1430 169 316 1429 85 317 1429 85 318 1464 170 319 1463 87 320 1463 87 321 1498 171 322 1497 89 323 1497 89 324 1532 172 325 1531 91 326 1531 91 327 1566 173 328 1565 93 329 1565 93 330 1600 174 331 1599 95 332 1599 95 333 1634 175 334 1633 97 335 1633 97 336 1668 176 337 1667 99 338 1667 99 339 1702 177 340 1701 101 341 1701 101 342 1736 178 343 1735 103 344 1735 103 345 1770 179 346 1769 105 347 1769 105 348 1804 180 349 1803 107 350 1803 107 351 1838 181 352 1837 109 353 1837 109 354 1872 182 355 1871 111 356 1871 111 357 1906 183 358 1905 113 359 1905 113 360 1940 184 361 1939 115 362 1939 115 363 1974 185 364 1973 117 365 1973 117 366 2008 186 367 2007 119 368 2007 119 369 2042 187 370 2041 121 371 2041 121 372 2076 188 373 2075 123 374 2075 123 375 2110 189 376 2109 125 377 2109 125 378 2144 190 379 2143 127 380 2143 127 381 2 191 382 1 0 383 2 191 384 37 192 385 36 128 386 36 128 387 71 193 388 70 129 389 70 129 390 105 194 391 104 130 392 104 130 393 139 195 394 138 131 395 138 131 396 173 196 397 172 132 398 172 132 399 207 197 400 206 133 401 206 133 402 241 198 403 240 134 404 240 134 405 275 199 406 274 135 407 274 135 408 309 200 409 308 136 410 308 136 411 343 201 412 342 137 413 342 137 414 377 202 415 376 138 416 376 138 417 411 203 418 410 139 419 410 139 420 445 204 421 444 140 422 444 140 423 479 205 424 478 141 425 478 141 426 513 206 427 512 142 428 512 142 429 547 207 430 546 143 431 546 143 432 581 208 433 580 144 434 580 144 435 615 209 436 614 145 437 614 145 438 649 210 439 648 146 440 648 146 441 683 211 442 682 147 443 682 147 444 717 212 445 716 148 446 716 148 447 751 213 448 750 149 449 750 149 450 785 214 451 784 150 452 784 150 453 819 215 454 818 151 455 818 151 456 853 216 457 852 152 458 852 152 459 887 217 460 886 153 461 886 153 462 921 218 463 920 154 464 920 154 465 955 219 466 954 155 467 954 155 468 989 220 469 988 156 470 988 156 471 1023 221 472 1022 157 473 1022 157 474 1057 222 475 1056 158 476 1056 158 477 1091 223 478 1090 159 479 1090 159 480 1125 224 481 1124 160 482 1124 160 483 1159 225 484 1158 161 485 1158 161 486 1193 226 487 1192 162 488 1192 162 489 1227 227 490 1226 163 491 1226 163 492 1261 228 493 1260 164 494 1260 164 495 1295 229 496 1294 165 497 1294 165 498 1329 230 499 1328 166 500 1328 166 501 1363 231 502 1362 167 503 1362 167 504 1397 232 505 1396 168 506 1396 168 507 1431 233 508 1430 169 509 1430 169 510 1465 234 511 1464 170 512 1464 170 513 1499 235 514 1498 171 515 1498 171 516 1533 236 517 1532 172 518 1532 172 519 1567 237 520 1566 173 521 1566 173 522 1601 238 523 1600 174 524 1600 174 525 1635 239 526 1634 175 527 1634 175 528 1669 240 529 1668 176 530 1668 176 531 1703 241 532 1702 177 533 1702 177 534 1737 242 535 1736 178 536 1736 178 537 1771 243 538 1770 179 539 1770 179 540 1805 244 541 1804 180 542 1804 180 543 1839 245 544 1838 181 545 1838 181 546 1873 246 547 1872 182 548 1872 182 549 1907 247 550 1906 183 551 1906 183 552 1941 248 553 1940 184 554 1940 184 555 1975 249 556 1974 185 557 1974 185 558 2009 250 559 2008 186 560 2008 186 561 2043 251 562 2042 187 563 2042 187 564 2077 252 565 2076 188 566 2076 188 567 2111 253 568 2110 189 569 2110 189 570 2145 254 571 2144 190 572 2144 190 573 3 255 574 2 191 575 3 255 576 38 256 577 37 192 578 37 192 579 72 257 580 71 193 581 71 193 582 106 258 583 105 194 584 105 194 585 140 259 586 139 195 587 139 195 588 174 260 589 173 196 590 173 196 591 208 261 592 207 197 593 207 197 594 242 262 595 241 198 596 241 198 597 276 263 598 275 199 599 275 199 600 310 264 601 309 200 602 309 200 603 344 265 604 343 201 605 343 201 606 378 266 607 377 202 608 377 202 609 412 267 610 411 203 611 411 203 612 446 268 613 445 204 614 445 204 615 480 269 616 479 205 617 479 205 618 514 270 619 513 206 620 513 206 621 548 271 622 547 207 623 547 207 624 582 272 625 581 208 626 581 208 627 616 273 628 615 209 629 615 209 630 650 274 631 649 210 632 650 274 633 683 211 634 649 210 635 683 211 636 718 275 637 717 212 638 717 212 639 752 276 640 751 213 641 751 213 642 786 277 643 785 214 644 785 214 645 820 278 646 819 215 647 819 215 648 854 279 649 853 216 650 853 216 651 888 280 652 887 217 653 887 217 654 922 281 655 921 218 656 921 218 657 956 282 658 955 219 659 955 219 660 990 283 661 989 220 662 989 220 663 1024 284 664 1023 221 665 1023 221 666 1058 285 667 1057 222 668 1057 222 669 1092 286 670 1091 223 671 1091 223 672 1126 287 673 1125 224 674 1125 224 675 1160 288 676 1159 225 677 1159 225 678 1194 289 679 1193 226 680 1193 226 681 1228 290 682 1227 227 683 1227 227 684 1262 291 685 1261 228 686 1261 228 687 1296 292 688 1295 229 689 1295 229 690 1330 293 691 1329 230 692 1329 230 693 1364 294 694 1363 231 695 1363 231 696 1398 295 697 1397 232 698 1397 232 699 1432 296 700 1431 233 701 1431 233 702 1466 297 703 1465 234 704 1465 234 705 1500 298 706 1499 235 707 1499 235 708 1534 299 709 1533 236 710 1533 236 711 1568 300 712 1567 237 713 1567 237 714 1602 301 715 1601 238 716 1601 238 717 1636 302 718 1635 239 719 1635 239 720 1670 303 721 1669 240 722 1669 240 723 1704 304 724 1703 241 725 1703 241 726 1738 305 727 1737 242 728 1737 242 729 1772 306 730 1771 243 731 1771 243 732 1806 307 733 1805 244 734 1805 244 735 1840 308 736 1839 245 737 1839 245 738 1874 309 739 1873 246 740 1873 246 741 1908 310 742 1907 247 743 1907 247 744 1942 311 745 1941 248 746 1941 248 747 1976 312 748 1975 249 749 1975 249 750 2010 313 751 2009 250 752 2009 250 753 2044 314 754 2043 251 755 2043 251 756 2078 315 757 2077 252 758 2077 252 759 2112 316 760 2111 253 761 2111 253 762 2146 317 763 2145 254 764 2145 254 765 4 318 766 3 255 767 4 318 768 39 319 769 38 256 770 38 256 771 73 320 772 72 257 773 72 257 774 107 321 775 106 258 776 106 258 777 141 322 778 140 259 779 140 259 780 175 323 781 174 260 782 174 260 783 209 324 784 208 261 785 209 324 786 242 262 787 208 261 788 242 262 789 277 325 790 276 263 791 276 263 792 311 326 793 310 264 794 310 264 795 345 327 796 344 265 797 344 265 798 379 328 799 378 266 800 378 266 801 413 329 802 412 267 803 412 267 804 447 330 805 446 268 806 446 268 807 481 331 808 480 269 809 480 269 810 515 332 811 514 270 812 514 270 813 549 333 814 548 271 815 548 271 816 583 334 817 582 272 818 582 272 819 617 335 820 616 273 821 616 273 822 651 336 823 650 274 824 650 274 825 685 337 826 684 338 827 684 338 828 719 339 829 718 275 830 718 275 831 753 340 832 752 276 833 752 276 834 787 341 835 786 277 836 786 277 837 821 342 838 820 278 839 820 278 840 855 343 841 854 279 842 854 279 843 889 344 844 888 280 845 888 280 846 923 345 847 922 281 848 922 281 849 957 346 850 956 282 851 956 282 852 991 347 853 990 283 854 990 283 855 1025 348 856 1024 284 857 1024 284 858 1059 349 859 1058 285 860 1058 285 861 1093 350 862 1092 286 863 1092 286 864 1127 351 865 1126 287 866 1126 287 867 1161 352 868 1160 288 869 1160 288 870 1195 353 871 1194 289 872 1194 289 873 1229 354 874 1228 290 875 1228 290 876 1263 355 877 1262 291 878 1262 291 879 1297 356 880 1296 292 881 1296 292 882 1331 357 883 1330 293 884 1330 293 885 1365 358 886 1364 294 887 1364 294 888 1399 359 889 1398 295 890 1398 295 891 1433 360 892 1432 296 893 1432 296 894 1467 361 895 1466 297 896 1466 297 897 1501 362 898 1500 298 899 1500 298 900 1535 363 901 1534 299 902 1534 299 903 1569 364 904 1568 300 905 1568 300 906 1603 365 907 1602 301 908 1602 301 909 1637 366 910 1636 302 911 1636 302 912 1671 367 913 1670 303 914 1670 303 915 1705 368 916 1704 304 917 1704 304 918 1739 369 919 1738 305 920 1738 305 921 1773 370 922 1772 306 923 1772 306 924 1807 371 925 1806 307 926 1806 307 927 1841 372 928 1840 308 929 1841 372 930 1874 309 931 1840 308 932 1874 309 933 1909 373 934 1908 310 935 1908 310 936 1943 374 937 1942 311 938 1942 311 939 1977 375 940 1976 312 941 1976 312 942 2011 376 943 2010 313 944 2011 376 945 2044 314 946 2010 313 947 2044 314 948 2079 377 949 2078 315 950 2078 315 951 2113 378 952 2112 316 953 2112 316 954 2147 379 955 2146 317 956 2146 317 957 5 380 958 4 318 959 5 380 960 40 381 961 39 319 962 39 319 963 74 382 964 73 320 965 74 382 966 107 321 967 73 320 968 107 321 969 142 383 970 141 322 971 141 322 972 176 384 973 175 323 974 175 323 975 210 385 976 209 324 977 209 324 978 244 386 979 243 387 980 243 387 981 278 388 982 277 325 983 277 325 984 312 389 985 311 326 986 311 326 987 346 390 988 345 327 989 345 327 990 380 391 991 379 328 992 379 328 993 414 392 994 413 329 995 413 329 996 448 393 997 447 330 998 447 330 999 482 394 1000 481 331 1001 481 331 1002 516 395 1003 515 332 1004 515 332 1005 550 396 1006 549 333 1007 549 333 1008 584 397 1009 583 334 1010 583 334 1011 618 398 1012 617 335 1013 617 335 1014 652 399 1015 651 336 1016 651 336 1017 686 400 1018 685 337 1019 685 337 1020 720 401 1021 719 339 1022 719 339 1023 754 402 1024 753 340 1025 753 340 1026 788 403 1027 787 341 1028 787 341 1029 822 404 1030 821 342 1031 821 342 1032 856 405 1033 855 343 1034 855 343 1035 890 406 1036 889 344 1037 889 344 1038 924 407 1039 923 345 1040 923 345 1041 958 408 1042 957 346 1043 957 346 1044 992 409 1045 991 347 1046 991 347 1047 1026 410 1048 1025 348 1049 1025 348 1050 1060 411 1051 1059 349 1052 1059 349 1053 1094 412 1054 1093 350 1055 1093 350 1056 1128 413 1057 1127 351 1058 1127 351 1059 1162 414 1060 1161 352 1061 1161 352 1062 1196 415 1063 1195 353 1064 1195 353 1065 1230 416 1066 1229 354 1067 1229 354 1068 1264 417 1069 1263 355 1070 1263 355 1071 1298 418 1072 1297 356 1073 1297 356 1074 1332 419 1075 1331 357 1076 1331 357 1077 1366 420 1078 1365 358 1079 1365 358 1080 1400 421 1081 1399 359 1082 1399 359 1083 1434 422 1084 1433 360 1085 1433 360 1086 1468 423 1087 1467 361 1088 1467 361 1089 1502 424 1090 1501 362 1091 1501 362 1092 1536 425 1093 1535 363 1094 1535 363 1095 1570 426 1096 1569 364 1097 1569 364 1098 1604 427 1099 1603 365 1100 1604 427 1101 1637 366 1102 1603 365 1103 1638 428 1104 1671 367 1105 1637 366 1106 1671 367 1107 1706 429 1108 1705 368 1109 1705 368 1110 1740 430 1111 1739 369 1112 1739 369 1113 1774 431 1114 1773 370 1115 1774 431 1116 1807 371 1117 1773 370 1118 1807 371 1119 1842 432 1120 1841 372 1121 1842 432 1122 1875 433 1123 1841 372 1124 1875 433 1125 1910 434 1126 1909 373 1127 1909 373 1128 1944 435 1129 1943 374 1130 1944 435 1131 1977 375 1132 1943 374 1133 1977 375 1134 2012 436 1135 2011 376 1136 2011 376 1137 2046 437 1138 2045 438 1139 2045 438 1140 2080 439 1141 2079 377 1142 2080 439 1143 2113 378 1144 2079 377 1145 2113 378 1146 2148 440 1147 2147 379 1148 2147 379 1149 6 441 1150 5 380 1151 6 441 1152 41 442 1153 40 381 1154 40 381 1155 75 443 1156 74 382 1157 74 382 1158 109 444 1159 108 445 1160 108 445 1161 143 446 1162 142 383 1163 142 383 1164 177 447 1165 176 384 1166 176 384 1167 211 448 1168 210 385 1169 210 385 1170 245 449 1171 244 386 1172 244 386 1173 279 450 1174 278 388 1175 279 450 1176 312 389 1177 278 388 1178 312 389 1179 347 451 1180 346 390 1181 346 390 1182 381 452 1183 380 391 1184 380 391 1185 415 453 1186 414 392 1187 414 392 1188 449 454 1189 448 393 1190 448 393 1191 483 455 1192 482 394 1193 482 394 1194 517 456 1195 516 395 1196 516 395 1197 551 457 1198 550 396 1199 550 396 1200 585 458 1201 584 397 1202 584 397 1203 619 459 1204 618 398 1205 618 398 1206 653 460 1207 652 399 1208 652 399 1209 687 461 1210 686 400 1211 686 400 1212 721 462 1213 720 401 1214 720 401 1215 755 463 1216 754 402 1217 754 402 1218 789 464 1219 788 403 1220 788 403 1221 823 465 1222 822 404 1223 823 465 1224 856 405 1225 822 404 1226 856 405 1227 891 466 1228 890 406 1229 890 406 1230 925 467 1231 924 407 1232 924 407 1233 959 468 1234 958 408 1235 958 408 1236 993 469 1237 992 409 1238 992 409 1239 1027 470 1240 1026 410 1241 1026 410 1242 1061 471 1243 1060 411 1244 1060 411 1245 1095 472 1246 1094 412 1247 1094 412 1248 1129 473 1249 1128 413 1250 1128 413 1251 1163 474 1252 1162 414 1253 1162 414 1254 1197 475 1255 1196 415 1256 1196 415 1257 1231 476 1258 1230 416 1259 1231 476 1260 1264 417 1261 1230 416 1262 1264 417 1263 1299 477 1264 1298 418 1265 1298 418 1266 1333 478 1267 1332 419 1268 1333 478 1269 1366 420 1270 1332 419 1271 1366 420 1272 1401 479 1273 1400 421 1274 1400 421 1275 1435 480 1276 1434 422 1277 1434 422 1278 1469 481 1279 1468 423 1280 1468 423 1281 1503 482 1282 1502 424 1283 1502 424 1284 1537 483 1285 1536 425 1286 1536 425 1287 1571 484 1288 1570 426 1289 1570 426 1290 1605 485 1291 1604 427 1292 1604 427 1293 1639 486 1294 1638 428 1295 1638 428 1296 1673 487 1297 1672 488 1298 1672 488 1299 1707 489 1300 1706 429 1301 1706 429 1302 1741 490 1303 1740 430 1304 1740 430 1305 1775 491 1306 1774 431 1307 1774 431 1308 1809 492 1309 1808 493 1310 1808 493 1311 1843 494 1312 1842 432 1313 1842 432 1314 1877 495 1315 1876 496 1316 1876 496 1317 1911 497 1318 1910 434 1319 1911 497 1320 1944 435 1321 1910 434 1322 1944 435 1323 1979 498 1324 1978 499 1325 1978 499 1326 2013 500 1327 2012 436 1328 2012 436 1329 2047 501 1330 2046 437 1331 2046 437 1332 2081 502 1333 2080 439 1334 2080 439 1335 2115 503 1336 2114 504 1337 2114 504 1338 2149 505 1339 2148 440 1340 2148 440 1341 7 506 1342 6 441 1343 7 506 1344 42 507 1345 41 442 1346 41 442 1347 76 508 1348 75 443 1349 75 443 1350 110 509 1351 109 444 1352 109 444 1353 144 510 1354 143 446 1355 143 446 1356 178 511 1357 177 447 1358 177 447 1359 212 512 1360 211 448 1361 211 448 1362 246 513 1363 245 449 1364 245 449 1365 280 514 1366 279 450 1367 280 514 1368 313 515 1369 279 450 1370 314 516 1371 347 451 1372 313 515 1373 347 451 1374 382 517 1375 381 452 1376 381 452 1377 416 518 1378 415 453 1379 415 453 1380 450 519 1381 449 454 1382 449 454 1383 484 520 1384 483 455 1385 483 455 1386 518 521 1387 517 456 1388 517 456 1389 552 522 1390 551 457 1391 551 457 1392 586 523 1393 585 458 1394 585 458 1395 620 524 1396 619 459 1397 619 459 1398 654 525 1399 653 460 1400 653 460 1401 688 526 1402 687 461 1403 687 461 1404 722 527 1405 721 462 1406 721 462 1407 756 528 1408 755 463 1409 755 463 1410 790 529 1411 789 464 1412 790 529 1413 823 465 1414 789 464 1415 823 465 1416 858 530 1417 857 531 1418 857 531 1419 892 532 1420 891 466 1421 891 466 1422 926 533 1423 925 467 1424 925 467 1425 960 534 1426 959 468 1427 959 468 1428 994 535 1429 993 469 1430 993 469 1431 1028 536 1432 1027 470 1433 1027 470 1434 1062 537 1435 1061 471 1436 1061 471 1437 1096 538 1438 1095 472 1439 1095 472 1440 1130 539 1441 1129 473 1442 1129 473 1443 1164 540 1444 1163 474 1445 1163 474 1446 1198 541 1447 1197 475 1448 1197 475 1449 1232 542 1450 1231 476 1451 1231 476 1452 1266 543 1453 1265 544 1454 1265 544 1455 1300 545 1456 1299 477 1457 1299 477 1458 1334 546 1459 1333 478 1460 1333 478 1461 1368 547 1462 1367 548 1463 1368 547 1464 1401 479 1465 1367 548 1466 1402 549 1467 1435 480 1468 1401 479 1469 1436 550 1470 1469 481 1471 1435 480 1472 1469 481 1473 1504 551 1474 1503 482 1475 1504 551 1476 1537 483 1477 1503 482 1478 1537 483 1479 1572 552 1480 1571 484 1481 1571 484 1482 1606 553 1483 1605 485 1484 1605 485 1485 1640 554 1486 1639 486 1487 1639 486 1488 1674 555 1489 1673 487 1490 1673 487 1491 1708 556 1492 1707 489 1493 1707 489 1494 1742 557 1495 1741 490 1496 1741 490 1497 1776 558 1498 1775 491 1499 1775 491 1500 1810 559 1501 1809 492 1502 1809 492 1503 1844 560 1504 1843 494 1505 1843 494 1506 1878 561 1507 1877 495 1508 1877 495 1509 1912 562 1510 1911 497 1511 1911 497 1512 1946 563 1513 1945 564 1514 1945 564 1515 1980 565 1516 1979 498 1517 1979 498 1518 2014 566 1519 2013 500 1520 2013 500 1521 2048 567 1522 2047 501 1523 2047 501 1524 2082 568 1525 2081 502 1526 2081 502 1527 2116 569 1528 2115 503 1529 2115 503 1530 2150 570 1531 2149 505 1532 2149 505 1533 8 571 1534 7 506 1535 8 571 1536 43 572 1537 42 507 1538 43 572 1539 76 508 1540 42 507 1541 76 508 1542 111 573 1543 110 509 1544 111 573 1545 144 510 1546 110 509 1547 144 510 1548 179 574 1549 178 511 1550 179 574 1551 212 512 1552 178 511 1553 212 512 1554 247 575 1555 246 513 1556 246 513 1557 281 576 1558 280 514 1559 280 514 1560 315 577 1561 314 516 1562 314 516 1563 349 578 1564 348 579 1565 349 578 1566 382 517 1567 348 579 1568 382 517 1569 417 580 1570 416 518 1571 416 518 1572 451 581 1573 450 519 1574 451 581 1575 484 520 1576 450 519 1577 485 582 1578 518 521 1579 484 520 1580 518 521 1581 553 583 1582 552 522 1583 552 522 1584 587 584 1585 586 523 1586 587 584 1587 620 524 1588 586 523 1589 620 524 1590 655 585 1591 654 525 1592 654 525 1593 689 586 1594 688 526 1595 688 526 1596 723 587 1597 722 527 1598 723 587 1599 756 528 1600 722 527 1601 756 528 1602 791 588 1603 790 529 1604 790 529 1605 825 589 1606 824 590 1607 825 589 1608 858 530 1609 824 590 1610 859 591 1611 892 532 1612 858 530 1613 893 592 1614 926 533 1615 892 532 1616 926 533 1617 961 593 1618 960 534 1619 960 534 1620 995 594 1621 994 535 1622 995 594 1623 1028 536 1624 994 535 1625 1029 595 1626 1062 537 1627 1028 536 1628 1062 537 1629 1097 596 1630 1096 538 1631 1096 538 1632 1131 597 1633 1130 539 1634 1131 597 1635 1164 540 1636 1130 539 1637 1164 540 1638 1199 598 1639 1198 541 1640 1199 598 1641 1232 542 1642 1198 541 1643 1232 542 1644 1267 599 1645 1266 543 1646 1266 543 1647 1301 600 1648 1300 545 1649 1301 600 1650 1334 546 1651 1300 545 1652 1334 546 1653 1369 601 1654 1368 547 1655 1368 547 1656 1403 602 1657 1402 549 1658 1402 549 1659 1437 603 1660 1436 550 1661 1437 603 1662 1470 604 1663 1436 550 1664 1471 605 1665 1504 551 1666 1470 604 1667 1505 606 1668 1538 607 1669 1504 551 1670 1538 607 1671 1573 608 1672 1572 552 1673 1573 608 1674 1606 553 1675 1572 552 1676 1606 553 1677 1641 609 1678 1640 554 1679 1640 554 1680 1675 610 1681 1674 555 1682 1675 610 1683 1708 556 1684 1674 555 1685 1708 556 1686 1743 611 1687 1742 557 1688 1743 611 1689 1776 558 1690 1742 557 1691 1777 612 1692 1810 559 1693 1776 558 1694 1810 559 1695 1845 613 1696 1844 560 1697 1844 560 1698 1879 614 1699 1878 561 1700 1878 561 1701 1913 615 1702 1912 562 1703 1912 562 1704 1947 616 1705 1946 563 1706 1946 563 1707 1981 617 1708 1980 565 1709 1981 617 1710 2014 566 1711 1980 565 1712 2015 618 1713 2048 567 1714 2014 566 1715 2049 619 1716 2082 568 1717 2048 567 1718 2083 620 1719 2116 569 1720 2082 568 1721 2117 621 1722 2150 570 1723 2116 569 1724 2150 570 1725 9 622 1726 8 571 1727 9 622 1728 44 623 1729 43 572 1730 43 572 1731 78 624 1732 77 625 1733 78 624 1734 111 573 1735 77 625 1736 111 573 1737 146 626 1738 145 627 1739 145 627 1740 180 628 1741 179 574 1742 179 574 1743 214 629 1744 213 630 1745 213 630 1746 248 631 1747 247 575 1748 247 575 1749 282 632 1750 281 576 1751 281 576 1752 316 633 1753 315 577 1754 315 577 1755 350 634 1756 349 578 1757 349 578 1758 384 635 1759 383 636 1760 383 636 1761 418 637 1762 417 580 1763 417 580 1764 452 638 1765 451 581 1766 451 581 1767 486 639 1768 485 582 1769 485 582 1770 520 640 1771 519 641 1772 519 641 1773 554 642 1774 553 583 1775 553 583 1776 588 643 1777 587 584 1778 587 584 1779 622 644 1780 621 645 1781 621 645 1782 656 646 1783 655 585 1784 656 646 1785 689 586 1786 655 585 1787 689 586 1788 724 647 1789 723 587 1790 723 587 1791 758 648 1792 757 649 1793 757 649 1794 792 650 1795 791 588 1796 791 588 1797 826 651 1798 825 589 1799 825 589 1800 860 652 1801 859 591 1802 859 591 1803 894 653 1804 893 592 1805 893 592 1806 928 654 1807 927 655 1808 927 655 1809 962 656 1810 961 593 1811 961 593 1812 996 657 1813 995 594 1814 995 594 1815 1030 658 1816 1029 595 1817 1029 595 1818 1064 659 1819 1063 660 1820 1063 660 1821 1098 661 1822 1097 596 1823 1097 596 1824 1132 662 1825 1131 597 1826 1131 597 1827 1166 663 1828 1165 664 1829 1165 664 1830 1200 665 1831 1199 598 1832 1199 598 1833 1234 666 1834 1233 667 1835 1233 667 1836 1268 668 1837 1267 599 1838 1268 668 1839 1301 600 1840 1267 599 1841 1301 600 1842 1336 669 1843 1335 670 1844 1335 670 1845 1370 671 1846 1369 601 1847 1369 601 1848 1404 672 1849 1403 602 1850 1403 602 1851 1438 673 1852 1437 603 1853 1437 603 1854 1472 674 1855 1471 605 1856 1471 605 1857 1506 675 1858 1505 606 1859 1505 606 1860 1540 676 1861 1539 677 1862 1539 677 1863 1574 678 1864 1573 608 1865 1573 608 1866 1608 679 1867 1607 680 1868 1607 680 1869 1642 681 1870 1641 609 1871 1641 609 1872 1676 682 1873 1675 610 1874 1675 610 1875 1710 683 1876 1709 684 1877 1710 683 1878 1743 611 1879 1709 684 1880 1743 611 1881 1778 685 1882 1777 612 1883 1777 612 1884 1812 686 1885 1811 687 1886 1811 687 1887 1846 688 1888 1845 613 1889 1845 613 1890 1880 689 1891 1879 614 1892 1879 614 1893 1914 690 1894 1913 615 1895 1913 615 1896 1948 691 1897 1947 616 1898 1948 691 1899 1981 617 1900 1947 616 1901 1981 617 1902 2016 692 1903 2015 618 1904 2015 618 1905 2050 693 1906 2049 619 1907 2049 619 1908 2084 694 1909 2083 620 1910 2083 620 1911 2118 695 1912 2117 621 1913 2117 621 1914 2152 696 1915 2151 697 1916 2151 697 1917 10 698 1918 9 622 1919 10 698 1920 45 699 1921 44 623 1922 45 699 1923 78 624 1924 44 623 1925 78 624 1926 113 700 1927 112 701 1928 112 701 1929 147 702 1930 146 626 1931 147 702 1932 180 628 1933 146 626 1934 180 628 1935 215 703 1936 214 629 1937 214 629 1938 249 704 1939 248 631 1940 249 704 1941 282 632 1942 248 631 1943 283 705 1944 316 633 1945 282 632 1946 317 706 1947 350 634 1948 316 633 1949 351 707 1950 384 635 1951 350 634 1952 385 708 1953 418 637 1954 384 635 1955 419 709 1956 452 638 1957 418 637 1958 452 638 1959 487 710 1960 486 639 1961 487 710 1962 520 640 1963 486 639 1964 520 640 1965 555 711 1966 554 642 1967 554 642 1968 589 712 1969 588 643 1970 589 712 1971 622 644 1972 588 643 1973 622 644 1974 657 713 1975 656 646 1976 656 646 1977 691 714 1978 690 715 1979 691 714 1980 724 647 1981 690 715 1982 725 716 1983 758 648 1984 724 647 1985 758 648 1986 793 717 1987 792 650 1988 793 717 1989 826 651 1990 792 650 1991 827 718 1992 860 652 1993 826 651 1994 861 719 1995 894 653 1996 860 652 1997 894 653 1998 929 720 1999 928 654 2000 929 720 2001 962 656 2002 928 654 2003 962 656 2004 997 721 2005 996 657 2006 996 657 2007 1031 722 2008 1030 658 2009 1031 722 2010 1064 659 2011 1030 658 2012 1064 659 2013 1099 723 2014 1098 661 2015 1098 661 2016 1133 724 2017 1132 662 2018 1133 724 2019 1166 663 2020 1132 662 2021 1166 663 2022 1201 725 2023 1200 665 2024 1200 665 2025 1235 726 2026 1234 666 2027 1235 726 2028 1268 668 2029 1234 666 2030 1269 727 2031 1302 728 2032 1268 668 2033 1303 729 2034 1336 669 2035 1302 728 2036 1337 730 2037 1370 671 2038 1336 669 2039 1371 731 2040 1404 672 2041 1370 671 2042 1404 672 2043 1439 732 2044 1438 673 2045 1438 673 2046 1473 733 2047 1472 674 2048 1473 733 2049 1506 675 2050 1472 674 2051 1507 734 2052 1540 676 2053 1506 675 2054 1540 676 2055 1575 735 2056 1574 678 2057 1575 735 2058 1608 679 2059 1574 678 2060 1608 679 2061 1643 736 2062 1642 681 2063 1642 681 2064 1677 737 2065 1676 682 2066 1677 737 2067 1710 683 2068 1676 682 2069 1710 683 2070 1745 738 2071 1744 739 2072 1745 738 2073 1778 685 2074 1744 739 2075 1779 740 2076 1812 686 2077 1778 685 2078 1812 686 2079 1847 741 2080 1846 688 2081 1846 688 2082 1881 742 2083 1880 689 2084 1880 689 2085 1915 743 2086 1914 690 2087 1914 690 2088 1949 744 2089 1948 691 2090 1948 691 2091 1983 745 2092 1982 746 2093 1982 746 2094 2017 747 2095 2016 692 2096 2017 747 2097 2050 693 2098 2016 692 2099 2051 748 2100 2084 694 2101 2050 693 2102 2084 694 2103 2119 749 2104 2118 695 2105 2118 695 2106 2153 750 2107 2152 696 2108 2152 696 2109 11 751 2110 10 698 2111 11 751 2112 46 752 2113 45 699 2114 46 752 2115 79 753 2116 45 699 2117 79 753 2118 114 754 2119 113 700 2120 114 754 2121 147 702 2122 113 700 2123 148 755 2124 181 756 2125 147 702 2126 182 757 2127 215 703 2128 181 756 2129 215 703 2130 250 758 2131 249 704 2132 250 758 2133 283 705 2134 249 704 2135 284 759 2136 317 706 2137 283 705 2138 317 706 2139 352 760 2140 351 707 2141 352 760 2142 385 708 2143 351 707 2144 385 708 2145 420 761 2146 419 709 2147 419 709 2148 454 762 2149 453 763 2150 453 763 2151 488 764 2152 487 710 2153 488 764 2154 521 765 2155 487 710 2156 522 766 2157 555 711 2158 521 765 2159 555 711 2160 590 767 2161 589 712 2162 590 767 2163 623 768 2164 589 712 2165 623 768 2166 658 769 2167 657 713 2168 657 713 2169 692 770 2170 691 714 2171 692 770 2172 725 716 2173 691 714 2174 725 716 2175 760 771 2176 759 772 2177 759 772 2178 794 773 2179 793 717 2180 794 773 2181 827 718 2182 793 717 2183 827 718 2184 862 774 2185 861 719 2186 862 774 2187 895 775 2188 861 719 2189 896 776 2190 929 720 2191 895 775 2192 930 777 2193 963 778 2194 929 720 2195 964 779 2196 997 721 2197 963 778 2198 997 721 2199 1032 780 2200 1031 722 2201 1032 780 2202 1065 781 2203 1031 722 2204 1066 782 2205 1099 723 2206 1065 781 2207 1099 723 2208 1134 783 2209 1133 724 2210 1134 783 2211 1167 784 2212 1133 724 2213 1167 784 2214 1202 785 2215 1201 725 2216 1202 785 2217 1235 726 2218 1201 725 2219 1235 726 2220 1270 786 2221 1269 727 2222 1269 727 2223 1304 787 2224 1303 729 2225 1303 729 2226 1338 788 2227 1337 730 2228 1338 788 2229 1371 731 2230 1337 730 2231 1372 789 2232 1405 790 2233 1371 731 2234 1406 791 2235 1439 732 2236 1405 790 2237 1439 732 2238 1474 792 2239 1473 733 2240 1473 733 2241 1508 793 2242 1507 734 2243 1508 793 2244 1541 794 2245 1507 734 2246 1541 794 2247 1576 795 2248 1575 735 2249 1576 795 2250 1609 796 2251 1575 735 2252 1610 797 2253 1643 736 2254 1609 796 2255 1643 736 2256 1678 798 2257 1677 737 2258 1678 798 2259 1711 799 2260 1677 737 2261 1711 799 2262 1746 800 2263 1745 738 2264 1746 800 2265 1779 740 2266 1745 738 2267 1780 801 2268 1813 802 2269 1779 740 2270 1814 803 2271 1847 741 2272 1813 802 2273 1848 804 2274 1881 742 2275 1847 741 2276 1882 805 2277 1915 743 2278 1881 742 2279 1915 743 2280 1950 806 2281 1949 744 2282 1949 744 2283 1984 807 2284 1983 745 2285 1984 807 2286 2017 747 2287 1983 745 2288 2017 747 2289 2052 808 2290 2051 748 2291 2052 808 2292 2085 809 2293 2051 748 2294 2085 809 2295 2120 810 2296 2119 749 2297 2120 810 2298 2153 750 2299 2119 749 2300 2153 750 2301 12 811 2302 11 751 2303 12 811 2304 47 812 2305 46 752 2306 46 752 2307 81 813 2308 80 814 2309 81 813 2310 114 754 2311 80 814 2312 114 754 2313 149 815 2314 148 755 2315 148 755 2316 183 816 2317 182 757 2318 182 757 2319 217 817 2320 216 818 2321 217 817 2322 250 758 2323 216 818 2324 250 758 2325 285 819 2326 284 759 2327 284 759 2328 319 820 2329 318 821 2330 319 820 2331 352 760 2332 318 821 2333 352 760 2334 387 822 2335 386 823 2336 386 823 2337 421 824 2338 420 761 2339 420 761 2340 455 825 2341 454 762 2342 454 762 2343 489 826 2344 488 764 2345 488 764 2346 523 827 2347 522 766 2348 522 766 2349 557 828 2350 556 829 2351 556 829 2352 591 830 2353 590 767 2354 590 767 2355 625 831 2356 624 832 2357 625 831 2358 658 769 2359 624 832 2360 658 769 2361 693 833 2362 692 770 2363 693 833 2364 726 834 2365 692 770 2366 726 834 2367 761 835 2368 760 771 2369 761 835 2370 794 773 2371 760 771 2372 794 773 2373 829 836 2374 828 837 2375 829 836 2376 862 774 2377 828 837 2378 862 774 2379 897 838 2380 896 776 2381 896 776 2382 931 839 2383 930 777 2384 930 777 2385 965 840 2386 964 779 2387 964 779 2388 999 841 2389 998 842 2390 998 842 2391 1033 843 2392 1032 780 2393 1032 780 2394 1067 844 2395 1066 782 2396 1066 782 2397 1101 845 2398 1100 846 2399 1100 846 2400 1135 847 2401 1134 783 2402 1134 783 2403 1169 848 2404 1168 849 2405 1169 848 2406 1202 785 2407 1168 849 2408 1202 785 2409 1237 850 2410 1236 851 2411 1236 851 2412 1271 852 2413 1270 786 2414 1270 786 2415 1305 853 2416 1304 787 2417 1305 853 2418 1338 788 2419 1304 787 2420 1338 788 2421 1373 854 2422 1372 789 2423 1372 789 2424 1407 855 2425 1406 791 2426 1406 791 2427 1441 856 2428 1440 857 2429 1441 856 2430 1474 792 2431 1440 857 2432 1474 792 2433 1509 858 2434 1508 793 2435 1508 793 2436 1543 859 2437 1542 860 2438 1542 860 2439 1577 861 2440 1576 795 2441 1576 795 2442 1611 862 2443 1610 797 2444 1610 797 2445 1645 863 2446 1644 864 2447 1644 864 2448 1679 865 2449 1678 798 2450 1678 798 2451 1713 866 2452 1712 867 2453 1712 867 2454 1747 868 2455 1746 800 2456 1746 800 2457 1781 869 2458 1780 801 2459 1781 869 2460 1814 803 2461 1780 801 2462 1814 803 2463 1849 870 2464 1848 804 2465 1848 804 2466 1883 871 2467 1882 805 2468 1882 805 2469 1917 872 2470 1916 873 2471 1917 872 2472 1950 806 2473 1916 873 2474 1951 874 2475 1984 807 2476 1950 806 2477 1984 807 2478 2019 875 2479 2018 876 2480 2018 876 2481 2053 877 2482 2052 808 2483 2052 808 2484 2087 878 2485 2086 879 2486 2086 879 2487 2121 880 2488 2120 810 2489 2120 810 2490 2155 881 2491 2154 882 2492 2154 882 2493 13 883 2494 12 811 2495 13 883 2496 48 884 2497 47 812 2498 47 812 2499 82 885 2500 81 813 2501 81 813 2502 116 886 2503 115 887 2504 116 886 2505 149 815 2506 115 887 2507 150 888 2508 183 816 2509 149 815 2510 183 816 2511 218 889 2512 217 817 2513 217 817 2514 252 890 2515 251 891 2516 251 891 2517 286 892 2518 285 819 2519 286 892 2520 319 820 2521 285 819 2522 319 820 2523 354 893 2524 353 894 2525 353 894 2526 388 895 2527 387 822 2528 387 822 2529 422 896 2530 421 824 2531 422 896 2532 455 825 2533 421 824 2534 455 825 2535 490 897 2536 489 826 2537 489 826 2538 524 898 2539 523 827 2540 523 827 2541 558 899 2542 557 828 2543 557 828 2544 592 900 2545 591 830 2546 591 830 2547 626 901 2548 625 831 2549 625 831 2550 660 902 2551 659 903 2552 660 902 2553 693 833 2554 659 903 2555 693 833 2556 728 904 2557 727 905 2558 727 905 2559 762 906 2560 761 835 2561 761 835 2562 796 907 2563 795 908 2564 796 907 2565 829 836 2566 795 908 2567 829 836 2568 864 909 2569 863 910 2570 863 910 2571 898 911 2572 897 838 2573 897 838 2574 932 912 2575 931 839 2576 932 912 2577 965 840 2578 931 839 2579 965 840 2580 1000 913 2581 999 841 2582 999 841 2583 1034 914 2584 1033 843 2585 1034 914 2586 1067 844 2587 1033 843 2588 1067 844 2589 1102 915 2590 1101 845 2591 1101 845 2592 1136 916 2593 1135 847 2594 1135 847 2595 1170 917 2596 1169 848 2597 1169 848 2598 1204 918 2599 1203 919 2600 1204 918 2601 1237 850 2602 1203 919 2603 1237 850 2604 1272 920 2605 1271 852 2606 1271 852 2607 1306 921 2608 1305 853 2609 1305 853 2610 1340 922 2611 1339 923 2612 1340 922 2613 1373 854 2614 1339 923 2615 1374 924 2616 1407 855 2617 1373 854 2618 1407 855 2619 1442 925 2620 1441 856 2621 1441 856 2622 1476 926 2623 1475 927 2624 1475 927 2625 1510 928 2626 1509 858 2627 1510 928 2628 1543 859 2629 1509 858 2630 1544 929 2631 1577 861 2632 1543 859 2633 1578 930 2634 1611 862 2635 1577 861 2636 1611 862 2637 1646 931 2638 1645 863 2639 1645 863 2640 1680 932 2641 1679 865 2642 1679 865 2643 1714 933 2644 1713 866 2645 1713 866 2646 1748 934 2647 1747 868 2648 1747 868 2649 1782 935 2650 1781 869 2651 1781 869 2652 1816 936 2653 1815 937 2654 1815 937 2655 1850 938 2656 1849 870 2657 1849 870 2658 1884 939 2659 1883 871 2660 1883 871 2661 1918 940 2662 1917 872 2663 1917 872 2664 1952 941 2665 1951 874 2666 1951 874 2667 1986 942 2668 1985 943 2669 1986 942 2670 2019 875 2671 1985 943 2672 2020 944 2673 2053 877 2674 2019 875 2675 2054 945 2676 2087 878 2677 2053 877 2678 2087 878 2679 2122 946 2680 2121 880 2681 2121 880 2682 2156 947 2683 2155 881 2684 2155 881 2685 14 948 2686 13 883 2687 14 948 2688 49 949 2689 48 884 2690 48 884 2691 83 950 2692 82 885 2693 83 950 2694 116 886 2695 82 885 2696 116 886 2697 151 951 2698 150 888 2699 150 888 2700 185 952 2701 184 953 2702 185 952 2703 218 889 2704 184 953 2705 219 954 2706 252 890 2707 218 889 2708 252 890 2709 287 955 2710 286 892 2711 286 892 2712 321 956 2713 320 957 2714 320 957 2715 355 958 2716 354 893 2717 355 958 2718 388 895 2719 354 893 2720 389 959 2721 422 896 2722 388 895 2723 422 896 2724 457 960 2725 456 961 2726 457 960 2727 490 897 2728 456 961 2729 491 962 2730 524 898 2731 490 897 2732 524 898 2733 559 963 2734 558 899 2735 558 899 2736 593 964 2737 592 900 2738 592 900 2739 627 965 2740 626 901 2741 627 965 2742 660 902 2743 626 901 2744 660 902 2745 695 966 2746 694 967 2747 694 967 2748 729 968 2749 728 904 2750 729 968 2751 762 906 2752 728 904 2753 763 969 2754 796 907 2755 762 906 2756 797 970 2757 830 971 2758 796 907 2759 830 971 2760 865 972 2761 864 909 2762 865 972 2763 898 911 2764 864 909 2765 899 973 2766 932 912 2767 898 911 2768 932 912 2769 967 974 2770 966 975 2771 966 975 2772 1001 976 2773 1000 913 2774 1001 976 2775 1034 914 2776 1000 913 2777 1035 977 2778 1068 978 2779 1034 914 2780 1068 978 2781 1103 979 2782 1102 915 2783 1102 915 2784 1137 980 2785 1136 916 2786 1136 916 2787 1171 981 2788 1170 917 2789 1171 981 2790 1204 918 2791 1170 917 2792 1205 982 2793 1238 983 2794 1204 918 2795 1238 983 2796 1273 984 2797 1272 920 2798 1273 984 2799 1306 921 2800 1272 920 2801 1306 921 2802 1341 985 2803 1340 922 2804 1340 922 2805 1375 986 2806 1374 924 2807 1374 924 2808 1409 987 2809 1408 988 2810 1409 987 2811 1442 925 2812 1408 988 2813 1443 989 2814 1476 926 2815 1442 925 2816 1477 990 2817 1510 928 2818 1476 926 2819 1511 991 2820 1544 929 2821 1510 928 2822 1545 992 2823 1578 930 2824 1544 929 2825 1579 993 2826 1612 994 2827 1578 930 2828 1612 994 2829 1647 995 2830 1646 931 2831 1646 931 2832 1681 996 2833 1680 932 2834 1680 932 2835 1715 997 2836 1714 933 2837 1715 997 2838 1748 934 2839 1714 933 2840 1748 934 2841 1783 998 2842 1782 935 2843 1782 935 2844 1817 999 2845 1816 936 2846 1816 936 2847 1851 1000 2848 1850 938 2849 1851 1000 2850 1884 939 2851 1850 938 2852 1885 1001 2853 1918 940 2854 1884 939 2855 1918 940 2856 1953 1002 2857 1952 941 2858 1953 1002 2859 1986 942 2860 1952 941 2861 1987 1003 2862 2020 944 2863 1986 942 2864 2020 944 2865 2055 1004 2866 2054 945 2867 2055 1004 2868 2088 1005 2869 2054 945 2870 2089 1006 2871 2122 946 2872 2088 1005 2873 2122 946 2874 2157 1007 2875 2156 947 2876 2157 1007 2877 14 948 2878 2156 947 2879 15 1008 2880 50 1009 2881 49 949 2882 49 949 2883 84 1010 2884 83 950 2885 83 950 2886 118 1011 2887 117 1012 2888 117 1012 2889 152 1013 2890 151 951 2891 151 951 2892 186 1014 2893 185 952 2894 185 952 2895 220 1015 2896 219 954 2897 219 954 2898 254 1016 2899 253 1017 2900 253 1017 2901 288 1018 2902 287 955 2903 288 1018 2904 321 956 2905 287 955 2906 321 956 2907 356 1019 2908 355 958 2909 355 958 2910 390 1020 2911 389 959 2912 390 1020 2913 423 1021 2914 389 959 2915 423 1021 2916 458 1022 2917 457 960 2918 457 960 2919 492 1023 2920 491 962 2921 491 962 2922 526 1024 2923 525 1025 2924 525 1025 2925 560 1026 2926 559 963 2927 559 963 2928 594 1027 2929 593 964 2930 593 964 2931 628 1028 2932 627 965 2933 627 965 2934 662 1029 2935 661 1030 2936 661 1030 2937 696 1031 2938 695 966 2939 696 1031 2940 729 968 2941 695 966 2942 730 1032 2943 763 969 2944 729 968 2945 763 969 2946 798 1033 2947 797 970 2948 797 970 2949 832 1034 2950 831 1035 2951 832 1034 2952 865 972 2953 831 1035 2954 865 972 2955 900 1036 2956 899 973 2957 899 973 2958 934 1037 2959 933 1038 2960 934 1037 2961 967 974 2962 933 1038 2963 967 974 2964 1002 1039 2965 1001 976 2966 1001 976 2967 1036 1040 2968 1035 977 2969 1035 977 2970 1070 1041 2971 1069 1042 2972 1069 1042 2973 1104 1043 2974 1103 979 2975 1103 979 2976 1138 1044 2977 1137 980 2978 1137 980 2979 1172 1045 2980 1171 981 2981 1171 981 2982 1206 1046 2983 1205 982 2984 1205 982 2985 1240 1047 2986 1239 1048 2987 1239 1048 2988 1274 1049 2989 1273 984 2990 1273 984 2991 1308 1050 2992 1307 1051 2993 1307 1051 2994 1342 1052 2995 1341 985 2996 1341 985 2997 1376 1053 2998 1375 986 2999 1375 986 3000 1410 1054 3001 1409 987 3002 1409 987 3003 1444 1055 3004 1443 989 3005 1444 1055 3006 1477 990 3007 1443 989 3008 1478 1056 3009 1511 991 3010 1477 990 3011 1511 991 3012 1546 1057 3013 1545 992 3014 1545 992 3015 1580 1058 3016 1579 993 3017 1579 993 3018 1614 1059 3019 1613 1060 3020 1613 1060 3021 1648 1061 3022 1647 995 3023 1647 995 3024 1682 1062 3025 1681 996 3026 1681 996 3027 1716 1063 3028 1715 997 3029 1715 997 3030 1750 1064 3031 1749 1065 3032 1749 1065 3033 1784 1066 3034 1783 998 3035 1784 1066 3036 1817 999 3037 1783 998 3038 1818 1067 3039 1851 1000 3040 1817 999 3041 1852 1068 3042 1885 1001 3043 1851 1000 3044 1885 1001 3045 1920 1069 3046 1919 1070 3047 1919 1070 3048 1954 1071 3049 1953 1002 3050 1953 1002 3051 1988 1072 3052 1987 1003 3053 1988 1072 3054 2021 1073 3055 1987 1003 3056 2021 1073 3057 2056 1074 3058 2055 1004 3059 2055 1004 3060 2090 1075 3061 2089 1006 3062 2089 1006 3063 2124 1076 3064 2123 1077 3065 2123 1077 3066 2158 1078 3067 2157 1007 3068 2157 1007 3069 16 1079 3070 15 1008 3071 16 1079 3072 51 1080 3073 50 1009 3074 50 1009 3075 85 1081 3076 84 1010 3077 84 1010 3078 119 1082 3079 118 1011 3080 119 1082 3081 152 1013 3082 118 1011 3083 152 1013 3084 187 1083 3085 186 1014 3086 186 1014 3087 221 1084 3088 220 1015 3089 220 1015 3090 255 1085 3091 254 1016 3092 255 1085 3093 288 1018 3094 254 1016 3095 289 1086 3096 322 1087 3097 288 1018 3098 323 1088 3099 356 1019 3100 322 1087 3101 356 1019 3102 391 1089 3103 390 1020 3104 390 1020 3105 425 1090 3106 424 1091 3107 424 1091 3108 459 1092 3109 458 1022 3110 459 1092 3111 492 1023 3112 458 1022 3113 492 1023 3114 527 1093 3115 526 1024 3116 526 1024 3117 561 1094 3118 560 1026 3119 560 1026 3120 595 1095 3121 594 1027 3122 595 1095 3123 628 1028 3124 594 1027 3125 629 1096 3126 662 1029 3127 628 1028 3128 662 1029 3129 697 1097 3130 696 1031 3131 696 1031 3132 731 1098 3133 730 1032 3134 730 1032 3135 765 1099 3136 764 1100 3137 764 1100 3138 799 1101 3139 798 1033 3140 798 1033 3141 833 1102 3142 832 1034 3143 833 1102 3144 866 1103 3145 832 1034 3146 867 1104 3147 900 1036 3148 866 1103 3149 900 1036 3150 935 1105 3151 934 1037 3152 934 1037 3153 969 1106 3154 968 1107 3155 968 1107 3156 1003 1108 3157 1002 1039 3158 1003 1108 3159 1036 1040 3160 1002 1039 3161 1036 1040 3162 1071 1109 3163 1070 1041 3164 1070 1041 3165 1105 1110 3166 1104 1043 3167 1104 1043 3168 1139 1111 3169 1138 1044 3170 1138 1044 3171 1173 1112 3172 1172 1045 3173 1172 1045 3174 1207 1113 3175 1206 1046 3176 1207 1113 3177 1240 1047 3178 1206 1046 3179 1240 1047 3180 1275 1114 3181 1274 1049 3182 1274 1049 3183 1309 1115 3184 1308 1050 3185 1308 1050 3186 1343 1116 3187 1342 1052 3188 1343 1116 3189 1376 1053 3190 1342 1052 3191 1376 1053 3192 1411 1117 3193 1410 1054 3194 1410 1054 3195 1445 1118 3196 1444 1055 3197 1444 1055 3198 1479 1119 3199 1478 1056 3200 1478 1056 3201 1513 1120 3202 1512 1121 3203 1513 1120 3204 1546 1057 3205 1512 1121 3206 1547 1122 3207 1580 1058 3208 1546 1057 3209 1580 1058 3210 1615 1123 3211 1614 1059 3212 1614 1059 3213 1649 1124 3214 1648 1061 3215 1648 1061 3216 1683 1125 3217 1682 1062 3218 1683 1125 3219 1716 1063 3220 1682 1062 3221 1716 1063 3222 1751 1126 3223 1750 1064 3224 1751 1126 3225 1784 1066 3226 1750 1064 3227 1784 1066 3228 1819 1127 3229 1818 1067 3230 1819 1127 3231 1852 1068 3232 1818 1067 3233 1852 1068 3234 1887 1128 3235 1886 1129 3236 1887 1128 3237 1920 1069 3238 1886 1129 3239 1921 1130 3240 1954 1071 3241 1920 1069 3242 1954 1071 3243 1989 1131 3244 1988 1072 3245 1988 1072 3246 2023 1132 3247 2022 1133 3248 2022 1133 3249 2057 1134 3250 2056 1074 3251 2057 1134 3252 2090 1075 3253 2056 1074 3254 2090 1075 3255 2125 1135 3256 2124 1076 3257 2124 1076 3258 2159 1136 3259 2158 1078 3260 2158 1078 3261 17 1137 3262 16 1079 3263 17 1137 3264 52 1138 3265 51 1080 3266 51 1080 3267 86 1139 3268 85 1081 3269 85 1081 3270 120 1140 3271 119 1082 3272 119 1082 3273 154 1141 3274 153 1142 3275 154 1141 3276 187 1083 3277 153 1142 3278 187 1083 3279 222 1143 3280 221 1084 3281 221 1084 3282 256 1144 3283 255 1085 3284 255 1085 3285 290 1145 3286 289 1086 3287 289 1086 3288 324 1146 3289 323 1088 3290 323 1088 3291 358 1147 3292 357 1148 3293 357 1148 3294 392 1149 3295 391 1089 3296 391 1089 3297 426 1150 3298 425 1090 3299 425 1090 3300 460 1151 3301 459 1092 3302 459 1092 3303 494 1152 3304 493 1153 3305 493 1153 3306 528 1154 3307 527 1093 3308 527 1093 3309 562 1155 3310 561 1094 3311 561 1094 3312 596 1156 3313 595 1095 3314 595 1095 3315 630 1157 3316 629 1096 3317 629 1096 3318 664 1158 3319 663 1159 3320 663 1159 3321 698 1160 3322 697 1097 3323 697 1097 3324 732 1161 3325 731 1098 3326 731 1098 3327 766 1162 3328 765 1099 3329 766 1162 3330 799 1101 3331 765 1099 3332 799 1101 3333 834 1163 3334 833 1102 3335 833 1102 3336 868 1164 3337 867 1104 3338 867 1104 3339 902 1165 3340 901 1166 3341 901 1166 3342 936 1167 3343 935 1105 3344 935 1105 3345 970 1168 3346 969 1106 3347 969 1106 3348 1004 1169 3349 1003 1108 3350 1003 1108 3351 1038 1170 3352 1037 1171 3353 1037 1171 3354 1072 1172 3355 1071 1109 3356 1071 1109 3357 1106 1173 3358 1105 1110 3359 1105 1110 3360 1140 1174 3361 1139 1111 3362 1139 1111 3363 1174 1175 3364 1173 1112 3365 1173 1112 3366 1208 1176 3367 1207 1113 3368 1207 1113 3369 1242 1177 3370 1241 1178 3371 1241 1178 3372 1276 1179 3373 1275 1114 3374 1275 1114 3375 1310 1180 3376 1309 1115 3377 1309 1115 3378 1344 1181 3379 1343 1116 3380 1343 1116 3381 1378 1182 3382 1377 1183 3383 1377 1183 3384 1412 1184 3385 1411 1117 3386 1411 1117 3387 1446 1185 3388 1445 1118 3389 1445 1118 3390 1480 1186 3391 1479 1119 3392 1480 1186 3393 1513 1120 3394 1479 1119 3395 1513 1120 3396 1548 1187 3397 1547 1122 3398 1547 1122 3399 1582 1188 3400 1581 1189 3401 1581 1189 3402 1616 1190 3403 1615 1123 3404 1615 1123 3405 1650 1191 3406 1649 1124 3407 1649 1124 3408 1684 1192 3409 1683 1125 3410 1683 1125 3411 1718 1193 3412 1717 1194 3413 1717 1194 3414 1752 1195 3415 1751 1126 3416 1751 1126 3417 1786 1196 3418 1785 1197 3419 1785 1197 3420 1820 1198 3421 1819 1127 3422 1819 1127 3423 1854 1199 3424 1853 1200 3425 1853 1200 3426 1888 1201 3427 1887 1128 3428 1887 1128 3429 1922 1202 3430 1921 1130 3431 1921 1130 3432 1956 1203 3433 1955 1204 3434 1955 1204 3435 1990 1205 3436 1989 1131 3437 1989 1131 3438 2024 1206 3439 2023 1132 3440 2024 1206 3441 2057 1134 3442 2023 1132 3443 2057 1134 3444 2092 1207 3445 2091 1208 3446 2091 1208 3447 2126 1209 3448 2125 1135 3449 2125 1135 3450 2160 1210 3451 2159 1136 3452 2159 1136 3453 18 1211 3454 17 1137 3455 18 1211 3456 53 1212 3457 52 1138 3458 53 1212 3459 86 1139 3460 52 1138 3461 87 1213 3462 120 1140 3463 86 1139 3464 120 1140 3465 155 1214 3466 154 1141 3467 154 1141 3468 189 1215 3469 188 1216 3470 188 1216 3471 223 1217 3472 222 1143 3473 223 1217 3474 256 1144 3475 222 1143 3476 256 1144 3477 291 1218 3478 290 1145 3479 291 1218 3480 324 1146 3481 290 1145 3482 325 1219 3483 358 1147 3484 324 1146 3485 358 1147 3486 393 1220 3487 392 1149 3488 392 1149 3489 427 1221 3490 426 1150 3491 426 1150 3492 461 1222 3493 460 1151 3494 460 1151 3495 495 1223 3496 494 1152 3497 494 1152 3498 529 1224 3499 528 1154 3500 529 1224 3501 562 1155 3502 528 1154 3503 562 1155 3504 597 1225 3505 596 1156 3506 596 1156 3507 631 1226 3508 630 1157 3509 630 1157 3510 665 1227 3511 664 1158 3512 664 1158 3513 699 1228 3514 698 1160 3515 698 1160 3516 733 1229 3517 732 1161 3518 732 1161 3519 767 1230 3520 766 1162 3521 767 1230 3522 800 1231 3523 766 1162 3524 800 1231 3525 835 1232 3526 834 1163 3527 835 1232 3528 868 1164 3529 834 1163 3530 869 1233 3531 902 1165 3532 868 1164 3533 902 1165 3534 937 1234 3535 936 1167 3536 936 1167 3537 971 1235 3538 970 1168 3539 970 1168 3540 1005 1236 3541 1004 1169 3542 1004 1169 3543 1039 1237 3544 1038 1170 3545 1038 1170 3546 1073 1238 3547 1072 1172 3548 1073 1238 3549 1106 1173 3550 1072 1172 3551 1106 1173 3552 1141 1239 3553 1140 1174 3554 1141 1239 3555 1174 1175 3556 1140 1174 3557 1174 1175 3558 1209 1240 3559 1208 1176 3560 1208 1176 3561 1243 1241 3562 1242 1177 3563 1242 1177 3564 1277 1242 3565 1276 1179 3566 1276 1179 3567 1311 1243 3568 1310 1180 3569 1311 1243 3570 1344 1181 3571 1310 1180 3572 1344 1181 3573 1379 1244 3574 1378 1182 3575 1379 1244 3576 1412 1184 3577 1378 1182 3578 1413 1245 3579 1446 1185 3580 1412 1184 3581 1446 1185 3582 1481 1246 3583 1480 1186 3584 1480 1186 3585 1515 1247 3586 1514 1248 3587 1514 1248 3588 1549 1249 3589 1548 1187 3590 1548 1187 3591 1583 1250 3592 1582 1188 3593 1582 1188 3594 1617 1251 3595 1616 1190 3596 1617 1251 3597 1650 1191 3598 1616 1190 3599 1651 1252 3600 1684 1192 3601 1650 1191 3602 1685 1253 3603 1718 1193 3604 1684 1192 3605 1718 1193 3606 1753 1254 3607 1752 1195 3608 1752 1195 3609 1787 1255 3610 1786 1196 3611 1786 1196 3612 1821 1256 3613 1820 1198 3614 1821 1256 3615 1854 1199 3616 1820 1198 3617 1854 1199 3618 1889 1257 3619 1888 1201 3620 1888 1201 3621 1923 1258 3622 1922 1202 3623 1922 1202 3624 1957 1259 3625 1956 1203 3626 1957 1259 3627 1990 1205 3628 1956 1203 3629 1990 1205 3630 2025 1260 3631 2024 1206 3632 2025 1260 3633 2058 1261 3634 2024 1206 3635 2058 1261 3636 2093 1262 3637 2092 1207 3638 2092 1207 3639 2127 1263 3640 2126 1209 3641 2127 1263 3642 2160 1210 3643 2126 1209 3644 2160 1210 3645 19 1264 3646 18 1211 3647 19 1264 3648 54 1265 3649 53 1212 3650 53 1212 3651 88 1266 3652 87 1213 3653 87 1213 3654 122 1267 3655 121 1268 3656 121 1268 3657 156 1269 3658 155 1214 3659 155 1214 3660 190 1270 3661 189 1215 3662 189 1215 3663 224 1271 3664 223 1217 3665 223 1217 3666 258 1272 3667 257 1273 3668 257 1273 3669 292 1274 3670 291 1218 3671 291 1218 3672 326 1275 3673 325 1219 3674 325 1219 3675 360 1276 3676 359 1277 3677 359 1277 3678 394 1278 3679 393 1220 3680 393 1220 3681 428 1279 3682 427 1221 3683 427 1221 3684 462 1280 3685 461 1222 3686 461 1222 3687 496 1281 3688 495 1223 3689 495 1223 3690 530 1282 3691 529 1224 3692 529 1224 3693 564 1283 3694 563 1284 3695 563 1284 3696 598 1285 3697 597 1225 3698 597 1225 3699 632 1286 3700 631 1226 3701 631 1226 3702 666 1287 3703 665 1227 3704 665 1227 3705 700 1288 3706 699 1228 3707 699 1228 3708 734 1289 3709 733 1229 3710 733 1229 3711 768 1290 3712 767 1230 3713 767 1230 3714 802 1291 3715 801 1292 3716 802 1291 3717 835 1232 3718 801 1292 3719 835 1232 3720 870 1293 3721 869 1233 3722 869 1233 3723 904 1294 3724 903 1295 3725 903 1295 3726 938 1296 3727 937 1234 3728 937 1234 3729 972 1297 3730 971 1235 3731 972 1297 3732 1005 1236 3733 971 1235 3734 1005 1236 3735 1040 1298 3736 1039 1237 3737 1039 1237 3738 1074 1299 3739 1073 1238 3740 1073 1238 3741 1108 1300 3742 1107 1301 3743 1107 1301 3744 1142 1302 3745 1141 1239 3746 1141 1239 3747 1176 1303 3748 1175 1304 3749 1175 1304 3750 1210 1305 3751 1209 1240 3752 1209 1240 3753 1244 1306 3754 1243 1241 3755 1243 1241 3756 1278 1307 3757 1277 1242 3758 1277 1242 3759 1312 1308 3760 1311 1243 3761 1311 1243 3762 1346 1309 3763 1345 1310 3764 1345 1310 3765 1380 1311 3766 1379 1244 3767 1380 1311 3768 1413 1245 3769 1379 1244 3770 1413 1245 3771 1448 1312 3772 1447 1313 3773 1447 1313 3774 1482 1314 3775 1481 1246 3776 1481 1246 3777 1516 1315 3778 1515 1247 3779 1515 1247 3780 1550 1316 3781 1549 1249 3782 1549 1249 3783 1584 1317 3784 1583 1250 3785 1583 1250 3786 1618 1318 3787 1617 1251 3788 1617 1251 3789 1652 1319 3790 1651 1252 3791 1651 1252 3792 1686 1320 3793 1685 1253 3794 1685 1253 3795 1720 1321 3796 1719 1322 3797 1719 1322 3798 1754 1323 3799 1753 1254 3800 1753 1254 3801 1788 1324 3802 1787 1255 3803 1787 1255 3804 1822 1325 3805 1821 1256 3806 1821 1256 3807 1856 1326 3808 1855 1327 3809 1855 1327 3810 1890 1328 3811 1889 1257 3812 1889 1257 3813 1924 1329 3814 1923 1258 3815 1924 1329 3816 1957 1259 3817 1923 1258 3818 1957 1259 3819 1992 1330 3820 1991 1331 3821 1991 1331 3822 2026 1332 3823 2025 1260 3824 2025 1260 3825 2060 1333 3826 2059 1334 3827 2059 1334 3828 2094 1335 3829 2093 1262 3830 2093 1262 3831 2128 1336 3832 2127 1263 3833 2127 1263 3834 2162 1337 3835 2161 1338 3836 2161 1338 3837 20 1339 3838 19 1264 3839 20 1339 3840 55 1340 3841 54 1265 3842 54 1265 3843 89 1341 3844 88 1266 3845 89 1341 3846 122 1267 3847 88 1266 3848 122 1267 3849 157 1342 3850 156 1269 3851 157 1342 3852 190 1270 3853 156 1269 3854 190 1270 3855 225 1343 3856 224 1271 3857 224 1271 3858 259 1344 3859 258 1272 3860 258 1272 3861 293 1345 3862 292 1274 3863 292 1274 3864 327 1346 3865 326 1275 3866 326 1275 3867 361 1347 3868 360 1276 3869 360 1276 3870 395 1348 3871 394 1278 3872 395 1348 3873 428 1279 3874 394 1278 3875 429 1349 3876 462 1280 3877 428 1279 3878 462 1280 3879 497 1350 3880 496 1281 3881 496 1281 3882 531 1351 3883 530 1282 3884 530 1282 3885 565 1352 3886 564 1283 3887 564 1283 3888 599 1353 3889 598 1285 3890 598 1285 3891 633 1354 3892 632 1286 3893 632 1286 3894 667 1355 3895 666 1287 3896 667 1355 3897 700 1288 3898 666 1287 3899 701 1356 3900 734 1289 3901 700 1288 3902 735 1357 3903 768 1290 3904 734 1289 3905 768 1290 3906 803 1358 3907 802 1291 3908 802 1291 3909 837 1359 3910 836 1360 3911 836 1360 3912 871 1361 3913 870 1293 3914 870 1293 3915 905 1362 3916 904 1294 3917 905 1362 3918 938 1296 3919 904 1294 3920 939 1363 3921 972 1297 3922 938 1296 3923 973 1364 3924 1006 1365 3925 972 1297 3926 1006 1365 3927 1041 1366 3928 1040 1298 3929 1040 1298 3930 1075 1367 3931 1074 1299 3932 1074 1299 3933 1109 1368 3934 1108 1300 3935 1108 1300 3936 1143 1369 3937 1142 1302 3938 1142 1302 3939 1177 1370 3940 1176 1303 3941 1176 1303 3942 1211 1371 3943 1210 1305 3944 1210 1305 3945 1245 1372 3946 1244 1306 3947 1245 1372 3948 1278 1307 3949 1244 1306 3950 1279 1373 3951 1312 1308 3952 1278 1307 3953 1312 1308 3954 1347 1374 3955 1346 1309 3956 1346 1309 3957 1381 1375 3958 1380 1311 3959 1380 1311 3960 1415 1376 3961 1414 1377 3962 1414 1377 3963 1449 1378 3964 1448 1312 3965 1448 1312 3966 1483 1379 3967 1482 1314 3968 1483 1379 3969 1516 1315 3970 1482 1314 3971 1516 1315 3972 1551 1380 3973 1550 1316 3974 1551 1380 3975 1584 1317 3976 1550 1316 3977 1584 1317 3978 1619 1381 3979 1618 1318 3980 1618 1318 3981 1653 1382 3982 1652 1319 3983 1652 1319 3984 1687 1383 3985 1686 1320 3986 1686 1320 3987 1721 1384 3988 1720 1321 3989 1720 1321 3990 1755 1385 3991 1754 1323 3992 1754 1323 3993 1789 1386 3994 1788 1324 3995 1789 1386 3996 1822 1325 3997 1788 1324 3998 1823 1387 3999 1856 1326 4000 1822 1325 4001 1856 1326 4002 1891 1388 4003 1890 1328 4004 1890 1328 4005 1925 1389 4006 1924 1329 4007 1924 1329 4008 1959 1390 4009 1958 1391 4010 1959 1390 4011 1992 1330 4012 1958 1391 4013 1992 1330 4014 2027 1392 4015 2026 1332 4016 2027 1392 4017 2060 1333 4018 2026 1332 4019 2061 1393 4020 2094 1335 4021 2060 1333 4022 2094 1335 4023 2129 1394 4024 2128 1336 4025 2128 1336 4026 2163 1395 4027 2162 1337 4028 2162 1337 4029 21 1396 4030 20 1339 4031 22 1397 4032 55 1340 4033 21 1396 4034 56 1398 4035 89 1341 4036 55 1340 4037 90 1399 4038 123 1400 4039 89 1341 4040 124 1401 4041 157 1342 4042 123 1400 4043 158 1402 4044 191 1403 4045 157 1342 4046 192 1404 4047 225 1343 4048 191 1403 4049 226 1405 4050 259 1344 4051 225 1343 4052 260 1406 4053 293 1345 4054 259 1344 4055 294 1407 4056 327 1346 4057 293 1345 4058 328 1408 4059 361 1347 4060 327 1346 4061 362 1409 4062 395 1348 4063 361 1347 4064 396 1410 4065 429 1349 4066 395 1348 4067 430 1411 4068 463 1412 4069 429 1349 4070 464 1413 4071 497 1350 4072 463 1412 4073 498 1414 4074 531 1351 4075 497 1350 4076 532 1415 4077 565 1352 4078 531 1351 4079 566 1416 4080 599 1353 4081 565 1352 4082 600 1417 4083 633 1354 4084 599 1353 4085 634 1418 4086 667 1355 4087 633 1354 4088 668 1419 4089 701 1356 4090 667 1355 4091 702 1420 4092 735 1357 4093 701 1356 4094 736 1421 4095 769 1422 4096 735 1357 4097 770 1423 4098 803 1358 4099 769 1422 4100 804 1424 4101 837 1359 4102 803 1358 4103 838 1425 4104 871 1361 4105 837 1359 4106 872 1426 4107 905 1362 4108 871 1361 4109 906 1427 4110 939 1363 4111 905 1362 4112 940 1428 4113 973 1364 4114 939 1363 4115 974 1429 4116 1007 1430 4117 973 1364 4118 1008 1431 4119 1041 1366 4120 1007 1430 4121 1042 1432 4122 1075 1367 4123 1041 1366 4124 1076 1433 4125 1109 1368 4126 1075 1367 4127 1110 1434 4128 1143 1369 4129 1109 1368 4130 1144 1435 4131 1177 1370 4132 1143 1369 4133 1178 1436 4134 1211 1371 4135 1177 1370 4136 1212 1437 4137 1245 1372 4138 1211 1371 4139 1246 1438 4140 1279 1373 4141 1245 1372 4142 1280 1439 4143 1313 1440 4144 1279 1373 4145 1314 1441 4146 1347 1374 4147 1313 1440 4148 1348 1442 4149 1381 1375 4150 1347 1374 4151 1382 1443 4152 1415 1376 4153 1381 1375 4154 1416 1444 4155 1449 1378 4156 1415 1376 4157 1450 1445 4158 1483 1379 4159 1449 1378 4160 1484 1446 4161 1517 1447 4162 1483 1379 4163 1518 1448 4164 1551 1380 4165 1517 1447 4166 1552 1449 4167 1585 1450 4168 1551 1380 4169 1586 1451 4170 1619 1381 4171 1585 1450 4172 1620 1452 4173 1653 1382 4174 1619 1381 4175 1654 1453 4176 1687 1383 4177 1653 1382 4178 1688 1454 4179 1721 1384 4180 1687 1383 4181 1722 1455 4182 1755 1385 4183 1721 1384 4184 1756 1456 4185 1789 1386 4186 1755 1385 4187 1790 1457 4188 1823 1387 4189 1789 1386 4190 1824 1458 4191 1857 1459 4192 1823 1387 4193 1858 1460 4194 1891 1388 4195 1857 1459 4196 1892 1461 4197 1925 1389 4198 1891 1388 4199 1926 1462 4200 1959 1390 4201 1925 1389 4202 1960 1463 4203 1993 1464 4204 1959 1390 4205 1994 1465 4206 2027 1392 4207 1993 1464 4208 2028 1466 4209 2061 1393 4210 2027 1392 4211 2062 1467 4212 2095 1468 4213 2061 1393 4214 2096 1469 4215 2129 1394 4216 2095 1468 4217 2130 1470 4218 2163 1395 4219 2129 1394 4220 2163 1395 4221 22 1397 4222 21 1396 4223 22 1397 4224 57 1471 4225 56 1398 4226 57 1471 4227 90 1399 4228 56 1398 4229 91 1472 4230 124 1401 4231 90 1399 4232 124 1401 4233 159 1473 4234 158 1402 4235 158 1402 4236 193 1474 4237 192 1404 4238 192 1404 4239 227 1475 4240 226 1405 4241 226 1405 4242 261 1476 4243 260 1406 4244 260 1406 4245 295 1477 4246 294 1407 4247 294 1407 4248 329 1478 4249 328 1408 4250 328 1408 4251 363 1479 4252 362 1409 4253 362 1409 4254 397 1480 4255 396 1410 4256 397 1480 4257 430 1411 4258 396 1410 4259 431 1481 4260 464 1413 4261 430 1411 4262 465 1482 4263 498 1414 4264 464 1413 4265 498 1414 4266 533 1483 4267 532 1415 4268 532 1415 4269 567 1484 4270 566 1416 4271 566 1416 4272 601 1485 4273 600 1417 4274 601 1485 4275 634 1418 4276 600 1417 4277 635 1486 4278 668 1419 4279 634 1418 4280 669 1487 4281 702 1420 4282 668 1419 4283 703 1488 4284 736 1421 4285 702 1420 4286 736 1421 4287 771 1489 4288 770 1423 4289 771 1489 4290 804 1424 4291 770 1423 4292 804 1424 4293 839 1490 4294 838 1425 4295 838 1425 4296 873 1491 4297 872 1426 4298 872 1426 4299 907 1492 4300 906 1427 4301 906 1427 4302 941 1493 4303 940 1428 4304 940 1428 4305 975 1494 4306 974 1429 4307 974 1429 4308 1009 1495 4309 1008 1431 4310 1009 1495 4311 1042 1432 4312 1008 1431 4313 1042 1432 4314 1077 1496 4315 1076 1433 4316 1076 1433 4317 1111 1497 4318 1110 1434 4319 1110 1434 4320 1145 1498 4321 1144 1435 4322 1145 1498 4323 1178 1436 4324 1144 1435 4325 1179 1499 4326 1212 1437 4327 1178 1436 4328 1212 1437 4329 1247 1500 4330 1246 1438 4331 1246 1438 4332 1281 1501 4333 1280 1439 4334 1280 1439 4335 1315 1502 4336 1314 1441 4337 1314 1441 4338 1349 1503 4339 1348 1442 4340 1348 1442 4341 1383 1504 4342 1382 1443 4343 1382 1443 4344 1417 1505 4345 1416 1444 4346 1416 1444 4347 1451 1506 4348 1450 1445 4349 1451 1506 4350 1484 1446 4351 1450 1445 4352 1485 1507 4353 1518 1448 4354 1484 1446 4355 1519 1508 4356 1552 1449 4357 1518 1448 4358 1553 1509 4359 1586 1451 4360 1552 1449 4361 1586 1451 4362 1621 1510 4363 1620 1452 4364 1620 1452 4365 1655 1511 4366 1654 1453 4367 1654 1453 4368 1689 1512 4369 1688 1454 4370 1689 1512 4371 1722 1455 4372 1688 1454 4373 1723 1513 4374 1756 1456 4375 1722 1455 4376 1757 1514 4377 1790 1457 4378 1756 1456 4379 1791 1515 4380 1824 1458 4381 1790 1457 4382 1824 1458 4383 1859 1516 4384 1858 1460 4385 1858 1460 4386 1893 1517 4387 1892 1461 4388 1892 1461 4389 1927 1518 4390 1926 1462 4391 1926 1462 4392 1961 1519 4393 1960 1463 4394 1960 1463 4395 1995 1520 4396 1994 1465 4397 1994 1465 4398 2029 1521 4399 2028 1466 4400 2029 1521 4401 2062 1467 4402 2028 1466 4403 2062 1467 4404 2097 1522 4405 2096 1469 4406 2097 1522 4407 2130 1470 4408 2096 1469 4409 2130 1470 4410 2165 1523 4411 2164 1524 4412 2164 1524 4413 23 1525 4414 22 1397 4415 23 1525 4416 58 1526 4417 57 1471 4418 57 1471 4419 92 1527 4420 91 1472 4421 91 1472 4422 126 1528 4423 125 1529 4424 126 1528 4425 159 1473 4426 125 1529 4427 160 1530 4428 193 1474 4429 159 1473 4430 193 1474 4431 228 1531 4432 227 1475 4433 227 1475 4434 262 1532 4435 261 1476 4436 261 1476 4437 296 1533 4438 295 1477 4439 295 1477 4440 330 1534 4441 329 1478 4442 329 1478 4443 364 1535 4444 363 1479 4445 364 1535 4446 397 1480 4447 363 1479 4448 397 1480 4449 432 1536 4450 431 1481 4451 431 1481 4452 466 1537 4453 465 1482 4454 465 1482 4455 500 1538 4456 499 1539 4457 500 1538 4458 533 1483 4459 499 1539 4460 533 1483 4461 568 1540 4462 567 1484 4463 567 1484 4464 602 1541 4465 601 1485 4466 601 1485 4467 636 1542 4468 635 1486 4469 635 1486 4470 670 1543 4471 669 1487 4472 669 1487 4473 704 1544 4474 703 1488 4475 703 1488 4476 738 1545 4477 737 1546 4478 737 1546 4479 772 1547 4480 771 1489 4481 771 1489 4482 806 1548 4483 805 1549 4484 806 1548 4485 839 1490 4486 805 1549 4487 839 1490 4488 874 1550 4489 873 1491 4490 873 1491 4491 908 1551 4492 907 1492 4493 908 1551 4494 941 1493 4495 907 1492 4496 942 1552 4497 975 1494 4498 941 1493 4499 975 1494 4500 1010 1553 4501 1009 1495 4502 1009 1495 4503 1044 1554 4504 1043 1555 4505 1044 1554 4506 1077 1496 4507 1043 1555 4508 1077 1496 4509 1112 1556 4510 1111 1497 4511 1111 1497 4512 1146 1557 4513 1145 1498 4514 1145 1498 4515 1180 1558 4516 1179 1499 4517 1179 1499 4518 1214 1559 4519 1213 1560 4520 1213 1560 4521 1248 1561 4522 1247 1500 4523 1247 1500 4524 1282 1562 4525 1281 1501 4526 1281 1501 4527 1316 1563 4528 1315 1502 4529 1315 1502 4530 1350 1564 4531 1349 1503 4532 1349 1503 4533 1384 1565 4534 1383 1504 4535 1383 1504 4536 1418 1566 4537 1417 1505 4538 1417 1505 4539 1452 1567 4540 1451 1506 4541 1451 1506 4542 1486 1568 4543 1485 1507 4544 1485 1507 4545 1520 1569 4546 1519 1508 4547 1520 1569 4548 1553 1509 4549 1519 1508 4550 1553 1509 4551 1588 1570 4552 1587 1571 4553 1587 1571 4554 1622 1572 4555 1621 1510 4556 1621 1510 4557 1656 1573 4558 1655 1511 4559 1655 1511 4560 1690 1574 4561 1689 1512 4562 1689 1512 4563 1724 1575 4564 1723 1513 4565 1723 1513 4566 1758 1576 4567 1757 1514 4568 1758 1576 4569 1791 1515 4570 1757 1514 4571 1791 1515 4572 1826 1577 4573 1825 1578 4574 1825 1578 4575 1860 1579 4576 1859 1516 4577 1859 1516 4578 1894 1580 4579 1893 1517 4580 1893 1517 4581 1928 1581 4582 1927 1518 4583 1927 1518 4584 1962 1582 4585 1961 1519 4586 1961 1519 4587 1996 1583 4588 1995 1520 4589 1996 1583 4590 2029 1521 4591 1995 1520 4592 2029 1521 4593 2064 1584 4594 2063 1585 4595 2063 1585 4596 2098 1586 4597 2097 1522 4598 2097 1522 4599 2132 1587 4600 2131 1588 4601 2131 1588 4602 2166 1589 4603 2165 1523 4604 2166 1589 4605 23 1525 4606 2165 1523 4607 24 1590 4608 59 1591 4609 58 1526 4610 58 1526 4611 93 1592 4612 92 1527 4613 92 1527 4614 127 1593 4615 126 1528 4616 126 1528 4617 161 1594 4618 160 1530 4619 160 1530 4620 195 1595 4621 194 1596 4622 194 1596 4623 229 1597 4624 228 1531 4625 228 1531 4626 263 1598 4627 262 1532 4628 262 1532 4629 297 1599 4630 296 1533 4631 296 1533 4632 331 1600 4633 330 1534 4634 330 1534 4635 365 1601 4636 364 1535 4637 364 1535 4638 399 1602 4639 398 1603 4640 398 1603 4641 433 1604 4642 432 1536 4643 432 1536 4644 467 1605 4645 466 1537 4646 466 1537 4647 501 1606 4648 500 1538 4649 501 1606 4650 534 1607 4651 500 1538 4652 534 1607 4653 569 1608 4654 568 1540 4655 568 1540 4656 603 1609 4657 602 1541 4658 602 1541 4659 637 1610 4660 636 1542 4661 637 1610 4662 670 1543 4663 636 1542 4664 670 1543 4665 705 1611 4666 704 1544 4667 704 1544 4668 739 1612 4669 738 1545 4670 738 1545 4671 773 1613 4672 772 1547 4673 772 1547 4674 807 1614 4675 806 1548 4676 806 1548 4677 841 1615 4678 840 1616 4679 840 1616 4680 875 1617 4681 874 1550 4682 874 1550 4683 909 1618 4684 908 1551 4685 908 1551 4686 943 1619 4687 942 1552 4688 942 1552 4689 977 1620 4690 976 1621 4691 976 1621 4692 1011 1622 4693 1010 1553 4694 1010 1553 4695 1045 1623 4696 1044 1554 4697 1045 1623 4698 1078 1624 4699 1044 1554 4700 1078 1624 4701 1113 1625 4702 1112 1556 4703 1112 1556 4704 1147 1626 4705 1146 1557 4706 1146 1557 4707 1181 1627 4708 1180 1558 4709 1180 1558 4710 1215 1628 4711 1214 1559 4712 1214 1559 4713 1249 1629 4714 1248 1561 4715 1248 1561 4716 1283 1630 4717 1282 1562 4718 1282 1562 4719 1317 1631 4720 1316 1563 4721 1316 1563 4722 1351 1632 4723 1350 1564 4724 1350 1564 4725 1385 1633 4726 1384 1565 4727 1384 1565 4728 1419 1634 4729 1418 1566 4730 1418 1566 4731 1453 1635 4732 1452 1567 4733 1452 1567 4734 1487 1636 4735 1486 1568 4736 1486 1568 4737 1521 1637 4738 1520 1569 4739 1521 1637 4740 1554 1638 4741 1520 1569 4742 1554 1638 4743 1589 1639 4744 1588 1570 4745 1588 1570 4746 1623 1640 4747 1622 1572 4748 1622 1572 4749 1657 1641 4750 1656 1573 4751 1656 1573 4752 1691 1642 4753 1690 1574 4754 1690 1574 4755 1725 1643 4756 1724 1575 4757 1724 1575 4758 1759 1644 4759 1758 1576 4760 1758 1576 4761 1793 1645 4762 1792 1646 4763 1792 1646 4764 1827 1647 4765 1826 1577 4766 1826 1577 4767 1861 1648 4768 1860 1579 4769 1860 1579 4770 1895 1649 4771 1894 1580 4772 1894 1580 4773 1929 1650 4774 1928 1581 4775 1928 1581 4776 1963 1651 4777 1962 1582 4778 1962 1582 4779 1997 1652 4780 1996 1583 4781 1996 1583 4782 2031 1653 4783 2030 1654 4784 2030 1654 4785 2065 1655 4786 2064 1584 4787 2064 1584 4788 2099 1656 4789 2098 1586 4790 2098 1586 4791 2133 1657 4792 2132 1587 4793 2132 1587 4794 2167 1658 4795 2166 1589 4796 2166 1589 4797 25 1659 4798 24 1590 4799 25 1659 4800 60 1660 4801 59 1591 4802 59 1591 4803 94 1661 4804 93 1592 4805 93 1592 4806 128 1662 4807 127 1593 4808 127 1593 4809 162 1663 4810 161 1594 4811 161 1594 4812 196 1664 4813 195 1595 4814 195 1595 4815 230 1665 4816 229 1597 4817 229 1597 4818 264 1666 4819 263 1598 4820 263 1598 4821 298 1667 4822 297 1599 4823 297 1599 4824 332 1668 4825 331 1600 4826 331 1600 4827 366 1669 4828 365 1601 4829 365 1601 4830 400 1670 4831 399 1602 4832 399 1602 4833 434 1671 4834 433 1604 4835 433 1604 4836 468 1672 4837 467 1605 4838 467 1605 4839 502 1673 4840 501 1606 4841 501 1606 4842 536 1674 4843 535 1675 4844 535 1675 4845 570 1676 4846 569 1608 4847 569 1608 4848 604 1677 4849 603 1609 4850 604 1677 4851 637 1610 4852 603 1609 4853 637 1610 4854 672 1678 4855 671 1679 4856 671 1679 4857 706 1680 4858 705 1611 4859 705 1611 4860 740 1681 4861 739 1612 4862 739 1612 4863 774 1682 4864 773 1613 4865 773 1613 4866 808 1683 4867 807 1614 4868 807 1614 4869 842 1684 4870 841 1615 4871 841 1615 4872 876 1685 4873 875 1617 4874 875 1617 4875 910 1686 4876 909 1618 4877 909 1618 4878 944 1687 4879 943 1619 4880 943 1619 4881 978 1688 4882 977 1620 4883 977 1620 4884 1012 1689 4885 1011 1622 4886 1011 1622 4887 1046 1690 4888 1045 1623 4889 1045 1623 4890 1080 1691 4891 1079 1692 4892 1079 1692 4893 1114 1693 4894 1113 1625 4895 1113 1625 4896 1148 1694 4897 1147 1626 4898 1147 1626 4899 1182 1695 4900 1181 1627 4901 1181 1627 4902 1216 1696 4903 1215 1628 4904 1215 1628 4905 1250 1697 4906 1249 1629 4907 1249 1629 4908 1284 1698 4909 1283 1630 4910 1283 1630 4911 1318 1699 4912 1317 1631 4913 1317 1631 4914 1352 1700 4915 1351 1632 4916 1351 1632 4917 1386 1701 4918 1385 1633 4919 1385 1633 4920 1420 1702 4921 1419 1634 4922 1419 1634 4923 1454 1703 4924 1453 1635 4925 1453 1635 4926 1488 1704 4927 1487 1636 4928 1487 1636 4929 1522 1705 4930 1521 1637 4931 1522 1705 4932 1555 1706 4933 1521 1637 4934 1555 1706 4935 1590 1707 4936 1589 1639 4937 1589 1639 4938 1624 1708 4939 1623 1640 4940 1623 1640 4941 1658 1709 4942 1657 1641 4943 1657 1641 4944 1692 1710 4945 1691 1642 4946 1692 1710 4947 1725 1643 4948 1691 1642 4949 1725 1643 4950 1760 1711 4951 1759 1644 4952 1759 1644 4953 1794 1712 4954 1793 1645 4955 1793 1645 4956 1828 1713 4957 1827 1647 4958 1827 1647 4959 1862 1714 4960 1861 1648 4961 1861 1648 4962 1896 1715 4963 1895 1649 4964 1895 1649 4965 1930 1716 4966 1929 1650 4967 1929 1650 4968 1964 1717 4969 1963 1651 4970 1963 1651 4971 1998 1718 4972 1997 1652 4973 1997 1652 4974 2032 1719 4975 2031 1653 4976 2031 1653 4977 2066 1720 4978 2065 1655 4979 2065 1655 4980 2100 1721 4981 2099 1656 4982 2099 1656 4983 2134 1722 4984 2133 1657 4985 2133 1657 4986 2168 1723 4987 2167 1658 4988 2167 1658 4989 26 1724 4990 25 1659 4991 26 1724 4992 61 1725 4993 60 1660 4994 60 1660 4995 95 1726 4996 94 1661 4997 94 1661 4998 129 1727 4999 128 1662 5000 128 1662 5001 163 1728 5002 162 1663 5003 162 1663 5004 197 1729 5005 196 1664 5006 196 1664 5007 231 1730 5008 230 1665 5009 230 1665 5010 265 1731 5011 264 1666 5012 264 1666 5013 299 1732 5014 298 1667 5015 298 1667 5016 333 1733 5017 332 1668 5018 332 1668 5019 367 1734 5020 366 1669 5021 366 1669 5022 401 1735 5023 400 1670 5024 400 1670 5025 435 1736 5026 434 1671 5027 434 1671 5028 469 1737 5029 468 1672 5030 468 1672 5031 503 1738 5032 502 1673 5033 502 1673 5034 537 1739 5035 536 1674 5036 536 1674 5037 571 1740 5038 570 1676 5039 570 1676 5040 605 1741 5041 604 1677 5042 604 1677 5043 639 1742 5044 638 1743 5045 638 1743 5046 673 1744 5047 672 1678 5048 672 1678 5049 707 1745 5050 706 1680 5051 706 1680 5052 741 1746 5053 740 1681 5054 740 1681 5055 775 1747 5056 774 1682 5057 774 1682 5058 809 1748 5059 808 1683 5060 808 1683 5061 843 1749 5062 842 1684 5063 842 1684 5064 877 1750 5065 876 1685 5066 876 1685 5067 911 1751 5068 910 1686 5069 910 1686 5070 945 1752 5071 944 1687 5072 944 1687 5073 979 1753 5074 978 1688 5075 978 1688 5076 1013 1754 5077 1012 1689 5078 1012 1689 5079 1047 1755 5080 1046 1690 5081 1046 1690 5082 1081 1756 5083 1080 1691 5084 1080 1691 5085 1115 1757 5086 1114 1693 5087 1114 1693 5088 1149 1758 5089 1148 1694 5090 1148 1694 5091 1183 1759 5092 1182 1695 5093 1182 1695 5094 1217 1760 5095 1216 1696 5096 1216 1696 5097 1251 1761 5098 1250 1697 5099 1250 1697 5100 1285 1762 5101 1284 1698 5102 1284 1698 5103 1319 1763 5104 1318 1699 5105 1318 1699 5106 1353 1764 5107 1352 1700 5108 1352 1700 5109 1387 1765 5110 1386 1701 5111 1386 1701 5112 1421 1766 5113 1420 1702 5114 1420 1702 5115 1455 1767 5116 1454 1703 5117 1454 1703 5118 1489 1768 5119 1488 1704 5120 1488 1704 5121 1523 1769 5122 1522 1705 5123 1522 1705 5124 1557 1770 5125 1556 1771 5126 1556 1771 5127 1591 1772 5128 1590 1707 5129 1590 1707 5130 1625 1773 5131 1624 1708 5132 1624 1708 5133 1659 1774 5134 1658 1709 5135 1658 1709 5136 1693 1775 5137 1692 1710 5138 1692 1710 5139 1727 1776 5140 1726 1777 5141 1726 1777 5142 1761 1778 5143 1760 1711 5144 1760 1711 5145 1795 1779 5146 1794 1712 5147 1794 1712 5148 1829 1780 5149 1828 1713 5150 1828 1713 5151 1863 1781 5152 1862 1714 5153 1862 1714 5154 1897 1782 5155 1896 1715 5156 1896 1715 5157 1931 1783 5158 1930 1716 5159 1930 1716 5160 1965 1784 5161 1964 1717 5162 1964 1717 5163 1999 1785 5164 1998 1718 5165 1998 1718 5166 2033 1786 5167 2032 1719 5168 2032 1719 5169 2067 1787 5170 2066 1720 5171 2066 1720 5172 2101 1788 5173 2100 1721 5174 2100 1721 5175 2135 1789 5176 2134 1722 5177 2134 1722 5178 2169 1790 5179 2168 1723 5180 2168 1723 5181 27 1791 5182 26 1724 5183 2176 1792 5184 62 1793 5185 61 1725 5186 62 1793 5187 95 1726 5188 61 1725 5189 96 1794 5190 129 1727 5191 95 1726 5192 130 1795 5193 163 1728 5194 129 1727 5195 164 1796 5196 197 1729 5197 163 1728 5198 198 1797 5199 231 1730 5200 197 1729 5201 232 1798 5202 265 1731 5203 231 1730 5204 266 1799 5205 299 1732 5206 265 1731 5207 300 1800 5208 333 1733 5209 299 1732 5210 334 1801 5211 367 1734 5212 333 1733 5213 368 1802 5214 401 1735 5215 367 1734 5216 402 1803 5217 435 1736 5218 401 1735 5219 436 1804 5220 469 1737 5221 435 1736 5222 470 1805 5223 503 1738 5224 469 1737 5225 504 1806 5226 537 1739 5227 503 1738 5228 538 1807 5229 571 1740 5230 537 1739 5231 572 1808 5232 605 1741 5233 571 1740 5234 606 1809 5235 639 1742 5236 605 1741 5237 640 1810 5238 673 1744 5239 639 1742 5240 674 1811 5241 707 1745 5242 673 1744 5243 708 1812 5244 741 1746 5245 707 1745 5246 742 1813 5247 775 1747 5248 741 1746 5249 776 1814 5250 809 1748 5251 775 1747 5252 809 1748 5253 844 1815 5254 843 1749 5255 844 1815 5256 877 1750 5257 843 1749 5258 878 1816 5259 911 1751 5260 877 1750 5261 912 1817 5262 945 1752 5263 911 1751 5264 946 1818 5265 979 1753 5266 945 1752 5267 980 1819 5268 1013 1754 5269 979 1753 5270 1014 1820 5271 1047 1755 5272 1013 1754 5273 1048 1821 5274 1081 1756 5275 1047 1755 5276 1082 1822 5277 1115 1757 5278 1081 1756 5279 1116 1823 5280 1149 1758 5281 1115 1757 5282 1150 1824 5283 1183 1759 5284 1149 1758 5285 1184 1825 5286 1217 1760 5287 1183 1759 5288 1218 1826 5289 1251 1761 5290 1217 1760 5291 1252 1827 5292 1285 1762 5293 1251 1761 5294 1286 1828 5295 1319 1763 5296 1285 1762 5297 1320 1829 5298 1353 1764 5299 1319 1763 5300 1354 1830 5301 1387 1765 5302 1353 1764 5303 1388 1831 5304 1421 1766 5305 1387 1765 5306 1422 1832 5307 1455 1767 5308 1421 1766 5309 1456 1833 5310 1489 1768 5311 1455 1767 5312 1490 1834 5313 1523 1769 5314 1489 1768 5315 1524 1835 5316 1557 1770 5317 1523 1769 5318 1558 1836 5319 1591 1772 5320 1557 1770 5321 1592 1837 5322 1625 1773 5323 1591 1772 5324 1626 1838 5325 1659 1774 5326 1625 1773 5327 1660 1839 5328 1693 1775 5329 1659 1774 5330 1694 1840 5331 1727 1776 5332 1693 1775 5333 1728 1841 5334 1761 1778 5335 1727 1776 5336 1762 1842 5337 1795 1779 5338 1761 1778 5339 1796 1843 5340 1829 1780 5341 1795 1779 5342 1830 1844 5343 1863 1781 5344 1829 1780 5345 1864 1845 5346 1897 1782 5347 1863 1781 5348 1898 1846 5349 1931 1783 5350 1897 1782 5351 1932 1847 5352 1965 1784 5353 1931 1783 5354 2197 1848 5355 2000 1849 5356 1999 1785 5357 2199 1850 5358 2034 1851 5359 2033 1786 5360 2201 1852 5361 2068 1853 5362 2067 1787 5363 2203 1854 5364 2102 1855 5365 2101 1788 5366 2205 1856 5367 2136 1857 5368 2135 1789 5369 2206 1858 5370 2170 1859 5371 2169 1790 5372 2207 1860 5373 28 1861 5374 27 1791 5375 63 1862 5376 62 1793 5377 2176 1792 5378 62 1793 5379 97 1863 5380 96 1794 5381 96 1794 5382 131 1864 5383 130 1795 5384 130 1795 5385 165 1865 5386 164 1796 5387 164 1796 5388 199 1866 5389 198 1797 5390 198 1797 5391 233 1867 5392 232 1798 5393 232 1798 5394 267 1868 5395 266 1799 5396 266 1799 5397 301 1869 5398 300 1800 5399 300 1800 5400 335 1870 5401 334 1801 5402 334 1801 5403 369 1871 5404 368 1802 5405 368 1802 5406 403 1872 5407 402 1803 5408 402 1803 5409 437 1873 5410 436 1804 5411 436 1804 5412 471 1874 5413 470 1805 5414 470 1805 5415 505 1875 5416 504 1806 5417 504 1806 5418 539 1876 5419 538 1807 5420 538 1807 5421 573 1877 5422 572 1808 5423 572 1808 5424 607 1878 5425 606 1809 5426 606 1809 5427 641 1879 5428 640 1810 5429 640 1810 5430 675 1880 5431 674 1811 5432 674 1811 5433 709 1881 5434 708 1812 5435 708 1812 5436 743 1882 5437 742 1813 5438 742 1813 5439 777 1883 5440 776 1814 5441 776 1814 5442 811 1884 5443 810 1885 5444 810 1885 5445 845 1886 5446 844 1815 5447 844 1815 5448 879 1887 5449 878 1816 5450 878 1816 5451 913 1888 5452 912 1817 5453 912 1817 5454 947 1889 5455 946 1818 5456 946 1818 5457 981 1890 5458 980 1819 5459 980 1819 5460 1015 1891 5461 1014 1820 5462 1014 1820 5463 1049 1892 5464 1048 1821 5465 1048 1821 5466 1083 1893 5467 1082 1822 5468 1082 1822 5469 1117 1894 5470 1116 1823 5471 1116 1823 5472 1151 1895 5473 1150 1824 5474 1150 1824 5475 1185 1896 5476 1184 1825 5477 1184 1825 5478 1219 1897 5479 1218 1826 5480 1218 1826 5481 1253 1898 5482 1252 1827 5483 1252 1827 5484 1287 1899 5485 1286 1828 5486 1286 1828 5487 1321 1900 5488 1320 1829 5489 1320 1829 5490 1355 1901 5491 1354 1830 5492 1354 1830 5493 1389 1902 5494 1388 1831 5495 1388 1831 5496 1423 1903 5497 1422 1832 5498 1422 1832 5499 1457 1904 5500 1456 1833 5501 1456 1833 5502 1491 1905 5503 1490 1834 5504 1490 1834 5505 1525 1906 5506 1524 1835 5507 1524 1835 5508 1559 1907 5509 1558 1836 5510 1558 1836 5511 1593 1908 5512 1592 1837 5513 1592 1837 5514 1627 1909 5515 1626 1838 5516 1626 1838 5517 1661 1910 5518 1660 1839 5519 1660 1839 5520 1695 1911 5521 1694 1840 5522 1694 1840 5523 1729 1912 5524 1728 1841 5525 1728 1841 5526 1763 1913 5527 1762 1842 5528 1762 1842 5529 1797 1914 5530 1796 1843 5531 1796 1843 5532 1831 1915 5533 1830 1844 5534 1830 1844 5535 1865 1916 5536 1864 1845 5537 1864 1845 5538 1899 1917 5539 1898 1846 5540 1898 1846 5541 1933 1918 5542 1932 1847 5543 1932 1847 5544 1967 1919 5545 1966 1920 5546 2001 1921 5547 2000 1849 5548 2197 1848 5549 2035 1922 5550 2034 1851 5551 2199 1850 5552 2069 1923 5553 2068 1853 5554 2201 1852 5555 2103 1924 5556 2102 1855 5557 2203 1854 5558 2137 1925 5559 2136 1857 5560 2205 1856 5561 2171 1926 5562 2170 1859 5563 2206 1858 5564 29 1927 5565 28 1861 5566 2207 1860 5567 30 1928 5568 63 1862 5569 29 1927 5570 64 1929 5571 97 1863 5572 63 1862 5573 98 1930 5574 131 1864 5575 97 1863 5576 132 1931 5577 165 1865 5578 131 1864 5579 166 1932 5580 199 1866 5581 165 1865 5582 200 1933 5583 233 1867 5584 199 1866 5585 234 1934 5586 267 1868 5587 233 1867 5588 268 1935 5589 301 1869 5590 267 1868 5591 302 1936 5592 335 1870 5593 301 1869 5594 336 1937 5595 369 1871 5596 335 1870 5597 370 1938 5598 403 1872 5599 369 1871 5600 404 1939 5601 437 1873 5602 403 1872 5603 438 1940 5604 471 1874 5605 437 1873 5606 472 1941 5607 505 1875 5608 471 1874 5609 506 1942 5610 539 1876 5611 505 1875 5612 540 1943 5613 573 1877 5614 539 1876 5615 574 1944 5616 607 1878 5617 573 1877 5618 608 1945 5619 641 1879 5620 607 1878 5621 642 1946 5622 675 1880 5623 641 1879 5624 676 1947 5625 709 1881 5626 675 1880 5627 710 1948 5628 743 1882 5629 709 1881 5630 744 1949 5631 777 1883 5632 743 1882 5633 778 1950 5634 811 1884 5635 777 1883 5636 812 1951 5637 845 1886 5638 811 1884 5639 846 1952 5640 879 1887 5641 845 1886 5642 880 1953 5643 913 1888 5644 879 1887 5645 914 1954 5646 947 1889 5647 913 1888 5648 948 1955 5649 981 1890 5650 947 1889 5651 982 1956 5652 1015 1891 5653 981 1890 5654 1016 1957 5655 1049 1892 5656 1015 1891 5657 1050 1958 5658 1083 1893 5659 1049 1892 5660 1084 1959 5661 1117 1894 5662 1083 1893 5663 1118 1960 5664 1151 1895 5665 1117 1894 5666 2177 1961 5667 1186 1962 5668 1185 1896 5669 2178 1963 5670 1220 1964 5671 1219 1897 5672 2179 1965 5673 1254 1966 5674 1253 1898 5675 1254 1966 5676 1287 1899 5677 1253 1898 5678 1288 1967 5679 1321 1900 5680 1287 1899 5681 1322 1968 5682 1355 1901 5683 1321 1900 5684 1356 1969 5685 1389 1902 5686 1355 1901 5687 1390 1970 5688 1423 1903 5689 1389 1902 5690 1424 1971 5691 1457 1904 5692 1423 1903 5693 1458 1972 5694 1491 1905 5695 1457 1904 5696 1492 1973 5697 1525 1906 5698 1491 1905 5699 1526 1974 5700 1559 1907 5701 1525 1906 5702 1560 1975 5703 1593 1908 5704 1559 1907 5705 1594 1976 5706 1627 1909 5707 1593 1908 5708 1628 1977 5709 1661 1910 5710 1627 1909 5711 1662 1978 5712 1695 1911 5713 1661 1910 5714 1696 1979 5715 1729 1912 5716 1695 1911 5717 1730 1980 5718 1763 1913 5719 1729 1912 5720 1764 1981 5721 1797 1914 5722 1763 1913 5723 1798 1982 5724 1831 1915 5725 1797 1914 5726 1832 1983 5727 1865 1916 5728 1831 1915 5729 2194 1984 5730 1900 1985 5731 1899 1917 5732 2195 1986 5733 1934 1987 5734 1933 1918 5735 2196 1988 5736 1968 1989 5737 1967 1919 5738 2198 1990 5739 2002 1991 5740 2001 1921 5741 2200 1992 5742 2036 1993 5743 2035 1922 5744 2202 1994 5745 2070 1995 5746 2069 1923 5747 2204 1996 5748 2104 1997 5749 2103 1924 5750 2104 1997 5751 2137 1925 5752 2103 1924 5753 2138 1998 5754 2171 1926 5755 2137 1925 5756 2172 1999 5757 29 1927 5758 2171 1926 5759 30 1928 5760 65 2000 5761 64 1929 5762 64 1929 5763 99 2001 5764 98 1930 5765 99 2001 5766 132 1931 5767 98 1930 5768 132 1931 5769 167 2002 5770 166 1932 5771 166 1932 5772 201 2003 5773 200 1933 5774 201 2003 5775 234 1934 5776 200 1933 5777 235 2004 5778 268 1935 5779 234 1934 5780 268 1935 5781 303 2005 5782 302 1936 5783 302 1936 5784 337 2006 5785 336 1937 5786 337 2006 5787 370 1938 5788 336 1937 5789 370 1938 5790 405 2007 5791 404 1939 5792 404 1939 5793 439 2008 5794 438 1940 5795 438 1940 5796 473 2009 5797 472 1941 5798 473 2009 5799 506 1942 5800 472 1941 5801 506 1942 5802 541 2010 5803 540 1943 5804 541 2010 5805 574 1944 5806 540 1943 5807 575 2011 5808 608 1945 5809 574 1944 5810 608 1945 5811 643 2012 5812 642 1946 5813 643 2012 5814 676 1947 5815 642 1946 5816 677 2013 5817 710 1948 5818 676 1947 5819 711 2014 5820 744 1949 5821 710 1948 5822 744 1949 5823 779 2015 5824 778 1950 5825 779 2015 5826 812 1951 5827 778 1950 5828 813 2016 5829 846 1952 5830 812 1951 5831 847 2017 5832 880 1953 5833 846 1952 5834 881 2018 5835 914 1954 5836 880 1953 5837 915 2019 5838 948 1955 5839 914 1954 5840 948 1955 5841 983 2020 5842 982 1956 5843 982 1956 5844 1017 2021 5845 1016 1957 5846 1017 2021 5847 1050 1958 5848 1016 1957 5849 1051 2022 5850 1084 1959 5851 1050 1958 5852 1085 2023 5853 1118 1960 5854 1084 1959 5855 1119 2024 5856 1152 2025 5857 1118 1960 5858 1187 2026 5859 1186 1962 5860 2177 1961 5861 1221 2027 5862 1220 1964 5863 2178 1963 5864 1255 2028 5865 1254 1966 5866 2179 1965 5867 1255 2028 5868 1288 1967 5869 1254 1966 5870 1288 1967 5871 1323 2029 5872 1322 1968 5873 2180 2030 5874 1357 2031 5875 1356 1969 5876 2181 2032 5877 1391 2033 5878 1390 1970 5879 2182 2034 5880 1425 2035 5881 1424 1971 5882 2183 2036 5883 1459 2037 5884 1458 1972 5885 2184 2038 5886 1493 2039 5887 1492 1973 5888 2185 2040 5889 1527 2041 5890 1526 1974 5891 2186 2042 5892 1561 2043 5893 1560 1975 5894 2187 2044 5895 1595 2045 5896 1594 1976 5897 2188 2046 5898 1629 2047 5899 1628 1977 5900 2189 2048 5901 1663 2049 5902 1662 1978 5903 2190 2050 5904 1697 2051 5905 1696 1979 5906 2191 2052 5907 1731 2053 5908 1730 1980 5909 2192 2054 5910 1765 2055 5911 1764 1981 5912 2193 2056 5913 1799 2057 5914 1798 1982 5915 1798 1982 5916 1833 2058 5917 1832 1983 5918 1833 2058 5919 1866 2059 5920 1832 1983 5921 1901 2060 5922 1900 1985 5923 2194 1984 5924 1935 2061 5925 1934 1987 5926 2195 1986 5927 1969 2062 5928 1968 1989 5929 2196 1988 5930 2003 2063 5931 2002 1991 5932 2198 1990 5933 2037 2064 5934 2036 1993 5935 2200 1992 5936 2071 2065 5937 2070 1995 5938 2202 1994 5939 2105 2066 5940 2104 1997 5941 2204 1996 5942 2105 2066 5943 2138 1998 5944 2104 1997 5945 2139 2067 5946 2172 1999 5947 2138 1998 5948 2173 2068 5949 30 1928 5950 2172 1999 5951 31 2069 5952 66 2070 5953 65 2000 5954 65 2000 5955 100 2071 5956 99 2001 5957 99 2001 5958 134 2072 5959 133 2073 5960 133 2073 5961 168 2074 5962 167 2002 5963 167 2002 5964 202 2075 5965 201 2003 5966 201 2003 5967 236 2076 5968 235 2004 5969 235 2004 5970 270 2077 5971 269 2078 5972 269 2078 5973 304 2079 5974 303 2005 5975 303 2005 5976 338 2080 5977 337 2006 5978 337 2006 5979 372 2081 5980 371 2082 5981 371 2082 5982 406 2083 5983 405 2007 5984 405 2007 5985 440 2084 5986 439 2008 5987 439 2008 5988 474 2085 5989 473 2009 5990 473 2009 5991 508 2086 5992 507 2087 5993 507 2087 5994 542 2088 5995 541 2010 5996 541 2010 5997 576 2089 5998 575 2011 5999 575 2011 6000 610 2090 6001 609 2091 6002 609 2091 6003 644 2092 6004 643 2012 6005 643 2012 6006 678 2093 6007 677 2013 6008 677 2013 6009 712 2094 6010 711 2014 6011 711 2014 6012 746 2095 6013 745 2096 6014 745 2096 6015 780 2097 6016 779 2015 6017 779 2015 6018 814 2098 6019 813 2016 6020 813 2016 6021 848 2099 6022 847 2017 6023 847 2017 6024 882 2100 6025 881 2018 6026 881 2018 6027 916 2101 6028 915 2019 6029 915 2019 6030 950 2102 6031 949 2103 6032 949 2103 6033 984 2104 6034 983 2020 6035 983 2020 6036 1018 2105 6037 1017 2021 6038 1017 2021 6039 1052 2106 6040 1051 2022 6041 1051 2022 6042 1086 2107 6043 1085 2023 6044 1085 2023 6045 1120 2108 6046 1119 2024 6047 1119 2024 6048 1154 2109 6049 1153 2110 6050 1153 2110 6051 1188 2111 6052 1187 2026 6053 1187 2026 6054 1222 2112 6055 1221 2027 6056 1221 2027 6057 1256 2113 6058 1255 2028 6059 1255 2028 6060 1290 2114 6061 1289 2115 6062 1289 2115 6063 1324 2116 6064 1323 2029 6065 1358 2117 6066 1357 2031 6067 2180 2030 6068 1392 2118 6069 1391 2033 6070 2181 2032 6071 1426 2119 6072 1425 2035 6073 2182 2034 6074 1460 2120 6075 1459 2037 6076 2183 2036 6077 1494 2121 6078 1493 2039 6079 2184 2038 6080 1528 2122 6081 1527 2041 6082 2185 2040 6083 1562 2123 6084 1561 2043 6085 2186 2042 6086 1596 2124 6087 1595 2045 6088 2187 2044 6089 1630 2125 6090 1629 2047 6091 2188 2046 6092 1664 2126 6093 1663 2049 6094 2189 2048 6095 1698 2127 6096 1697 2051 6097 2190 2050 6098 1732 2128 6099 1731 2053 6100 2191 2052 6101 1766 2129 6102 1765 2055 6103 2192 2054 6104 1800 2130 6105 1799 2057 6106 2193 2056 6107 1799 2057 6108 1834 2131 6109 1833 2058 6110 1833 2058 6111 1868 2132 6112 1867 2133 6113 1867 2133 6114 1902 2134 6115 1901 2060 6116 1901 2060 6117 1936 2135 6118 1935 2061 6119 1935 2061 6120 1970 2136 6121 1969 2062 6122 1969 2062 6123 2004 2137 6124 2003 2063 6125 2003 2063 6126 2038 2138 6127 2037 2064 6128 2037 2064 6129 2072 2139 6130 2071 2065 6131 2071 2065 6132 2106 2140 6133 2105 2066 6134 2105 2066 6135 2140 2141 6136 2139 2067 6137 2139 2067 6138 2174 2142 6139 2173 2068 6140 2173 2068 6141 32 2143 6142 31 2069 6143 32 2143 6144 67 2144 6145 66 2070 6146 66 2070 6147 101 2145 6148 100 2071 6149 100 2071 6150 135 2146 6151 134 2072 6152 134 2072 6153 169 2147 6154 168 2074 6155 168 2074 6156 203 2148 6157 202 2075 6158 202 2075 6159 237 2149 6160 236 2076 6161 236 2076 6162 271 2150 6163 270 2077 6164 270 2077 6165 305 2151 6166 304 2079 6167 304 2079 6168 339 2152 6169 338 2080 6170 338 2080 6171 373 2153 6172 372 2081 6173 372 2081 6174 407 2154 6175 406 2083 6176 406 2083 6177 441 2155 6178 440 2084 6179 440 2084 6180 475 2156 6181 474 2085 6182 474 2085 6183 509 2157 6184 508 2086 6185 508 2086 6186 543 2158 6187 542 2088 6188 542 2088 6189 577 2159 6190 576 2089 6191 576 2089 6192 611 2160 6193 610 2090 6194 610 2090 6195 645 2161 6196 644 2092 6197 644 2092 6198 679 2162 6199 678 2093 6200 678 2093 6201 713 2163 6202 712 2094 6203 712 2094 6204 747 2164 6205 746 2095 6206 746 2095 6207 781 2165 6208 780 2097 6209 780 2097 6210 815 2166 6211 814 2098 6212 814 2098 6213 849 2167 6214 848 2099 6215 848 2099 6216 883 2168 6217 882 2100 6218 882 2100 6219 917 2169 6220 916 2101 6221 916 2101 6222 951 2170 6223 950 2102 6224 950 2102 6225 985 2171 6226 984 2104 6227 984 2104 6228 1019 2172 6229 1018 2105 6230 1018 2105 6231 1053 2173 6232 1052 2106 6233 1052 2106 6234 1087 2174 6235 1086 2107 6236 1086 2107 6237 1121 2175 6238 1120 2108 6239 1120 2108 6240 1155 2176 6241 1154 2109 6242 1154 2109 6243 1189 2177 6244 1188 2111 6245 1188 2111 6246 1223 2178 6247 1222 2112 6248 1222 2112 6249 1257 2179 6250 1256 2113 6251 1256 2113 6252 1291 2180 6253 1290 2114 6254 1290 2114 6255 1325 2181 6256 1324 2116 6257 1324 2116 6258 1359 2182 6259 1358 2117 6260 1358 2117 6261 1393 2183 6262 1392 2118 6263 1392 2118 6264 1427 2184 6265 1426 2119 6266 1426 2119 6267 1461 2185 6268 1460 2120 6269 1460 2120 6270 1495 2186 6271 1494 2121 6272 1494 2121 6273 1529 2187 6274 1528 2122 6275 1528 2122 6276 1563 2188 6277 1562 2123 6278 1562 2123 6279 1597 2189 6280 1596 2124 6281 1596 2124 6282 1631 2190 6283 1630 2125 6284 1630 2125 6285 1665 2191 6286 1664 2126 6287 1664 2126 6288 1699 2192 6289 1698 2127 6290 1698 2127 6291 1733 2193 6292 1732 2128 6293 1732 2128 6294 1767 2194 6295 1766 2129 6296 1766 2129 6297 1801 2195 6298 1800 2130 6299 1800 2130 6300 1835 2196 6301 1834 2131 6302 1834 2131 6303 1869 2197 6304 1868 2132 6305 1868 2132 6306 1903 2198 6307 1902 2134 6308 1902 2134 6309 1937 2199 6310 1936 2135 6311 1936 2135 6312 1971 2200 6313 1970 2136 6314 1970 2136 6315 2005 2201 6316 2004 2137 6317 2004 2137 6318 2039 2202 6319 2038 2138 6320 2038 2138 6321 2073 2203 6322 2072 2139 6323 2072 2139 6324 2107 2204 6325 2106 2140 6326 2106 2140 6327 2141 2205 6328 2140 2141 6329 2140 2141 6330 2175 2206 6331 2174 2142 6332 2174 2142 6333 33 2207 6334 32 2143 6335 1 0 6336 35 3 6337 34 1 6338 35 3 6339 69 5 6340 68 4 6341 69 5 6342 103 7 6343 102 6 6344 103 7 6345 137 9 6346 136 8 6347 137 9 6348 171 11 6349 170 10 6350 171 11 6351 205 13 6352 204 12 6353 205 13 6354 239 15 6355 238 14 6356 239 15 6357 273 17 6358 272 16 6359 273 17 6360 307 19 6361 306 18 6362 307 19 6363 341 21 6364 340 20 6365 341 21 6366 375 23 6367 374 22 6368 375 23 6369 409 25 6370 408 24 6371 409 25 6372 443 27 6373 442 26 6374 443 27 6375 477 29 6376 476 28 6377 477 29 6378 511 31 6379 510 30 6380 511 31 6381 545 33 6382 544 32 6383 545 33 6384 579 35 6385 578 34 6386 579 35 6387 613 37 6388 612 36 6389 613 37 6390 647 39 6391 646 38 6392 647 39 6393 681 41 6394 680 40 6395 681 41 6396 715 43 6397 714 42 6398 715 43 6399 749 45 6400 748 44 6401 749 45 6402 783 47 6403 782 46 6404 783 47 6405 817 49 6406 816 48 6407 817 49 6408 851 51 6409 850 50 6410 851 51 6411 885 53 6412 884 52 6413 885 53 6414 919 55 6415 918 54 6416 919 55 6417 953 57 6418 952 56 6419 953 57 6420 987 59 6421 986 58 6422 987 59 6423 1021 61 6424 1020 60 6425 1021 61 6426 1055 63 6427 1054 62 6428 1055 63 6429 1089 65 6430 1088 64 6431 1089 65 6432 1123 67 6433 1122 66 6434 1123 67 6435 1157 69 6436 1156 68 6437 1157 69 6438 1191 71 6439 1190 70 6440 1191 71 6441 1225 73 6442 1224 72 6443 1225 73 6444 1259 75 6445 1258 74 6446 1259 75 6447 1293 77 6448 1292 76 6449 1293 77 6450 1327 79 6451 1326 78 6452 1327 79 6453 1361 81 6454 1360 80 6455 1361 81 6456 1395 83 6457 1394 82 6458 1395 83 6459 1429 85 6460 1428 84 6461 1429 85 6462 1463 87 6463 1462 86 6464 1463 87 6465 1497 89 6466 1496 88 6467 1497 89 6468 1531 91 6469 1530 90 6470 1531 91 6471 1565 93 6472 1564 92 6473 1565 93 6474 1599 95 6475 1598 94 6476 1599 95 6477 1633 97 6478 1632 96 6479 1633 97 6480 1667 99 6481 1666 98 6482 1667 99 6483 1701 101 6484 1700 100 6485 1701 101 6486 1735 103 6487 1734 102 6488 1735 103 6489 1769 105 6490 1768 104 6491 1769 105 6492 1803 107 6493 1802 106 6494 1803 107 6495 1837 109 6496 1836 108 6497 1837 109 6498 1871 111 6499 1870 110 6500 1871 111 6501 1905 113 6502 1904 112 6503 1905 113 6504 1939 115 6505 1938 114 6506 1939 115 6507 1973 117 6508 1972 116 6509 1973 117 6510 2007 119 6511 2006 118 6512 2007 119 6513 2041 121 6514 2040 120 6515 2041 121 6516 2075 123 6517 2074 122 6518 2075 123 6519 2109 125 6520 2108 124 6521 2109 125 6522 2143 127 6523 2142 126 6524 2143 127 6525 1 0 6526 0 2 6527 1 0 6528 2 191 6529 36 128 6530 35 3 6531 36 128 6532 70 129 6533 69 5 6534 70 129 6535 104 130 6536 103 7 6537 104 130 6538 138 131 6539 137 9 6540 138 131 6541 172 132 6542 171 11 6543 172 132 6544 206 133 6545 205 13 6546 206 133 6547 240 134 6548 239 15 6549 240 134 6550 274 135 6551 273 17 6552 274 135 6553 308 136 6554 307 19 6555 308 136 6556 342 137 6557 341 21 6558 342 137 6559 376 138 6560 375 23 6561 376 138 6562 410 139 6563 409 25 6564 410 139 6565 444 140 6566 443 27 6567 444 140 6568 478 141 6569 477 29 6570 478 141 6571 512 142 6572 511 31 6573 512 142 6574 546 143 6575 545 33 6576 546 143 6577 580 144 6578 579 35 6579 580 144 6580 614 145 6581 613 37 6582 614 145 6583 648 146 6584 647 39 6585 648 146 6586 682 147 6587 681 41 6588 682 147 6589 716 148 6590 715 43 6591 716 148 6592 750 149 6593 749 45 6594 750 149 6595 784 150 6596 783 47 6597 784 150 6598 818 151 6599 817 49 6600 818 151 6601 852 152 6602 851 51 6603 852 152 6604 886 153 6605 885 53 6606 886 153 6607 920 154 6608 919 55 6609 920 154 6610 954 155 6611 953 57 6612 954 155 6613 988 156 6614 987 59 6615 988 156 6616 1022 157 6617 1021 61 6618 1022 157 6619 1056 158 6620 1055 63 6621 1056 158 6622 1090 159 6623 1089 65 6624 1090 159 6625 1124 160 6626 1123 67 6627 1124 160 6628 1158 161 6629 1157 69 6630 1158 161 6631 1192 162 6632 1191 71 6633 1192 162 6634 1226 163 6635 1225 73 6636 1226 163 6637 1260 164 6638 1259 75 6639 1260 164 6640 1294 165 6641 1293 77 6642 1294 165 6643 1328 166 6644 1327 79 6645 1328 166 6646 1362 167 6647 1361 81 6648 1362 167 6649 1396 168 6650 1395 83 6651 1396 168 6652 1430 169 6653 1429 85 6654 1430 169 6655 1464 170 6656 1463 87 6657 1464 170 6658 1498 171 6659 1497 89 6660 1498 171 6661 1532 172 6662 1531 91 6663 1532 172 6664 1566 173 6665 1565 93 6666 1566 173 6667 1600 174 6668 1599 95 6669 1600 174 6670 1634 175 6671 1633 97 6672 1634 175 6673 1668 176 6674 1667 99 6675 1668 176 6676 1702 177 6677 1701 101 6678 1702 177 6679 1736 178 6680 1735 103 6681 1736 178 6682 1770 179 6683 1769 105 6684 1770 179 6685 1804 180 6686 1803 107 6687 1804 180 6688 1838 181 6689 1837 109 6690 1838 181 6691 1872 182 6692 1871 111 6693 1872 182 6694 1906 183 6695 1905 113 6696 1906 183 6697 1940 184 6698 1939 115 6699 1940 184 6700 1974 185 6701 1973 117 6702 1974 185 6703 2008 186 6704 2007 119 6705 2008 186 6706 2042 187 6707 2041 121 6708 2042 187 6709 2076 188 6710 2075 123 6711 2076 188 6712 2110 189 6713 2109 125 6714 2110 189 6715 2144 190 6716 2143 127 6717 2144 190 6718 2 191 6719 2 191 6720 3 255 6721 37 192 6722 36 128 6723 37 192 6724 71 193 6725 70 129 6726 71 193 6727 105 194 6728 104 130 6729 105 194 6730 139 195 6731 138 131 6732 139 195 6733 173 196 6734 172 132 6735 173 196 6736 207 197 6737 206 133 6738 207 197 6739 241 198 6740 240 134 6741 241 198 6742 275 199 6743 274 135 6744 275 199 6745 309 200 6746 308 136 6747 309 200 6748 343 201 6749 342 137 6750 343 201 6751 377 202 6752 376 138 6753 377 202 6754 411 203 6755 410 139 6756 411 203 6757 445 204 6758 444 140 6759 445 204 6760 479 205 6761 478 141 6762 479 205 6763 513 206 6764 512 142 6765 513 206 6766 547 207 6767 546 143 6768 547 207 6769 581 208 6770 580 144 6771 581 208 6772 615 209 6773 614 145 6774 615 209 6775 649 210 6776 648 146 6777 649 210 6778 683 211 6779 682 147 6780 683 211 6781 717 212 6782 716 148 6783 717 212 6784 751 213 6785 750 149 6786 751 213 6787 785 214 6788 784 150 6789 785 214 6790 819 215 6791 818 151 6792 819 215 6793 853 216 6794 852 152 6795 853 216 6796 887 217 6797 886 153 6798 887 217 6799 921 218 6800 920 154 6801 921 218 6802 955 219 6803 954 155 6804 955 219 6805 989 220 6806 988 156 6807 989 220 6808 1023 221 6809 1022 157 6810 1023 221 6811 1057 222 6812 1056 158 6813 1057 222 6814 1091 223 6815 1090 159 6816 1091 223 6817 1125 224 6818 1124 160 6819 1125 224 6820 1159 225 6821 1158 161 6822 1159 225 6823 1193 226 6824 1192 162 6825 1193 226 6826 1227 227 6827 1226 163 6828 1227 227 6829 1261 228 6830 1260 164 6831 1261 228 6832 1295 229 6833 1294 165 6834 1295 229 6835 1329 230 6836 1328 166 6837 1329 230 6838 1363 231 6839 1362 167 6840 1363 231 6841 1397 232 6842 1396 168 6843 1397 232 6844 1431 233 6845 1430 169 6846 1431 233 6847 1465 234 6848 1464 170 6849 1465 234 6850 1499 235 6851 1498 171 6852 1499 235 6853 1533 236 6854 1532 172 6855 1533 236 6856 1567 237 6857 1566 173 6858 1567 237 6859 1601 238 6860 1600 174 6861 1601 238 6862 1635 239 6863 1634 175 6864 1635 239 6865 1669 240 6866 1668 176 6867 1669 240 6868 1703 241 6869 1702 177 6870 1703 241 6871 1737 242 6872 1736 178 6873 1737 242 6874 1771 243 6875 1770 179 6876 1771 243 6877 1805 244 6878 1804 180 6879 1805 244 6880 1839 245 6881 1838 181 6882 1839 245 6883 1873 246 6884 1872 182 6885 1873 246 6886 1907 247 6887 1906 183 6888 1907 247 6889 1941 248 6890 1940 184 6891 1941 248 6892 1975 249 6893 1974 185 6894 1975 249 6895 2009 250 6896 2008 186 6897 2009 250 6898 2043 251 6899 2042 187 6900 2043 251 6901 2077 252 6902 2076 188 6903 2077 252 6904 2111 253 6905 2110 189 6906 2111 253 6907 2145 254 6908 2144 190 6909 2145 254 6910 3 255 6911 3 255 6912 4 318 6913 38 256 6914 37 192 6915 38 256 6916 72 257 6917 71 193 6918 72 257 6919 106 258 6920 105 194 6921 106 258 6922 140 259 6923 139 195 6924 140 259 6925 174 260 6926 173 196 6927 174 260 6928 208 261 6929 207 197 6930 208 261 6931 242 262 6932 241 198 6933 242 262 6934 276 263 6935 275 199 6936 276 263 6937 310 264 6938 309 200 6939 310 264 6940 344 265 6941 343 201 6942 344 265 6943 378 266 6944 377 202 6945 378 266 6946 412 267 6947 411 203 6948 412 267 6949 446 268 6950 445 204 6951 446 268 6952 480 269 6953 479 205 6954 480 269 6955 514 270 6956 513 206 6957 514 270 6958 548 271 6959 547 207 6960 548 271 6961 582 272 6962 581 208 6963 582 272 6964 616 273 6965 615 209 6966 616 273 6967 650 274 6968 650 274 6969 684 338 6970 683 211 6971 683 211 6972 684 338 6973 718 275 6974 717 212 6975 718 275 6976 752 276 6977 751 213 6978 752 276 6979 786 277 6980 785 214 6981 786 277 6982 820 278 6983 819 215 6984 820 278 6985 854 279 6986 853 216 6987 854 279 6988 888 280 6989 887 217 6990 888 280 6991 922 281 6992 921 218 6993 922 281 6994 956 282 6995 955 219 6996 956 282 6997 990 283 6998 989 220 6999 990 283 7000 1024 284 7001 1023 221 7002 1024 284 7003 1058 285 7004 1057 222 7005 1058 285 7006 1092 286 7007 1091 223 7008 1092 286 7009 1126 287 7010 1125 224 7011 1126 287 7012 1160 288 7013 1159 225 7014 1160 288 7015 1194 289 7016 1193 226 7017 1194 289 7018 1228 290 7019 1227 227 7020 1228 290 7021 1262 291 7022 1261 228 7023 1262 291 7024 1296 292 7025 1295 229 7026 1296 292 7027 1330 293 7028 1329 230 7029 1330 293 7030 1364 294 7031 1363 231 7032 1364 294 7033 1398 295 7034 1397 232 7035 1398 295 7036 1432 296 7037 1431 233 7038 1432 296 7039 1466 297 7040 1465 234 7041 1466 297 7042 1500 298 7043 1499 235 7044 1500 298 7045 1534 299 7046 1533 236 7047 1534 299 7048 1568 300 7049 1567 237 7050 1568 300 7051 1602 301 7052 1601 238 7053 1602 301 7054 1636 302 7055 1635 239 7056 1636 302 7057 1670 303 7058 1669 240 7059 1670 303 7060 1704 304 7061 1703 241 7062 1704 304 7063 1738 305 7064 1737 242 7065 1738 305 7066 1772 306 7067 1771 243 7068 1772 306 7069 1806 307 7070 1805 244 7071 1806 307 7072 1840 308 7073 1839 245 7074 1840 308 7075 1874 309 7076 1873 246 7077 1874 309 7078 1908 310 7079 1907 247 7080 1908 310 7081 1942 311 7082 1941 248 7083 1942 311 7084 1976 312 7085 1975 249 7086 1976 312 7087 2010 313 7088 2009 250 7089 2010 313 7090 2044 314 7091 2043 251 7092 2044 314 7093 2078 315 7094 2077 252 7095 2078 315 7096 2112 316 7097 2111 253 7098 2112 316 7099 2146 317 7100 2145 254 7101 2146 317 7102 4 318 7103 4 318 7104 5 380 7105 39 319 7106 38 256 7107 39 319 7108 73 320 7109 72 257 7110 73 320 7111 107 321 7112 106 258 7113 107 321 7114 141 322 7115 140 259 7116 141 322 7117 175 323 7118 174 260 7119 175 323 7120 209 324 7121 209 324 7122 243 387 7123 242 262 7124 242 262 7125 243 387 7126 277 325 7127 276 263 7128 277 325 7129 311 326 7130 310 264 7131 311 326 7132 345 327 7133 344 265 7134 345 327 7135 379 328 7136 378 266 7137 379 328 7138 413 329 7139 412 267 7140 413 329 7141 447 330 7142 446 268 7143 447 330 7144 481 331 7145 480 269 7146 481 331 7147 515 332 7148 514 270 7149 515 332 7150 549 333 7151 548 271 7152 549 333 7153 583 334 7154 582 272 7155 583 334 7156 617 335 7157 616 273 7158 617 335 7159 651 336 7160 650 274 7161 651 336 7162 685 337 7163 684 338 7164 685 337 7165 719 339 7166 718 275 7167 719 339 7168 753 340 7169 752 276 7170 753 340 7171 787 341 7172 786 277 7173 787 341 7174 821 342 7175 820 278 7176 821 342 7177 855 343 7178 854 279 7179 855 343 7180 889 344 7181 888 280 7182 889 344 7183 923 345 7184 922 281 7185 923 345 7186 957 346 7187 956 282 7188 957 346 7189 991 347 7190 990 283 7191 991 347 7192 1025 348 7193 1024 284 7194 1025 348 7195 1059 349 7196 1058 285 7197 1059 349 7198 1093 350 7199 1092 286 7200 1093 350 7201 1127 351 7202 1126 287 7203 1127 351 7204 1161 352 7205 1160 288 7206 1161 352 7207 1195 353 7208 1194 289 7209 1195 353 7210 1229 354 7211 1228 290 7212 1229 354 7213 1263 355 7214 1262 291 7215 1263 355 7216 1297 356 7217 1296 292 7218 1297 356 7219 1331 357 7220 1330 293 7221 1331 357 7222 1365 358 7223 1364 294 7224 1365 358 7225 1399 359 7226 1398 295 7227 1399 359 7228 1433 360 7229 1432 296 7230 1433 360 7231 1467 361 7232 1466 297 7233 1467 361 7234 1501 362 7235 1500 298 7236 1501 362 7237 1535 363 7238 1534 299 7239 1535 363 7240 1569 364 7241 1568 300 7242 1569 364 7243 1603 365 7244 1602 301 7245 1603 365 7246 1637 366 7247 1636 302 7248 1637 366 7249 1671 367 7250 1670 303 7251 1671 367 7252 1705 368 7253 1704 304 7254 1705 368 7255 1739 369 7256 1738 305 7257 1739 369 7258 1773 370 7259 1772 306 7260 1773 370 7261 1807 371 7262 1806 307 7263 1807 371 7264 1841 372 7265 1841 372 7266 1875 433 7267 1874 309 7268 1874 309 7269 1875 433 7270 1909 373 7271 1908 310 7272 1909 373 7273 1943 374 7274 1942 311 7275 1943 374 7276 1977 375 7277 1976 312 7278 1977 375 7279 2011 376 7280 2011 376 7281 2045 438 7282 2044 314 7283 2044 314 7284 2045 438 7285 2079 377 7286 2078 315 7287 2079 377 7288 2113 378 7289 2112 316 7290 2113 378 7291 2147 379 7292 2146 317 7293 2147 379 7294 5 380 7295 5 380 7296 6 441 7297 40 381 7298 39 319 7299 40 381 7300 74 382 7301 74 382 7302 108 445 7303 107 321 7304 107 321 7305 108 445 7306 142 383 7307 141 322 7308 142 383 7309 176 384 7310 175 323 7311 176 384 7312 210 385 7313 209 324 7314 210 385 7315 244 386 7316 243 387 7317 244 386 7318 278 388 7319 277 325 7320 278 388 7321 312 389 7322 311 326 7323 312 389 7324 346 390 7325 345 327 7326 346 390 7327 380 391 7328 379 328 7329 380 391 7330 414 392 7331 413 329 7332 414 392 7333 448 393 7334 447 330 7335 448 393 7336 482 394 7337 481 331 7338 482 394 7339 516 395 7340 515 332 7341 516 395 7342 550 396 7343 549 333 7344 550 396 7345 584 397 7346 583 334 7347 584 397 7348 618 398 7349 617 335 7350 618 398 7351 652 399 7352 651 336 7353 652 399 7354 686 400 7355 685 337 7356 686 400 7357 720 401 7358 719 339 7359 720 401 7360 754 402 7361 753 340 7362 754 402 7363 788 403 7364 787 341 7365 788 403 7366 822 404 7367 821 342 7368 822 404 7369 856 405 7370 855 343 7371 856 405 7372 890 406 7373 889 344 7374 890 406 7375 924 407 7376 923 345 7377 924 407 7378 958 408 7379 957 346 7380 958 408 7381 992 409 7382 991 347 7383 992 409 7384 1026 410 7385 1025 348 7386 1026 410 7387 1060 411 7388 1059 349 7389 1060 411 7390 1094 412 7391 1093 350 7392 1094 412 7393 1128 413 7394 1127 351 7395 1128 413 7396 1162 414 7397 1161 352 7398 1162 414 7399 1196 415 7400 1195 353 7401 1196 415 7402 1230 416 7403 1229 354 7404 1230 416 7405 1264 417 7406 1263 355 7407 1264 417 7408 1298 418 7409 1297 356 7410 1298 418 7411 1332 419 7412 1331 357 7413 1332 419 7414 1366 420 7415 1365 358 7416 1366 420 7417 1400 421 7418 1399 359 7419 1400 421 7420 1434 422 7421 1433 360 7422 1434 422 7423 1468 423 7424 1467 361 7425 1468 423 7426 1502 424 7427 1501 362 7428 1502 424 7429 1536 425 7430 1535 363 7431 1536 425 7432 1570 426 7433 1569 364 7434 1570 426 7435 1604 427 7436 1604 427 7437 1638 428 7438 1637 366 7439 1638 428 7440 1672 488 7441 1671 367 7442 1671 367 7443 1672 488 7444 1706 429 7445 1705 368 7446 1706 429 7447 1740 430 7448 1739 369 7449 1740 430 7450 1774 431 7451 1774 431 7452 1808 493 7453 1807 371 7454 1807 371 7455 1808 493 7456 1842 432 7457 1842 432 7458 1876 496 7459 1875 433 7460 1875 433 7461 1876 496 7462 1910 434 7463 1909 373 7464 1910 434 7465 1944 435 7466 1944 435 7467 1978 499 7468 1977 375 7469 1977 375 7470 1978 499 7471 2012 436 7472 2011 376 7473 2012 436 7474 2046 437 7475 2045 438 7476 2046 437 7477 2080 439 7478 2080 439 7479 2114 504 7480 2113 378 7481 2113 378 7482 2114 504 7483 2148 440 7484 2147 379 7485 2148 440 7486 6 441 7487 6 441 7488 7 506 7489 41 442 7490 40 381 7491 41 442 7492 75 443 7493 74 382 7494 75 443 7495 109 444 7496 108 445 7497 109 444 7498 143 446 7499 142 383 7500 143 446 7501 177 447 7502 176 384 7503 177 447 7504 211 448 7505 210 385 7506 211 448 7507 245 449 7508 244 386 7509 245 449 7510 279 450 7511 279 450 7512 313 515 7513 312 389 7514 312 389 7515 313 515 7516 347 451 7517 346 390 7518 347 451 7519 381 452 7520 380 391 7521 381 452 7522 415 453 7523 414 392 7524 415 453 7525 449 454 7526 448 393 7527 449 454 7528 483 455 7529 482 394 7530 483 455 7531 517 456 7532 516 395 7533 517 456 7534 551 457 7535 550 396 7536 551 457 7537 585 458 7538 584 397 7539 585 458 7540 619 459 7541 618 398 7542 619 459 7543 653 460 7544 652 399 7545 653 460 7546 687 461 7547 686 400 7548 687 461 7549 721 462 7550 720 401 7551 721 462 7552 755 463 7553 754 402 7554 755 463 7555 789 464 7556 788 403 7557 789 464 7558 823 465 7559 823 465 7560 857 531 7561 856 405 7562 856 405 7563 857 531 7564 891 466 7565 890 406 7566 891 466 7567 925 467 7568 924 407 7569 925 467 7570 959 468 7571 958 408 7572 959 468 7573 993 469 7574 992 409 7575 993 469 7576 1027 470 7577 1026 410 7578 1027 470 7579 1061 471 7580 1060 411 7581 1061 471 7582 1095 472 7583 1094 412 7584 1095 472 7585 1129 473 7586 1128 413 7587 1129 473 7588 1163 474 7589 1162 414 7590 1163 474 7591 1197 475 7592 1196 415 7593 1197 475 7594 1231 476 7595 1231 476 7596 1265 544 7597 1264 417 7598 1264 417 7599 1265 544 7600 1299 477 7601 1298 418 7602 1299 477 7603 1333 478 7604 1333 478 7605 1367 548 7606 1366 420 7607 1366 420 7608 1367 548 7609 1401 479 7610 1400 421 7611 1401 479 7612 1435 480 7613 1434 422 7614 1435 480 7615 1469 481 7616 1468 423 7617 1469 481 7618 1503 482 7619 1502 424 7620 1503 482 7621 1537 483 7622 1536 425 7623 1537 483 7624 1571 484 7625 1570 426 7626 1571 484 7627 1605 485 7628 1604 427 7629 1605 485 7630 1639 486 7631 1638 428 7632 1639 486 7633 1673 487 7634 1672 488 7635 1673 487 7636 1707 489 7637 1706 429 7638 1707 489 7639 1741 490 7640 1740 430 7641 1741 490 7642 1775 491 7643 1774 431 7644 1775 491 7645 1809 492 7646 1808 493 7647 1809 492 7648 1843 494 7649 1842 432 7650 1843 494 7651 1877 495 7652 1876 496 7653 1877 495 7654 1911 497 7655 1911 497 7656 1945 564 7657 1944 435 7658 1944 435 7659 1945 564 7660 1979 498 7661 1978 499 7662 1979 498 7663 2013 500 7664 2012 436 7665 2013 500 7666 2047 501 7667 2046 437 7668 2047 501 7669 2081 502 7670 2080 439 7671 2081 502 7672 2115 503 7673 2114 504 7674 2115 503 7675 2149 505 7676 2148 440 7677 2149 505 7678 7 506 7679 7 506 7680 8 571 7681 42 507 7682 41 442 7683 42 507 7684 76 508 7685 75 443 7686 76 508 7687 110 509 7688 109 444 7689 110 509 7690 144 510 7691 143 446 7692 144 510 7693 178 511 7694 177 447 7695 178 511 7696 212 512 7697 211 448 7698 212 512 7699 246 513 7700 245 449 7701 246 513 7702 280 514 7703 280 514 7704 314 516 7705 313 515 7706 314 516 7707 348 579 7708 347 451 7709 347 451 7710 348 579 7711 382 517 7712 381 452 7713 382 517 7714 416 518 7715 415 453 7716 416 518 7717 450 519 7718 449 454 7719 450 519 7720 484 520 7721 483 455 7722 484 520 7723 518 521 7724 517 456 7725 518 521 7726 552 522 7727 551 457 7728 552 522 7729 586 523 7730 585 458 7731 586 523 7732 620 524 7733 619 459 7734 620 524 7735 654 525 7736 653 460 7737 654 525 7738 688 526 7739 687 461 7740 688 526 7741 722 527 7742 721 462 7743 722 527 7744 756 528 7745 755 463 7746 756 528 7747 790 529 7748 790 529 7749 824 590 7750 823 465 7751 823 465 7752 824 590 7753 858 530 7754 857 531 7755 858 530 7756 892 532 7757 891 466 7758 892 532 7759 926 533 7760 925 467 7761 926 533 7762 960 534 7763 959 468 7764 960 534 7765 994 535 7766 993 469 7767 994 535 7768 1028 536 7769 1027 470 7770 1028 536 7771 1062 537 7772 1061 471 7773 1062 537 7774 1096 538 7775 1095 472 7776 1096 538 7777 1130 539 7778 1129 473 7779 1130 539 7780 1164 540 7781 1163 474 7782 1164 540 7783 1198 541 7784 1197 475 7785 1198 541 7786 1232 542 7787 1231 476 7788 1232 542 7789 1266 543 7790 1265 544 7791 1266 543 7792 1300 545 7793 1299 477 7794 1300 545 7795 1334 546 7796 1333 478 7797 1334 546 7798 1368 547 7799 1368 547 7800 1402 549 7801 1401 479 7802 1402 549 7803 1436 550 7804 1435 480 7805 1436 550 7806 1470 604 7807 1469 481 7808 1469 481 7809 1470 604 7810 1504 551 7811 1504 551 7812 1538 607 7813 1537 483 7814 1537 483 7815 1538 607 7816 1572 552 7817 1571 484 7818 1572 552 7819 1606 553 7820 1605 485 7821 1606 553 7822 1640 554 7823 1639 486 7824 1640 554 7825 1674 555 7826 1673 487 7827 1674 555 7828 1708 556 7829 1707 489 7830 1708 556 7831 1742 557 7832 1741 490 7833 1742 557 7834 1776 558 7835 1775 491 7836 1776 558 7837 1810 559 7838 1809 492 7839 1810 559 7840 1844 560 7841 1843 494 7842 1844 560 7843 1878 561 7844 1877 495 7845 1878 561 7846 1912 562 7847 1911 497 7848 1912 562 7849 1946 563 7850 1945 564 7851 1946 563 7852 1980 565 7853 1979 498 7854 1980 565 7855 2014 566 7856 2013 500 7857 2014 566 7858 2048 567 7859 2047 501 7860 2048 567 7861 2082 568 7862 2081 502 7863 2082 568 7864 2116 569 7865 2115 503 7866 2116 569 7867 2150 570 7868 2149 505 7869 2150 570 7870 8 571 7871 8 571 7872 9 622 7873 43 572 7874 43 572 7875 77 625 7876 76 508 7877 76 508 7878 77 625 7879 111 573 7880 111 573 7881 145 627 7882 144 510 7883 144 510 7884 145 627 7885 179 574 7886 179 574 7887 213 630 7888 212 512 7889 212 512 7890 213 630 7891 247 575 7892 246 513 7893 247 575 7894 281 576 7895 280 514 7896 281 576 7897 315 577 7898 314 516 7899 315 577 7900 349 578 7901 349 578 7902 383 636 7903 382 517 7904 382 517 7905 383 636 7906 417 580 7907 416 518 7908 417 580 7909 451 581 7910 451 581 7911 485 582 7912 484 520 7913 485 582 7914 519 641 7915 518 521 7916 518 521 7917 519 641 7918 553 583 7919 552 522 7920 553 583 7921 587 584 7922 587 584 7923 621 645 7924 620 524 7925 620 524 7926 621 645 7927 655 585 7928 654 525 7929 655 585 7930 689 586 7931 688 526 7932 689 586 7933 723 587 7934 723 587 7935 757 649 7936 756 528 7937 756 528 7938 757 649 7939 791 588 7940 790 529 7941 791 588 7942 825 589 7943 825 589 7944 859 591 7945 858 530 7946 859 591 7947 893 592 7948 892 532 7949 893 592 7950 927 655 7951 926 533 7952 926 533 7953 927 655 7954 961 593 7955 960 534 7956 961 593 7957 995 594 7958 995 594 7959 1029 595 7960 1028 536 7961 1029 595 7962 1063 660 7963 1062 537 7964 1062 537 7965 1063 660 7966 1097 596 7967 1096 538 7968 1097 596 7969 1131 597 7970 1131 597 7971 1165 664 7972 1164 540 7973 1164 540 7974 1165 664 7975 1199 598 7976 1199 598 7977 1233 667 7978 1232 542 7979 1232 542 7980 1233 667 7981 1267 599 7982 1266 543 7983 1267 599 7984 1301 600 7985 1301 600 7986 1335 670 7987 1334 546 7988 1334 546 7989 1335 670 7990 1369 601 7991 1368 547 7992 1369 601 7993 1403 602 7994 1402 549 7995 1403 602 7996 1437 603 7997 1437 603 7998 1471 605 7999 1470 604 8000 1471 605 8001 1505 606 8002 1504 551 8003 1505 606 8004 1539 677 8005 1538 607 8006 1538 607 8007 1539 677 8008 1573 608 8009 1573 608 8010 1607 680 8011 1606 553 8012 1606 553 8013 1607 680 8014 1641 609 8015 1640 554 8016 1641 609 8017 1675 610 8018 1675 610 8019 1709 684 8020 1708 556 8021 1708 556 8022 1709 684 8023 1743 611 8024 1743 611 8025 1777 612 8026 1776 558 8027 1777 612 8028 1811 687 8029 1810 559 8030 1810 559 8031 1811 687 8032 1845 613 8033 1844 560 8034 1845 613 8035 1879 614 8036 1878 561 8037 1879 614 8038 1913 615 8039 1912 562 8040 1913 615 8041 1947 616 8042 1946 563 8043 1947 616 8044 1981 617 8045 1981 617 8046 2015 618 8047 2014 566 8048 2015 618 8049 2049 619 8050 2048 567 8051 2049 619 8052 2083 620 8053 2082 568 8054 2083 620 8055 2117 621 8056 2116 569 8057 2117 621 8058 2151 697 8059 2150 570 8060 2150 570 8061 2151 697 8062 9 622 8063 9 622 8064 10 698 8065 44 623 8066 43 572 8067 44 623 8068 78 624 8069 78 624 8070 112 701 8071 111 573 8072 111 573 8073 112 701 8074 146 626 8075 145 627 8076 146 626 8077 180 628 8078 179 574 8079 180 628 8080 214 629 8081 213 630 8082 214 629 8083 248 631 8084 247 575 8085 248 631 8086 282 632 8087 281 576 8088 282 632 8089 316 633 8090 315 577 8091 316 633 8092 350 634 8093 349 578 8094 350 634 8095 384 635 8096 383 636 8097 384 635 8098 418 637 8099 417 580 8100 418 637 8101 452 638 8102 451 581 8103 452 638 8104 486 639 8105 485 582 8106 486 639 8107 520 640 8108 519 641 8109 520 640 8110 554 642 8111 553 583 8112 554 642 8113 588 643 8114 587 584 8115 588 643 8116 622 644 8117 621 645 8118 622 644 8119 656 646 8120 656 646 8121 690 715 8122 689 586 8123 689 586 8124 690 715 8125 724 647 8126 723 587 8127 724 647 8128 758 648 8129 757 649 8130 758 648 8131 792 650 8132 791 588 8133 792 650 8134 826 651 8135 825 589 8136 826 651 8137 860 652 8138 859 591 8139 860 652 8140 894 653 8141 893 592 8142 894 653 8143 928 654 8144 927 655 8145 928 654 8146 962 656 8147 961 593 8148 962 656 8149 996 657 8150 995 594 8151 996 657 8152 1030 658 8153 1029 595 8154 1030 658 8155 1064 659 8156 1063 660 8157 1064 659 8158 1098 661 8159 1097 596 8160 1098 661 8161 1132 662 8162 1131 597 8163 1132 662 8164 1166 663 8165 1165 664 8166 1166 663 8167 1200 665 8168 1199 598 8169 1200 665 8170 1234 666 8171 1233 667 8172 1234 666 8173 1268 668 8174 1268 668 8175 1302 728 8176 1301 600 8177 1301 600 8178 1302 728 8179 1336 669 8180 1335 670 8181 1336 669 8182 1370 671 8183 1369 601 8184 1370 671 8185 1404 672 8186 1403 602 8187 1404 672 8188 1438 673 8189 1437 603 8190 1438 673 8191 1472 674 8192 1471 605 8193 1472 674 8194 1506 675 8195 1505 606 8196 1506 675 8197 1540 676 8198 1539 677 8199 1540 676 8200 1574 678 8201 1573 608 8202 1574 678 8203 1608 679 8204 1607 680 8205 1608 679 8206 1642 681 8207 1641 609 8208 1642 681 8209 1676 682 8210 1675 610 8211 1676 682 8212 1710 683 8213 1710 683 8214 1744 739 8215 1743 611 8216 1743 611 8217 1744 739 8218 1778 685 8219 1777 612 8220 1778 685 8221 1812 686 8222 1811 687 8223 1812 686 8224 1846 688 8225 1845 613 8226 1846 688 8227 1880 689 8228 1879 614 8229 1880 689 8230 1914 690 8231 1913 615 8232 1914 690 8233 1948 691 8234 1948 691 8235 1982 746 8236 1981 617 8237 1981 617 8238 1982 746 8239 2016 692 8240 2015 618 8241 2016 692 8242 2050 693 8243 2049 619 8244 2050 693 8245 2084 694 8246 2083 620 8247 2084 694 8248 2118 695 8249 2117 621 8250 2118 695 8251 2152 696 8252 2151 697 8253 2152 696 8254 10 698 8255 10 698 8256 11 751 8257 45 699 8258 45 699 8259 79 753 8260 78 624 8261 78 624 8262 79 753 8263 113 700 8264 112 701 8265 113 700 8266 147 702 8267 147 702 8268 181 756 8269 180 628 8270 180 628 8271 181 756 8272 215 703 8273 214 629 8274 215 703 8275 249 704 8276 249 704 8277 283 705 8278 282 632 8279 283 705 8280 317 706 8281 316 633 8282 317 706 8283 351 707 8284 350 634 8285 351 707 8286 385 708 8287 384 635 8288 385 708 8289 419 709 8290 418 637 8291 419 709 8292 453 763 8293 452 638 8294 452 638 8295 453 763 8296 487 710 8297 487 710 8298 521 765 8299 520 640 8300 520 640 8301 521 765 8302 555 711 8303 554 642 8304 555 711 8305 589 712 8306 589 712 8307 623 768 8308 622 644 8309 622 644 8310 623 768 8311 657 713 8312 656 646 8313 657 713 8314 691 714 8315 691 714 8316 725 716 8317 724 647 8318 725 716 8319 759 772 8320 758 648 8321 758 648 8322 759 772 8323 793 717 8324 793 717 8325 827 718 8326 826 651 8327 827 718 8328 861 719 8329 860 652 8330 861 719 8331 895 775 8332 894 653 8333 894 653 8334 895 775 8335 929 720 8336 929 720 8337 963 778 8338 962 656 8339 962 656 8340 963 778 8341 997 721 8342 996 657 8343 997 721 8344 1031 722 8345 1031 722 8346 1065 781 8347 1064 659 8348 1064 659 8349 1065 781 8350 1099 723 8351 1098 661 8352 1099 723 8353 1133 724 8354 1133 724 8355 1167 784 8356 1166 663 8357 1166 663 8358 1167 784 8359 1201 725 8360 1200 665 8361 1201 725 8362 1235 726 8363 1235 726 8364 1269 727 8365 1268 668 8366 1269 727 8367 1303 729 8368 1302 728 8369 1303 729 8370 1337 730 8371 1336 669 8372 1337 730 8373 1371 731 8374 1370 671 8375 1371 731 8376 1405 790 8377 1404 672 8378 1404 672 8379 1405 790 8380 1439 732 8381 1438 673 8382 1439 732 8383 1473 733 8384 1473 733 8385 1507 734 8386 1506 675 8387 1507 734 8388 1541 794 8389 1540 676 8390 1540 676 8391 1541 794 8392 1575 735 8393 1575 735 8394 1609 796 8395 1608 679 8396 1608 679 8397 1609 796 8398 1643 736 8399 1642 681 8400 1643 736 8401 1677 737 8402 1677 737 8403 1711 799 8404 1710 683 8405 1710 683 8406 1711 799 8407 1745 738 8408 1745 738 8409 1779 740 8410 1778 685 8411 1779 740 8412 1813 802 8413 1812 686 8414 1812 686 8415 1813 802 8416 1847 741 8417 1846 688 8418 1847 741 8419 1881 742 8420 1880 689 8421 1881 742 8422 1915 743 8423 1914 690 8424 1915 743 8425 1949 744 8426 1948 691 8427 1949 744 8428 1983 745 8429 1982 746 8430 1983 745 8431 2017 747 8432 2017 747 8433 2051 748 8434 2050 693 8435 2051 748 8436 2085 809 8437 2084 694 8438 2084 694 8439 2085 809 8440 2119 749 8441 2118 695 8442 2119 749 8443 2153 750 8444 2152 696 8445 2153 750 8446 11 751 8447 11 751 8448 12 811 8449 46 752 8450 46 752 8451 80 814 8452 79 753 8453 79 753 8454 80 814 8455 114 754 8456 114 754 8457 148 755 8458 147 702 8459 148 755 8460 182 757 8461 181 756 8462 182 757 8463 216 818 8464 215 703 8465 215 703 8466 216 818 8467 250 758 8468 250 758 8469 284 759 8470 283 705 8471 284 759 8472 318 821 8473 317 706 8474 317 706 8475 318 821 8476 352 760 8477 352 760 8478 386 823 8479 385 708 8480 385 708 8481 386 823 8482 420 761 8483 419 709 8484 420 761 8485 454 762 8486 453 763 8487 454 762 8488 488 764 8489 488 764 8490 522 766 8491 521 765 8492 522 766 8493 556 829 8494 555 711 8495 555 711 8496 556 829 8497 590 767 8498 590 767 8499 624 832 8500 623 768 8501 623 768 8502 624 832 8503 658 769 8504 657 713 8505 658 769 8506 692 770 8507 692 770 8508 726 834 8509 725 716 8510 725 716 8511 726 834 8512 760 771 8513 759 772 8514 760 771 8515 794 773 8516 794 773 8517 828 837 8518 827 718 8519 827 718 8520 828 837 8521 862 774 8522 862 774 8523 896 776 8524 895 775 8525 896 776 8526 930 777 8527 929 720 8528 930 777 8529 964 779 8530 963 778 8531 964 779 8532 998 842 8533 997 721 8534 997 721 8535 998 842 8536 1032 780 8537 1032 780 8538 1066 782 8539 1065 781 8540 1066 782 8541 1100 846 8542 1099 723 8543 1099 723 8544 1100 846 8545 1134 783 8546 1134 783 8547 1168 849 8548 1167 784 8549 1167 784 8550 1168 849 8551 1202 785 8552 1202 785 8553 1236 851 8554 1235 726 8555 1235 726 8556 1236 851 8557 1270 786 8558 1269 727 8559 1270 786 8560 1304 787 8561 1303 729 8562 1304 787 8563 1338 788 8564 1338 788 8565 1372 789 8566 1371 731 8567 1372 789 8568 1406 791 8569 1405 790 8570 1406 791 8571 1440 857 8572 1439 732 8573 1439 732 8574 1440 857 8575 1474 792 8576 1473 733 8577 1474 792 8578 1508 793 8579 1508 793 8580 1542 860 8581 1541 794 8582 1541 794 8583 1542 860 8584 1576 795 8585 1576 795 8586 1610 797 8587 1609 796 8588 1610 797 8589 1644 864 8590 1643 736 8591 1643 736 8592 1644 864 8593 1678 798 8594 1678 798 8595 1712 867 8596 1711 799 8597 1711 799 8598 1712 867 8599 1746 800 8600 1746 800 8601 1780 801 8602 1779 740 8603 1780 801 8604 1814 803 8605 1813 802 8606 1814 803 8607 1848 804 8608 1847 741 8609 1848 804 8610 1882 805 8611 1881 742 8612 1882 805 8613 1916 873 8614 1915 743 8615 1915 743 8616 1916 873 8617 1950 806 8618 1949 744 8619 1950 806 8620 1984 807 8621 1984 807 8622 2018 876 8623 2017 747 8624 2017 747 8625 2018 876 8626 2052 808 8627 2052 808 8628 2086 879 8629 2085 809 8630 2085 809 8631 2086 879 8632 2120 810 8633 2120 810 8634 2154 882 8635 2153 750 8636 2153 750 8637 2154 882 8638 12 811 8639 12 811 8640 13 883 8641 47 812 8642 46 752 8643 47 812 8644 81 813 8645 81 813 8646 115 887 8647 114 754 8648 114 754 8649 115 887 8650 149 815 8651 148 755 8652 149 815 8653 183 816 8654 182 757 8655 183 816 8656 217 817 8657 217 817 8658 251 891 8659 250 758 8660 250 758 8661 251 891 8662 285 819 8663 284 759 8664 285 819 8665 319 820 8666 319 820 8667 353 894 8668 352 760 8669 352 760 8670 353 894 8671 387 822 8672 386 823 8673 387 822 8674 421 824 8675 420 761 8676 421 824 8677 455 825 8678 454 762 8679 455 825 8680 489 826 8681 488 764 8682 489 826 8683 523 827 8684 522 766 8685 523 827 8686 557 828 8687 556 829 8688 557 828 8689 591 830 8690 590 767 8691 591 830 8692 625 831 8693 625 831 8694 659 903 8695 658 769 8696 658 769 8697 659 903 8698 693 833 8699 693 833 8700 727 905 8701 726 834 8702 726 834 8703 727 905 8704 761 835 8705 761 835 8706 795 908 8707 794 773 8708 794 773 8709 795 908 8710 829 836 8711 829 836 8712 863 910 8713 862 774 8714 862 774 8715 863 910 8716 897 838 8717 896 776 8718 897 838 8719 931 839 8720 930 777 8721 931 839 8722 965 840 8723 964 779 8724 965 840 8725 999 841 8726 998 842 8727 999 841 8728 1033 843 8729 1032 780 8730 1033 843 8731 1067 844 8732 1066 782 8733 1067 844 8734 1101 845 8735 1100 846 8736 1101 845 8737 1135 847 8738 1134 783 8739 1135 847 8740 1169 848 8741 1169 848 8742 1203 919 8743 1202 785 8744 1202 785 8745 1203 919 8746 1237 850 8747 1236 851 8748 1237 850 8749 1271 852 8750 1270 786 8751 1271 852 8752 1305 853 8753 1305 853 8754 1339 923 8755 1338 788 8756 1338 788 8757 1339 923 8758 1373 854 8759 1372 789 8760 1373 854 8761 1407 855 8762 1406 791 8763 1407 855 8764 1441 856 8765 1441 856 8766 1475 927 8767 1474 792 8768 1474 792 8769 1475 927 8770 1509 858 8771 1508 793 8772 1509 858 8773 1543 859 8774 1542 860 8775 1543 859 8776 1577 861 8777 1576 795 8778 1577 861 8779 1611 862 8780 1610 797 8781 1611 862 8782 1645 863 8783 1644 864 8784 1645 863 8785 1679 865 8786 1678 798 8787 1679 865 8788 1713 866 8789 1712 867 8790 1713 866 8791 1747 868 8792 1746 800 8793 1747 868 8794 1781 869 8795 1781 869 8796 1815 937 8797 1814 803 8798 1814 803 8799 1815 937 8800 1849 870 8801 1848 804 8802 1849 870 8803 1883 871 8804 1882 805 8805 1883 871 8806 1917 872 8807 1917 872 8808 1951 874 8809 1950 806 8810 1951 874 8811 1985 943 8812 1984 807 8813 1984 807 8814 1985 943 8815 2019 875 8816 2018 876 8817 2019 875 8818 2053 877 8819 2052 808 8820 2053 877 8821 2087 878 8822 2086 879 8823 2087 878 8824 2121 880 8825 2120 810 8826 2121 880 8827 2155 881 8828 2154 882 8829 2155 881 8830 13 883 8831 13 883 8832 14 948 8833 48 884 8834 47 812 8835 48 884 8836 82 885 8837 81 813 8838 82 885 8839 116 886 8840 116 886 8841 150 888 8842 149 815 8843 150 888 8844 184 953 8845 183 816 8846 183 816 8847 184 953 8848 218 889 8849 217 817 8850 218 889 8851 252 890 8852 251 891 8853 252 890 8854 286 892 8855 286 892 8856 320 957 8857 319 820 8858 319 820 8859 320 957 8860 354 893 8861 353 894 8862 354 893 8863 388 895 8864 387 822 8865 388 895 8866 422 896 8867 422 896 8868 456 961 8869 455 825 8870 455 825 8871 456 961 8872 490 897 8873 489 826 8874 490 897 8875 524 898 8876 523 827 8877 524 898 8878 558 899 8879 557 828 8880 558 899 8881 592 900 8882 591 830 8883 592 900 8884 626 901 8885 625 831 8886 626 901 8887 660 902 8888 660 902 8889 694 967 8890 693 833 8891 693 833 8892 694 967 8893 728 904 8894 727 905 8895 728 904 8896 762 906 8897 761 835 8898 762 906 8899 796 907 8900 796 907 8901 830 971 8902 829 836 8903 829 836 8904 830 971 8905 864 909 8906 863 910 8907 864 909 8908 898 911 8909 897 838 8910 898 911 8911 932 912 8912 932 912 8913 966 975 8914 965 840 8915 965 840 8916 966 975 8917 1000 913 8918 999 841 8919 1000 913 8920 1034 914 8921 1034 914 8922 1068 978 8923 1067 844 8924 1067 844 8925 1068 978 8926 1102 915 8927 1101 845 8928 1102 915 8929 1136 916 8930 1135 847 8931 1136 916 8932 1170 917 8933 1169 848 8934 1170 917 8935 1204 918 8936 1204 918 8937 1238 983 8938 1237 850 8939 1237 850 8940 1238 983 8941 1272 920 8942 1271 852 8943 1272 920 8944 1306 921 8945 1305 853 8946 1306 921 8947 1340 922 8948 1340 922 8949 1374 924 8950 1373 854 8951 1374 924 8952 1408 988 8953 1407 855 8954 1407 855 8955 1408 988 8956 1442 925 8957 1441 856 8958 1442 925 8959 1476 926 8960 1475 927 8961 1476 926 8962 1510 928 8963 1510 928 8964 1544 929 8965 1543 859 8966 1544 929 8967 1578 930 8968 1577 861 8969 1578 930 8970 1612 994 8971 1611 862 8972 1611 862 8973 1612 994 8974 1646 931 8975 1645 863 8976 1646 931 8977 1680 932 8978 1679 865 8979 1680 932 8980 1714 933 8981 1713 866 8982 1714 933 8983 1748 934 8984 1747 868 8985 1748 934 8986 1782 935 8987 1781 869 8988 1782 935 8989 1816 936 8990 1815 937 8991 1816 936 8992 1850 938 8993 1849 870 8994 1850 938 8995 1884 939 8996 1883 871 8997 1884 939 8998 1918 940 8999 1917 872 9000 1918 940 9001 1952 941 9002 1951 874 9003 1952 941 9004 1986 942 9005 1986 942 9006 2020 944 9007 2019 875 9008 2020 944 9009 2054 945 9010 2053 877 9011 2054 945 9012 2088 1005 9013 2087 878 9014 2087 878 9015 2088 1005 9016 2122 946 9017 2121 880 9018 2122 946 9019 2156 947 9020 2155 881 9021 2156 947 9022 14 948 9023 14 948 9024 15 1008 9025 49 949 9026 48 884 9027 49 949 9028 83 950 9029 83 950 9030 117 1012 9031 116 886 9032 116 886 9033 117 1012 9034 151 951 9035 150 888 9036 151 951 9037 185 952 9038 185 952 9039 219 954 9040 218 889 9041 219 954 9042 253 1017 9043 252 890 9044 252 890 9045 253 1017 9046 287 955 9047 286 892 9048 287 955 9049 321 956 9050 320 957 9051 321 956 9052 355 958 9053 355 958 9054 389 959 9055 388 895 9056 389 959 9057 423 1021 9058 422 896 9059 422 896 9060 423 1021 9061 457 960 9062 457 960 9063 491 962 9064 490 897 9065 491 962 9066 525 1025 9067 524 898 9068 524 898 9069 525 1025 9070 559 963 9071 558 899 9072 559 963 9073 593 964 9074 592 900 9075 593 964 9076 627 965 9077 627 965 9078 661 1030 9079 660 902 9080 660 902 9081 661 1030 9082 695 966 9083 694 967 9084 695 966 9085 729 968 9086 729 968 9087 763 969 9088 762 906 9089 763 969 9090 797 970 9091 796 907 9092 797 970 9093 831 1035 9094 830 971 9095 830 971 9096 831 1035 9097 865 972 9098 865 972 9099 899 973 9100 898 911 9101 899 973 9102 933 1038 9103 932 912 9104 932 912 9105 933 1038 9106 967 974 9107 966 975 9108 967 974 9109 1001 976 9110 1001 976 9111 1035 977 9112 1034 914 9113 1035 977 9114 1069 1042 9115 1068 978 9116 1068 978 9117 1069 1042 9118 1103 979 9119 1102 915 9120 1103 979 9121 1137 980 9122 1136 916 9123 1137 980 9124 1171 981 9125 1171 981 9126 1205 982 9127 1204 918 9128 1205 982 9129 1239 1048 9130 1238 983 9131 1238 983 9132 1239 1048 9133 1273 984 9134 1273 984 9135 1307 1051 9136 1306 921 9137 1306 921 9138 1307 1051 9139 1341 985 9140 1340 922 9141 1341 985 9142 1375 986 9143 1374 924 9144 1375 986 9145 1409 987 9146 1409 987 9147 1443 989 9148 1442 925 9149 1443 989 9150 1477 990 9151 1476 926 9152 1477 990 9153 1511 991 9154 1510 928 9155 1511 991 9156 1545 992 9157 1544 929 9158 1545 992 9159 1579 993 9160 1578 930 9161 1579 993 9162 1613 1060 9163 1612 994 9164 1612 994 9165 1613 1060 9166 1647 995 9167 1646 931 9168 1647 995 9169 1681 996 9170 1680 932 9171 1681 996 9172 1715 997 9173 1715 997 9174 1749 1065 9175 1748 934 9176 1748 934 9177 1749 1065 9178 1783 998 9179 1782 935 9180 1783 998 9181 1817 999 9182 1816 936 9183 1817 999 9184 1851 1000 9185 1851 1000 9186 1885 1001 9187 1884 939 9188 1885 1001 9189 1919 1070 9190 1918 940 9191 1918 940 9192 1919 1070 9193 1953 1002 9194 1953 1002 9195 1987 1003 9196 1986 942 9197 1987 1003 9198 2021 1073 9199 2020 944 9200 2020 944 9201 2021 1073 9202 2055 1004 9203 2055 1004 9204 2089 1006 9205 2088 1005 9206 2089 1006 9207 2123 1077 9208 2122 946 9209 2122 946 9210 2123 1077 9211 2157 1007 9212 2157 1007 9213 15 1008 9214 14 948 9215 15 1008 9216 16 1079 9217 50 1009 9218 49 949 9219 50 1009 9220 84 1010 9221 83 950 9222 84 1010 9223 118 1011 9224 117 1012 9225 118 1011 9226 152 1013 9227 151 951 9228 152 1013 9229 186 1014 9230 185 952 9231 186 1014 9232 220 1015 9233 219 954 9234 220 1015 9235 254 1016 9236 253 1017 9237 254 1016 9238 288 1018 9239 288 1018 9240 322 1087 9241 321 956 9242 321 956 9243 322 1087 9244 356 1019 9245 355 958 9246 356 1019 9247 390 1020 9248 390 1020 9249 424 1091 9250 423 1021 9251 423 1021 9252 424 1091 9253 458 1022 9254 457 960 9255 458 1022 9256 492 1023 9257 491 962 9258 492 1023 9259 526 1024 9260 525 1025 9261 526 1024 9262 560 1026 9263 559 963 9264 560 1026 9265 594 1027 9266 593 964 9267 594 1027 9268 628 1028 9269 627 965 9270 628 1028 9271 662 1029 9272 661 1030 9273 662 1029 9274 696 1031 9275 696 1031 9276 730 1032 9277 729 968 9278 730 1032 9279 764 1100 9280 763 969 9281 763 969 9282 764 1100 9283 798 1033 9284 797 970 9285 798 1033 9286 832 1034 9287 832 1034 9288 866 1103 9289 865 972 9290 865 972 9291 866 1103 9292 900 1036 9293 899 973 9294 900 1036 9295 934 1037 9296 934 1037 9297 968 1107 9298 967 974 9299 967 974 9300 968 1107 9301 1002 1039 9302 1001 976 9303 1002 1039 9304 1036 1040 9305 1035 977 9306 1036 1040 9307 1070 1041 9308 1069 1042 9309 1070 1041 9310 1104 1043 9311 1103 979 9312 1104 1043 9313 1138 1044 9314 1137 980 9315 1138 1044 9316 1172 1045 9317 1171 981 9318 1172 1045 9319 1206 1046 9320 1205 982 9321 1206 1046 9322 1240 1047 9323 1239 1048 9324 1240 1047 9325 1274 1049 9326 1273 984 9327 1274 1049 9328 1308 1050 9329 1307 1051 9330 1308 1050 9331 1342 1052 9332 1341 985 9333 1342 1052 9334 1376 1053 9335 1375 986 9336 1376 1053 9337 1410 1054 9338 1409 987 9339 1410 1054 9340 1444 1055 9341 1444 1055 9342 1478 1056 9343 1477 990 9344 1478 1056 9345 1512 1121 9346 1511 991 9347 1511 991 9348 1512 1121 9349 1546 1057 9350 1545 992 9351 1546 1057 9352 1580 1058 9353 1579 993 9354 1580 1058 9355 1614 1059 9356 1613 1060 9357 1614 1059 9358 1648 1061 9359 1647 995 9360 1648 1061 9361 1682 1062 9362 1681 996 9363 1682 1062 9364 1716 1063 9365 1715 997 9366 1716 1063 9367 1750 1064 9368 1749 1065 9369 1750 1064 9370 1784 1066 9371 1784 1066 9372 1818 1067 9373 1817 999 9374 1818 1067 9375 1852 1068 9376 1851 1000 9377 1852 1068 9378 1886 1129 9379 1885 1001 9380 1885 1001 9381 1886 1129 9382 1920 1069 9383 1919 1070 9384 1920 1069 9385 1954 1071 9386 1953 1002 9387 1954 1071 9388 1988 1072 9389 1988 1072 9390 2022 1133 9391 2021 1073 9392 2021 1073 9393 2022 1133 9394 2056 1074 9395 2055 1004 9396 2056 1074 9397 2090 1075 9398 2089 1006 9399 2090 1075 9400 2124 1076 9401 2123 1077 9402 2124 1076 9403 2158 1078 9404 2157 1007 9405 2158 1078 9406 16 1079 9407 16 1079 9408 17 1137 9409 51 1080 9410 50 1009 9411 51 1080 9412 85 1081 9413 84 1010 9414 85 1081 9415 119 1082 9416 119 1082 9417 153 1142 9418 152 1013 9419 152 1013 9420 153 1142 9421 187 1083 9422 186 1014 9423 187 1083 9424 221 1084 9425 220 1015 9426 221 1084 9427 255 1085 9428 255 1085 9429 289 1086 9430 288 1018 9431 289 1086 9432 323 1088 9433 322 1087 9434 323 1088 9435 357 1148 9436 356 1019 9437 356 1019 9438 357 1148 9439 391 1089 9440 390 1020 9441 391 1089 9442 425 1090 9443 424 1091 9444 425 1090 9445 459 1092 9446 459 1092 9447 493 1153 9448 492 1023 9449 492 1023 9450 493 1153 9451 527 1093 9452 526 1024 9453 527 1093 9454 561 1094 9455 560 1026 9456 561 1094 9457 595 1095 9458 595 1095 9459 629 1096 9460 628 1028 9461 629 1096 9462 663 1159 9463 662 1029 9464 662 1029 9465 663 1159 9466 697 1097 9467 696 1031 9468 697 1097 9469 731 1098 9470 730 1032 9471 731 1098 9472 765 1099 9473 764 1100 9474 765 1099 9475 799 1101 9476 798 1033 9477 799 1101 9478 833 1102 9479 833 1102 9480 867 1104 9481 866 1103 9482 867 1104 9483 901 1166 9484 900 1036 9485 900 1036 9486 901 1166 9487 935 1105 9488 934 1037 9489 935 1105 9490 969 1106 9491 968 1107 9492 969 1106 9493 1003 1108 9494 1003 1108 9495 1037 1171 9496 1036 1040 9497 1036 1040 9498 1037 1171 9499 1071 1109 9500 1070 1041 9501 1071 1109 9502 1105 1110 9503 1104 1043 9504 1105 1110 9505 1139 1111 9506 1138 1044 9507 1139 1111 9508 1173 1112 9509 1172 1045 9510 1173 1112 9511 1207 1113 9512 1207 1113 9513 1241 1178 9514 1240 1047 9515 1240 1047 9516 1241 1178 9517 1275 1114 9518 1274 1049 9519 1275 1114 9520 1309 1115 9521 1308 1050 9522 1309 1115 9523 1343 1116 9524 1343 1116 9525 1377 1183 9526 1376 1053 9527 1376 1053 9528 1377 1183 9529 1411 1117 9530 1410 1054 9531 1411 1117 9532 1445 1118 9533 1444 1055 9534 1445 1118 9535 1479 1119 9536 1478 1056 9537 1479 1119 9538 1513 1120 9539 1513 1120 9540 1547 1122 9541 1546 1057 9542 1547 1122 9543 1581 1189 9544 1580 1058 9545 1580 1058 9546 1581 1189 9547 1615 1123 9548 1614 1059 9549 1615 1123 9550 1649 1124 9551 1648 1061 9552 1649 1124 9553 1683 1125 9554 1683 1125 9555 1717 1194 9556 1716 1063 9557 1716 1063 9558 1717 1194 9559 1751 1126 9560 1751 1126 9561 1785 1197 9562 1784 1066 9563 1784 1066 9564 1785 1197 9565 1819 1127 9566 1819 1127 9567 1853 1200 9568 1852 1068 9569 1852 1068 9570 1853 1200 9571 1887 1128 9572 1887 1128 9573 1921 1130 9574 1920 1069 9575 1921 1130 9576 1955 1204 9577 1954 1071 9578 1954 1071 9579 1955 1204 9580 1989 1131 9581 1988 1072 9582 1989 1131 9583 2023 1132 9584 2022 1133 9585 2023 1132 9586 2057 1134 9587 2057 1134 9588 2091 1208 9589 2090 1075 9590 2090 1075 9591 2091 1208 9592 2125 1135 9593 2124 1076 9594 2125 1135 9595 2159 1136 9596 2158 1078 9597 2159 1136 9598 17 1137 9599 17 1137 9600 18 1211 9601 52 1138 9602 51 1080 9603 52 1138 9604 86 1139 9605 85 1081 9606 86 1139 9607 120 1140 9608 119 1082 9609 120 1140 9610 154 1141 9611 154 1141 9612 188 1216 9613 187 1083 9614 187 1083 9615 188 1216 9616 222 1143 9617 221 1084 9618 222 1143 9619 256 1144 9620 255 1085 9621 256 1144 9622 290 1145 9623 289 1086 9624 290 1145 9625 324 1146 9626 323 1088 9627 324 1146 9628 358 1147 9629 357 1148 9630 358 1147 9631 392 1149 9632 391 1089 9633 392 1149 9634 426 1150 9635 425 1090 9636 426 1150 9637 460 1151 9638 459 1092 9639 460 1151 9640 494 1152 9641 493 1153 9642 494 1152 9643 528 1154 9644 527 1093 9645 528 1154 9646 562 1155 9647 561 1094 9648 562 1155 9649 596 1156 9650 595 1095 9651 596 1156 9652 630 1157 9653 629 1096 9654 630 1157 9655 664 1158 9656 663 1159 9657 664 1158 9658 698 1160 9659 697 1097 9660 698 1160 9661 732 1161 9662 731 1098 9663 732 1161 9664 766 1162 9665 766 1162 9666 800 1231 9667 799 1101 9668 799 1101 9669 800 1231 9670 834 1163 9671 833 1102 9672 834 1163 9673 868 1164 9674 867 1104 9675 868 1164 9676 902 1165 9677 901 1166 9678 902 1165 9679 936 1167 9680 935 1105 9681 936 1167 9682 970 1168 9683 969 1106 9684 970 1168 9685 1004 1169 9686 1003 1108 9687 1004 1169 9688 1038 1170 9689 1037 1171 9690 1038 1170 9691 1072 1172 9692 1071 1109 9693 1072 1172 9694 1106 1173 9695 1105 1110 9696 1106 1173 9697 1140 1174 9698 1139 1111 9699 1140 1174 9700 1174 1175 9701 1173 1112 9702 1174 1175 9703 1208 1176 9704 1207 1113 9705 1208 1176 9706 1242 1177 9707 1241 1178 9708 1242 1177 9709 1276 1179 9710 1275 1114 9711 1276 1179 9712 1310 1180 9713 1309 1115 9714 1310 1180 9715 1344 1181 9716 1343 1116 9717 1344 1181 9718 1378 1182 9719 1377 1183 9720 1378 1182 9721 1412 1184 9722 1411 1117 9723 1412 1184 9724 1446 1185 9725 1445 1118 9726 1446 1185 9727 1480 1186 9728 1480 1186 9729 1514 1248 9730 1513 1120 9731 1513 1120 9732 1514 1248 9733 1548 1187 9734 1547 1122 9735 1548 1187 9736 1582 1188 9737 1581 1189 9738 1582 1188 9739 1616 1190 9740 1615 1123 9741 1616 1190 9742 1650 1191 9743 1649 1124 9744 1650 1191 9745 1684 1192 9746 1683 1125 9747 1684 1192 9748 1718 1193 9749 1717 1194 9750 1718 1193 9751 1752 1195 9752 1751 1126 9753 1752 1195 9754 1786 1196 9755 1785 1197 9756 1786 1196 9757 1820 1198 9758 1819 1127 9759 1820 1198 9760 1854 1199 9761 1853 1200 9762 1854 1199 9763 1888 1201 9764 1887 1128 9765 1888 1201 9766 1922 1202 9767 1921 1130 9768 1922 1202 9769 1956 1203 9770 1955 1204 9771 1956 1203 9772 1990 1205 9773 1989 1131 9774 1990 1205 9775 2024 1206 9776 2024 1206 9777 2058 1261 9778 2057 1134 9779 2057 1134 9780 2058 1261 9781 2092 1207 9782 2091 1208 9783 2092 1207 9784 2126 1209 9785 2125 1135 9786 2126 1209 9787 2160 1210 9788 2159 1136 9789 2160 1210 9790 18 1211 9791 18 1211 9792 19 1264 9793 53 1212 9794 53 1212 9795 87 1213 9796 86 1139 9797 87 1213 9798 121 1268 9799 120 1140 9800 120 1140 9801 121 1268 9802 155 1214 9803 154 1141 9804 155 1214 9805 189 1215 9806 188 1216 9807 189 1215 9808 223 1217 9809 223 1217 9810 257 1273 9811 256 1144 9812 256 1144 9813 257 1273 9814 291 1218 9815 291 1218 9816 325 1219 9817 324 1146 9818 325 1219 9819 359 1277 9820 358 1147 9821 358 1147 9822 359 1277 9823 393 1220 9824 392 1149 9825 393 1220 9826 427 1221 9827 426 1150 9828 427 1221 9829 461 1222 9830 460 1151 9831 461 1222 9832 495 1223 9833 494 1152 9834 495 1223 9835 529 1224 9836 529 1224 9837 563 1284 9838 562 1155 9839 562 1155 9840 563 1284 9841 597 1225 9842 596 1156 9843 597 1225 9844 631 1226 9845 630 1157 9846 631 1226 9847 665 1227 9848 664 1158 9849 665 1227 9850 699 1228 9851 698 1160 9852 699 1228 9853 733 1229 9854 732 1161 9855 733 1229 9856 767 1230 9857 767 1230 9858 801 1292 9859 800 1231 9860 800 1231 9861 801 1292 9862 835 1232 9863 835 1232 9864 869 1233 9865 868 1164 9866 869 1233 9867 903 1295 9868 902 1165 9869 902 1165 9870 903 1295 9871 937 1234 9872 936 1167 9873 937 1234 9874 971 1235 9875 970 1168 9876 971 1235 9877 1005 1236 9878 1004 1169 9879 1005 1236 9880 1039 1237 9881 1038 1170 9882 1039 1237 9883 1073 1238 9884 1073 1238 9885 1107 1301 9886 1106 1173 9887 1106 1173 9888 1107 1301 9889 1141 1239 9890 1141 1239 9891 1175 1304 9892 1174 1175 9893 1174 1175 9894 1175 1304 9895 1209 1240 9896 1208 1176 9897 1209 1240 9898 1243 1241 9899 1242 1177 9900 1243 1241 9901 1277 1242 9902 1276 1179 9903 1277 1242 9904 1311 1243 9905 1311 1243 9906 1345 1310 9907 1344 1181 9908 1344 1181 9909 1345 1310 9910 1379 1244 9911 1379 1244 9912 1413 1245 9913 1412 1184 9914 1413 1245 9915 1447 1313 9916 1446 1185 9917 1446 1185 9918 1447 1313 9919 1481 1246 9920 1480 1186 9921 1481 1246 9922 1515 1247 9923 1514 1248 9924 1515 1247 9925 1549 1249 9926 1548 1187 9927 1549 1249 9928 1583 1250 9929 1582 1188 9930 1583 1250 9931 1617 1251 9932 1617 1251 9933 1651 1252 9934 1650 1191 9935 1651 1252 9936 1685 1253 9937 1684 1192 9938 1685 1253 9939 1719 1322 9940 1718 1193 9941 1718 1193 9942 1719 1322 9943 1753 1254 9944 1752 1195 9945 1753 1254 9946 1787 1255 9947 1786 1196 9948 1787 1255 9949 1821 1256 9950 1821 1256 9951 1855 1327 9952 1854 1199 9953 1854 1199 9954 1855 1327 9955 1889 1257 9956 1888 1201 9957 1889 1257 9958 1923 1258 9959 1922 1202 9960 1923 1258 9961 1957 1259 9962 1957 1259 9963 1991 1331 9964 1990 1205 9965 1990 1205 9966 1991 1331 9967 2025 1260 9968 2025 1260 9969 2059 1334 9970 2058 1261 9971 2058 1261 9972 2059 1334 9973 2093 1262 9974 2092 1207 9975 2093 1262 9976 2127 1263 9977 2127 1263 9978 2161 1338 9979 2160 1210 9980 2160 1210 9981 2161 1338 9982 19 1264 9983 19 1264 9984 20 1339 9985 54 1265 9986 53 1212 9987 54 1265 9988 88 1266 9989 87 1213 9990 88 1266 9991 122 1267 9992 121 1268 9993 122 1267 9994 156 1269 9995 155 1214 9996 156 1269 9997 190 1270 9998 189 1215 9999 190 1270 10000 224 1271 10001 223 1217 10002 224 1271 10003 258 1272 10004 257 1273 10005 258 1272 10006 292 1274 10007 291 1218 10008 292 1274 10009 326 1275 10010 325 1219 10011 326 1275 10012 360 1276 10013 359 1277 10014 360 1276 10015 394 1278 10016 393 1220 10017 394 1278 10018 428 1279 10019 427 1221 10020 428 1279 10021 462 1280 10022 461 1222 10023 462 1280 10024 496 1281 10025 495 1223 10026 496 1281 10027 530 1282 10028 529 1224 10029 530 1282 10030 564 1283 10031 563 1284 10032 564 1283 10033 598 1285 10034 597 1225 10035 598 1285 10036 632 1286 10037 631 1226 10038 632 1286 10039 666 1287 10040 665 1227 10041 666 1287 10042 700 1288 10043 699 1228 10044 700 1288 10045 734 1289 10046 733 1229 10047 734 1289 10048 768 1290 10049 767 1230 10050 768 1290 10051 802 1291 10052 802 1291 10053 836 1360 10054 835 1232 10055 835 1232 10056 836 1360 10057 870 1293 10058 869 1233 10059 870 1293 10060 904 1294 10061 903 1295 10062 904 1294 10063 938 1296 10064 937 1234 10065 938 1296 10066 972 1297 10067 972 1297 10068 1006 1365 10069 1005 1236 10070 1005 1236 10071 1006 1365 10072 1040 1298 10073 1039 1237 10074 1040 1298 10075 1074 1299 10076 1073 1238 10077 1074 1299 10078 1108 1300 10079 1107 1301 10080 1108 1300 10081 1142 1302 10082 1141 1239 10083 1142 1302 10084 1176 1303 10085 1175 1304 10086 1176 1303 10087 1210 1305 10088 1209 1240 10089 1210 1305 10090 1244 1306 10091 1243 1241 10092 1244 1306 10093 1278 1307 10094 1277 1242 10095 1278 1307 10096 1312 1308 10097 1311 1243 10098 1312 1308 10099 1346 1309 10100 1345 1310 10101 1346 1309 10102 1380 1311 10103 1380 1311 10104 1414 1377 10105 1413 1245 10106 1413 1245 10107 1414 1377 10108 1448 1312 10109 1447 1313 10110 1448 1312 10111 1482 1314 10112 1481 1246 10113 1482 1314 10114 1516 1315 10115 1515 1247 10116 1516 1315 10117 1550 1316 10118 1549 1249 10119 1550 1316 10120 1584 1317 10121 1583 1250 10122 1584 1317 10123 1618 1318 10124 1617 1251 10125 1618 1318 10126 1652 1319 10127 1651 1252 10128 1652 1319 10129 1686 1320 10130 1685 1253 10131 1686 1320 10132 1720 1321 10133 1719 1322 10134 1720 1321 10135 1754 1323 10136 1753 1254 10137 1754 1323 10138 1788 1324 10139 1787 1255 10140 1788 1324 10141 1822 1325 10142 1821 1256 10143 1822 1325 10144 1856 1326 10145 1855 1327 10146 1856 1326 10147 1890 1328 10148 1889 1257 10149 1890 1328 10150 1924 1329 10151 1924 1329 10152 1958 1391 10153 1957 1259 10154 1957 1259 10155 1958 1391 10156 1992 1330 10157 1991 1331 10158 1992 1330 10159 2026 1332 10160 2025 1260 10161 2026 1332 10162 2060 1333 10163 2059 1334 10164 2060 1333 10165 2094 1335 10166 2093 1262 10167 2094 1335 10168 2128 1336 10169 2127 1263 10170 2128 1336 10171 2162 1337 10172 2161 1338 10173 2162 1337 10174 20 1339 10175 20 1339 10176 21 1396 10177 55 1340 10178 54 1265 10179 55 1340 10180 89 1341 10181 89 1341 10182 123 1400 10183 122 1267 10184 122 1267 10185 123 1400 10186 157 1342 10187 157 1342 10188 191 1403 10189 190 1270 10190 190 1270 10191 191 1403 10192 225 1343 10193 224 1271 10194 225 1343 10195 259 1344 10196 258 1272 10197 259 1344 10198 293 1345 10199 292 1274 10200 293 1345 10201 327 1346 10202 326 1275 10203 327 1346 10204 361 1347 10205 360 1276 10206 361 1347 10207 395 1348 10208 395 1348 10209 429 1349 10210 428 1279 10211 429 1349 10212 463 1412 10213 462 1280 10214 462 1280 10215 463 1412 10216 497 1350 10217 496 1281 10218 497 1350 10219 531 1351 10220 530 1282 10221 531 1351 10222 565 1352 10223 564 1283 10224 565 1352 10225 599 1353 10226 598 1285 10227 599 1353 10228 633 1354 10229 632 1286 10230 633 1354 10231 667 1355 10232 667 1355 10233 701 1356 10234 700 1288 10235 701 1356 10236 735 1357 10237 734 1289 10238 735 1357 10239 769 1422 10240 768 1290 10241 768 1290 10242 769 1422 10243 803 1358 10244 802 1291 10245 803 1358 10246 837 1359 10247 836 1360 10248 837 1359 10249 871 1361 10250 870 1293 10251 871 1361 10252 905 1362 10253 905 1362 10254 939 1363 10255 938 1296 10256 939 1363 10257 973 1364 10258 972 1297 10259 973 1364 10260 1007 1430 10261 1006 1365 10262 1006 1365 10263 1007 1430 10264 1041 1366 10265 1040 1298 10266 1041 1366 10267 1075 1367 10268 1074 1299 10269 1075 1367 10270 1109 1368 10271 1108 1300 10272 1109 1368 10273 1143 1369 10274 1142 1302 10275 1143 1369 10276 1177 1370 10277 1176 1303 10278 1177 1370 10279 1211 1371 10280 1210 1305 10281 1211 1371 10282 1245 1372 10283 1245 1372 10284 1279 1373 10285 1278 1307 10286 1279 1373 10287 1313 1440 10288 1312 1308 10289 1312 1308 10290 1313 1440 10291 1347 1374 10292 1346 1309 10293 1347 1374 10294 1381 1375 10295 1380 1311 10296 1381 1375 10297 1415 1376 10298 1414 1377 10299 1415 1376 10300 1449 1378 10301 1448 1312 10302 1449 1378 10303 1483 1379 10304 1483 1379 10305 1517 1447 10306 1516 1315 10307 1516 1315 10308 1517 1447 10309 1551 1380 10310 1551 1380 10311 1585 1450 10312 1584 1317 10313 1584 1317 10314 1585 1450 10315 1619 1381 10316 1618 1318 10317 1619 1381 10318 1653 1382 10319 1652 1319 10320 1653 1382 10321 1687 1383 10322 1686 1320 10323 1687 1383 10324 1721 1384 10325 1720 1321 10326 1721 1384 10327 1755 1385 10328 1754 1323 10329 1755 1385 10330 1789 1386 10331 1789 1386 10332 1823 1387 10333 1822 1325 10334 1823 1387 10335 1857 1459 10336 1856 1326 10337 1856 1326 10338 1857 1459 10339 1891 1388 10340 1890 1328 10341 1891 1388 10342 1925 1389 10343 1924 1329 10344 1925 1389 10345 1959 1390 10346 1959 1390 10347 1993 1464 10348 1992 1330 10349 1992 1330 10350 1993 1464 10351 2027 1392 10352 2027 1392 10353 2061 1393 10354 2060 1333 10355 2061 1393 10356 2095 1468 10357 2094 1335 10358 2094 1335 10359 2095 1468 10360 2129 1394 10361 2128 1336 10362 2129 1394 10363 2163 1395 10364 2162 1337 10365 2163 1395 10366 21 1396 10367 22 1397 10368 56 1398 10369 55 1340 10370 56 1398 10371 90 1399 10372 89 1341 10373 90 1399 10374 124 1401 10375 123 1400 10376 124 1401 10377 158 1402 10378 157 1342 10379 158 1402 10380 192 1404 10381 191 1403 10382 192 1404 10383 226 1405 10384 225 1343 10385 226 1405 10386 260 1406 10387 259 1344 10388 260 1406 10389 294 1407 10390 293 1345 10391 294 1407 10392 328 1408 10393 327 1346 10394 328 1408 10395 362 1409 10396 361 1347 10397 362 1409 10398 396 1410 10399 395 1348 10400 396 1410 10401 430 1411 10402 429 1349 10403 430 1411 10404 464 1413 10405 463 1412 10406 464 1413 10407 498 1414 10408 497 1350 10409 498 1414 10410 532 1415 10411 531 1351 10412 532 1415 10413 566 1416 10414 565 1352 10415 566 1416 10416 600 1417 10417 599 1353 10418 600 1417 10419 634 1418 10420 633 1354 10421 634 1418 10422 668 1419 10423 667 1355 10424 668 1419 10425 702 1420 10426 701 1356 10427 702 1420 10428 736 1421 10429 735 1357 10430 736 1421 10431 770 1423 10432 769 1422 10433 770 1423 10434 804 1424 10435 803 1358 10436 804 1424 10437 838 1425 10438 837 1359 10439 838 1425 10440 872 1426 10441 871 1361 10442 872 1426 10443 906 1427 10444 905 1362 10445 906 1427 10446 940 1428 10447 939 1363 10448 940 1428 10449 974 1429 10450 973 1364 10451 974 1429 10452 1008 1431 10453 1007 1430 10454 1008 1431 10455 1042 1432 10456 1041 1366 10457 1042 1432 10458 1076 1433 10459 1075 1367 10460 1076 1433 10461 1110 1434 10462 1109 1368 10463 1110 1434 10464 1144 1435 10465 1143 1369 10466 1144 1435 10467 1178 1436 10468 1177 1370 10469 1178 1436 10470 1212 1437 10471 1211 1371 10472 1212 1437 10473 1246 1438 10474 1245 1372 10475 1246 1438 10476 1280 1439 10477 1279 1373 10478 1280 1439 10479 1314 1441 10480 1313 1440 10481 1314 1441 10482 1348 1442 10483 1347 1374 10484 1348 1442 10485 1382 1443 10486 1381 1375 10487 1382 1443 10488 1416 1444 10489 1415 1376 10490 1416 1444 10491 1450 1445 10492 1449 1378 10493 1450 1445 10494 1484 1446 10495 1483 1379 10496 1484 1446 10497 1518 1448 10498 1517 1447 10499 1518 1448 10500 1552 1449 10501 1551 1380 10502 1552 1449 10503 1586 1451 10504 1585 1450 10505 1586 1451 10506 1620 1452 10507 1619 1381 10508 1620 1452 10509 1654 1453 10510 1653 1382 10511 1654 1453 10512 1688 1454 10513 1687 1383 10514 1688 1454 10515 1722 1455 10516 1721 1384 10517 1722 1455 10518 1756 1456 10519 1755 1385 10520 1756 1456 10521 1790 1457 10522 1789 1386 10523 1790 1457 10524 1824 1458 10525 1823 1387 10526 1824 1458 10527 1858 1460 10528 1857 1459 10529 1858 1460 10530 1892 1461 10531 1891 1388 10532 1892 1461 10533 1926 1462 10534 1925 1389 10535 1926 1462 10536 1960 1463 10537 1959 1390 10538 1960 1463 10539 1994 1465 10540 1993 1464 10541 1994 1465 10542 2028 1466 10543 2027 1392 10544 2028 1466 10545 2062 1467 10546 2061 1393 10547 2062 1467 10548 2096 1469 10549 2095 1468 10550 2096 1469 10551 2130 1470 10552 2129 1394 10553 2130 1470 10554 2164 1524 10555 2163 1395 10556 2163 1395 10557 2164 1524 10558 22 1397 10559 22 1397 10560 23 1525 10561 57 1471 10562 57 1471 10563 91 1472 10564 90 1399 10565 91 1472 10566 125 1529 10567 124 1401 10568 124 1401 10569 125 1529 10570 159 1473 10571 158 1402 10572 159 1473 10573 193 1474 10574 192 1404 10575 193 1474 10576 227 1475 10577 226 1405 10578 227 1475 10579 261 1476 10580 260 1406 10581 261 1476 10582 295 1477 10583 294 1407 10584 295 1477 10585 329 1478 10586 328 1408 10587 329 1478 10588 363 1479 10589 362 1409 10590 363 1479 10591 397 1480 10592 397 1480 10593 431 1481 10594 430 1411 10595 431 1481 10596 465 1482 10597 464 1413 10598 465 1482 10599 499 1539 10600 498 1414 10601 498 1414 10602 499 1539 10603 533 1483 10604 532 1415 10605 533 1483 10606 567 1484 10607 566 1416 10608 567 1484 10609 601 1485 10610 601 1485 10611 635 1486 10612 634 1418 10613 635 1486 10614 669 1487 10615 668 1419 10616 669 1487 10617 703 1488 10618 702 1420 10619 703 1488 10620 737 1546 10621 736 1421 10622 736 1421 10623 737 1546 10624 771 1489 10625 771 1489 10626 805 1549 10627 804 1424 10628 804 1424 10629 805 1549 10630 839 1490 10631 838 1425 10632 839 1490 10633 873 1491 10634 872 1426 10635 873 1491 10636 907 1492 10637 906 1427 10638 907 1492 10639 941 1493 10640 940 1428 10641 941 1493 10642 975 1494 10643 974 1429 10644 975 1494 10645 1009 1495 10646 1009 1495 10647 1043 1555 10648 1042 1432 10649 1042 1432 10650 1043 1555 10651 1077 1496 10652 1076 1433 10653 1077 1496 10654 1111 1497 10655 1110 1434 10656 1111 1497 10657 1145 1498 10658 1145 1498 10659 1179 1499 10660 1178 1436 10661 1179 1499 10662 1213 1560 10663 1212 1437 10664 1212 1437 10665 1213 1560 10666 1247 1500 10667 1246 1438 10668 1247 1500 10669 1281 1501 10670 1280 1439 10671 1281 1501 10672 1315 1502 10673 1314 1441 10674 1315 1502 10675 1349 1503 10676 1348 1442 10677 1349 1503 10678 1383 1504 10679 1382 1443 10680 1383 1504 10681 1417 1505 10682 1416 1444 10683 1417 1505 10684 1451 1506 10685 1451 1506 10686 1485 1507 10687 1484 1446 10688 1485 1507 10689 1519 1508 10690 1518 1448 10691 1519 1508 10692 1553 1509 10693 1552 1449 10694 1553 1509 10695 1587 1571 10696 1586 1451 10697 1586 1451 10698 1587 1571 10699 1621 1510 10700 1620 1452 10701 1621 1510 10702 1655 1511 10703 1654 1453 10704 1655 1511 10705 1689 1512 10706 1689 1512 10707 1723 1513 10708 1722 1455 10709 1723 1513 10710 1757 1514 10711 1756 1456 10712 1757 1514 10713 1791 1515 10714 1790 1457 10715 1791 1515 10716 1825 1578 10717 1824 1458 10718 1824 1458 10719 1825 1578 10720 1859 1516 10721 1858 1460 10722 1859 1516 10723 1893 1517 10724 1892 1461 10725 1893 1517 10726 1927 1518 10727 1926 1462 10728 1927 1518 10729 1961 1519 10730 1960 1463 10731 1961 1519 10732 1995 1520 10733 1994 1465 10734 1995 1520 10735 2029 1521 10736 2029 1521 10737 2063 1585 10738 2062 1467 10739 2062 1467 10740 2063 1585 10741 2097 1522 10742 2097 1522 10743 2131 1588 10744 2130 1470 10745 2130 1470 10746 2131 1588 10747 2165 1523 10748 2164 1524 10749 2165 1523 10750 23 1525 10751 23 1525 10752 24 1590 10753 58 1526 10754 57 1471 10755 58 1526 10756 92 1527 10757 91 1472 10758 92 1527 10759 126 1528 10760 126 1528 10761 160 1530 10762 159 1473 10763 160 1530 10764 194 1596 10765 193 1474 10766 193 1474 10767 194 1596 10768 228 1531 10769 227 1475 10770 228 1531 10771 262 1532 10772 261 1476 10773 262 1532 10774 296 1533 10775 295 1477 10776 296 1533 10777 330 1534 10778 329 1478 10779 330 1534 10780 364 1535 10781 364 1535 10782 398 1603 10783 397 1480 10784 397 1480 10785 398 1603 10786 432 1536 10787 431 1481 10788 432 1536 10789 466 1537 10790 465 1482 10791 466 1537 10792 500 1538 10793 500 1538 10794 534 1607 10795 533 1483 10796 533 1483 10797 534 1607 10798 568 1540 10799 567 1484 10800 568 1540 10801 602 1541 10802 601 1485 10803 602 1541 10804 636 1542 10805 635 1486 10806 636 1542 10807 670 1543 10808 669 1487 10809 670 1543 10810 704 1544 10811 703 1488 10812 704 1544 10813 738 1545 10814 737 1546 10815 738 1545 10816 772 1547 10817 771 1489 10818 772 1547 10819 806 1548 10820 806 1548 10821 840 1616 10822 839 1490 10823 839 1490 10824 840 1616 10825 874 1550 10826 873 1491 10827 874 1550 10828 908 1551 10829 908 1551 10830 942 1552 10831 941 1493 10832 942 1552 10833 976 1621 10834 975 1494 10835 975 1494 10836 976 1621 10837 1010 1553 10838 1009 1495 10839 1010 1553 10840 1044 1554 10841 1044 1554 10842 1078 1624 10843 1077 1496 10844 1077 1496 10845 1078 1624 10846 1112 1556 10847 1111 1497 10848 1112 1556 10849 1146 1557 10850 1145 1498 10851 1146 1557 10852 1180 1558 10853 1179 1499 10854 1180 1558 10855 1214 1559 10856 1213 1560 10857 1214 1559 10858 1248 1561 10859 1247 1500 10860 1248 1561 10861 1282 1562 10862 1281 1501 10863 1282 1562 10864 1316 1563 10865 1315 1502 10866 1316 1563 10867 1350 1564 10868 1349 1503 10869 1350 1564 10870 1384 1565 10871 1383 1504 10872 1384 1565 10873 1418 1566 10874 1417 1505 10875 1418 1566 10876 1452 1567 10877 1451 1506 10878 1452 1567 10879 1486 1568 10880 1485 1507 10881 1486 1568 10882 1520 1569 10883 1520 1569 10884 1554 1638 10885 1553 1509 10886 1553 1509 10887 1554 1638 10888 1588 1570 10889 1587 1571 10890 1588 1570 10891 1622 1572 10892 1621 1510 10893 1622 1572 10894 1656 1573 10895 1655 1511 10896 1656 1573 10897 1690 1574 10898 1689 1512 10899 1690 1574 10900 1724 1575 10901 1723 1513 10902 1724 1575 10903 1758 1576 10904 1758 1576 10905 1792 1646 10906 1791 1515 10907 1791 1515 10908 1792 1646 10909 1826 1577 10910 1825 1578 10911 1826 1577 10912 1860 1579 10913 1859 1516 10914 1860 1579 10915 1894 1580 10916 1893 1517 10917 1894 1580 10918 1928 1581 10919 1927 1518 10920 1928 1581 10921 1962 1582 10922 1961 1519 10923 1962 1582 10924 1996 1583 10925 1996 1583 10926 2030 1654 10927 2029 1521 10928 2029 1521 10929 2030 1654 10930 2064 1584 10931 2063 1585 10932 2064 1584 10933 2098 1586 10934 2097 1522 10935 2098 1586 10936 2132 1587 10937 2131 1588 10938 2132 1587 10939 2166 1589 10940 2166 1589 10941 24 1590 10942 23 1525 10943 24 1590 10944 25 1659 10945 59 1591 10946 58 1526 10947 59 1591 10948 93 1592 10949 92 1527 10950 93 1592 10951 127 1593 10952 126 1528 10953 127 1593 10954 161 1594 10955 160 1530 10956 161 1594 10957 195 1595 10958 194 1596 10959 195 1595 10960 229 1597 10961 228 1531 10962 229 1597 10963 263 1598 10964 262 1532 10965 263 1598 10966 297 1599 10967 296 1533 10968 297 1599 10969 331 1600 10970 330 1534 10971 331 1600 10972 365 1601 10973 364 1535 10974 365 1601 10975 399 1602 10976 398 1603 10977 399 1602 10978 433 1604 10979 432 1536 10980 433 1604 10981 467 1605 10982 466 1537 10983 467 1605 10984 501 1606 10985 501 1606 10986 535 1675 10987 534 1607 10988 534 1607 10989 535 1675 10990 569 1608 10991 568 1540 10992 569 1608 10993 603 1609 10994 602 1541 10995 603 1609 10996 637 1610 10997 637 1610 10998 671 1679 10999 670 1543 11000 670 1543 11001 671 1679 11002 705 1611 11003 704 1544 11004 705 1611 11005 739 1612 11006 738 1545 11007 739 1612 11008 773 1613 11009 772 1547 11010 773 1613 11011 807 1614 11012 806 1548 11013 807 1614 11014 841 1615 11015 840 1616 11016 841 1615 11017 875 1617 11018 874 1550 11019 875 1617 11020 909 1618 11021 908 1551 11022 909 1618 11023 943 1619 11024 942 1552 11025 943 1619 11026 977 1620 11027 976 1621 11028 977 1620 11029 1011 1622 11030 1010 1553 11031 1011 1622 11032 1045 1623 11033 1045 1623 11034 1079 1692 11035 1078 1624 11036 1078 1624 11037 1079 1692 11038 1113 1625 11039 1112 1556 11040 1113 1625 11041 1147 1626 11042 1146 1557 11043 1147 1626 11044 1181 1627 11045 1180 1558 11046 1181 1627 11047 1215 1628 11048 1214 1559 11049 1215 1628 11050 1249 1629 11051 1248 1561 11052 1249 1629 11053 1283 1630 11054 1282 1562 11055 1283 1630 11056 1317 1631 11057 1316 1563 11058 1317 1631 11059 1351 1632 11060 1350 1564 11061 1351 1632 11062 1385 1633 11063 1384 1565 11064 1385 1633 11065 1419 1634 11066 1418 1566 11067 1419 1634 11068 1453 1635 11069 1452 1567 11070 1453 1635 11071 1487 1636 11072 1486 1568 11073 1487 1636 11074 1521 1637 11075 1521 1637 11076 1555 1706 11077 1554 1638 11078 1554 1638 11079 1555 1706 11080 1589 1639 11081 1588 1570 11082 1589 1639 11083 1623 1640 11084 1622 1572 11085 1623 1640 11086 1657 1641 11087 1656 1573 11088 1657 1641 11089 1691 1642 11090 1690 1574 11091 1691 1642 11092 1725 1643 11093 1724 1575 11094 1725 1643 11095 1759 1644 11096 1758 1576 11097 1759 1644 11098 1793 1645 11099 1792 1646 11100 1793 1645 11101 1827 1647 11102 1826 1577 11103 1827 1647 11104 1861 1648 11105 1860 1579 11106 1861 1648 11107 1895 1649 11108 1894 1580 11109 1895 1649 11110 1929 1650 11111 1928 1581 11112 1929 1650 11113 1963 1651 11114 1962 1582 11115 1963 1651 11116 1997 1652 11117 1996 1583 11118 1997 1652 11119 2031 1653 11120 2030 1654 11121 2031 1653 11122 2065 1655 11123 2064 1584 11124 2065 1655 11125 2099 1656 11126 2098 1586 11127 2099 1656 11128 2133 1657 11129 2132 1587 11130 2133 1657 11131 2167 1658 11132 2166 1589 11133 2167 1658 11134 25 1659 11135 25 1659 11136 26 1724 11137 60 1660 11138 59 1591 11139 60 1660 11140 94 1661 11141 93 1592 11142 94 1661 11143 128 1662 11144 127 1593 11145 128 1662 11146 162 1663 11147 161 1594 11148 162 1663 11149 196 1664 11150 195 1595 11151 196 1664 11152 230 1665 11153 229 1597 11154 230 1665 11155 264 1666 11156 263 1598 11157 264 1666 11158 298 1667 11159 297 1599 11160 298 1667 11161 332 1668 11162 331 1600 11163 332 1668 11164 366 1669 11165 365 1601 11166 366 1669 11167 400 1670 11168 399 1602 11169 400 1670 11170 434 1671 11171 433 1604 11172 434 1671 11173 468 1672 11174 467 1605 11175 468 1672 11176 502 1673 11177 501 1606 11178 502 1673 11179 536 1674 11180 535 1675 11181 536 1674 11182 570 1676 11183 569 1608 11184 570 1676 11185 604 1677 11186 604 1677 11187 638 1743 11188 637 1610 11189 637 1610 11190 638 1743 11191 672 1678 11192 671 1679 11193 672 1678 11194 706 1680 11195 705 1611 11196 706 1680 11197 740 1681 11198 739 1612 11199 740 1681 11200 774 1682 11201 773 1613 11202 774 1682 11203 808 1683 11204 807 1614 11205 808 1683 11206 842 1684 11207 841 1615 11208 842 1684 11209 876 1685 11210 875 1617 11211 876 1685 11212 910 1686 11213 909 1618 11214 910 1686 11215 944 1687 11216 943 1619 11217 944 1687 11218 978 1688 11219 977 1620 11220 978 1688 11221 1012 1689 11222 1011 1622 11223 1012 1689 11224 1046 1690 11225 1045 1623 11226 1046 1690 11227 1080 1691 11228 1079 1692 11229 1080 1691 11230 1114 1693 11231 1113 1625 11232 1114 1693 11233 1148 1694 11234 1147 1626 11235 1148 1694 11236 1182 1695 11237 1181 1627 11238 1182 1695 11239 1216 1696 11240 1215 1628 11241 1216 1696 11242 1250 1697 11243 1249 1629 11244 1250 1697 11245 1284 1698 11246 1283 1630 11247 1284 1698 11248 1318 1699 11249 1317 1631 11250 1318 1699 11251 1352 1700 11252 1351 1632 11253 1352 1700 11254 1386 1701 11255 1385 1633 11256 1386 1701 11257 1420 1702 11258 1419 1634 11259 1420 1702 11260 1454 1703 11261 1453 1635 11262 1454 1703 11263 1488 1704 11264 1487 1636 11265 1488 1704 11266 1522 1705 11267 1522 1705 11268 1556 1771 11269 1555 1706 11270 1555 1706 11271 1556 1771 11272 1590 1707 11273 1589 1639 11274 1590 1707 11275 1624 1708 11276 1623 1640 11277 1624 1708 11278 1658 1709 11279 1657 1641 11280 1658 1709 11281 1692 1710 11282 1692 1710 11283 1726 1777 11284 1725 1643 11285 1725 1643 11286 1726 1777 11287 1760 1711 11288 1759 1644 11289 1760 1711 11290 1794 1712 11291 1793 1645 11292 1794 1712 11293 1828 1713 11294 1827 1647 11295 1828 1713 11296 1862 1714 11297 1861 1648 11298 1862 1714 11299 1896 1715 11300 1895 1649 11301 1896 1715 11302 1930 1716 11303 1929 1650 11304 1930 1716 11305 1964 1717 11306 1963 1651 11307 1964 1717 11308 1998 1718 11309 1997 1652 11310 1998 1718 11311 2032 1719 11312 2031 1653 11313 2032 1719 11314 2066 1720 11315 2065 1655 11316 2066 1720 11317 2100 1721 11318 2099 1656 11319 2100 1721 11320 2134 1722 11321 2133 1657 11322 2134 1722 11323 2168 1723 11324 2167 1658 11325 2168 1723 11326 26 1724 11327 26 1724 11328 27 1791 11329 61 1725 11330 60 1660 11331 61 1725 11332 95 1726 11333 94 1661 11334 95 1726 11335 129 1727 11336 128 1662 11337 129 1727 11338 163 1728 11339 162 1663 11340 163 1728 11341 197 1729 11342 196 1664 11343 197 1729 11344 231 1730 11345 230 1665 11346 231 1730 11347 265 1731 11348 264 1666 11349 265 1731 11350 299 1732 11351 298 1667 11352 299 1732 11353 333 1733 11354 332 1668 11355 333 1733 11356 367 1734 11357 366 1669 11358 367 1734 11359 401 1735 11360 400 1670 11361 401 1735 11362 435 1736 11363 434 1671 11364 435 1736 11365 469 1737 11366 468 1672 11367 469 1737 11368 503 1738 11369 502 1673 11370 503 1738 11371 537 1739 11372 536 1674 11373 537 1739 11374 571 1740 11375 570 1676 11376 571 1740 11377 605 1741 11378 604 1677 11379 605 1741 11380 639 1742 11381 638 1743 11382 639 1742 11383 673 1744 11384 672 1678 11385 673 1744 11386 707 1745 11387 706 1680 11388 707 1745 11389 741 1746 11390 740 1681 11391 741 1746 11392 775 1747 11393 774 1682 11394 775 1747 11395 809 1748 11396 808 1683 11397 809 1748 11398 843 1749 11399 842 1684 11400 843 1749 11401 877 1750 11402 876 1685 11403 877 1750 11404 911 1751 11405 910 1686 11406 911 1751 11407 945 1752 11408 944 1687 11409 945 1752 11410 979 1753 11411 978 1688 11412 979 1753 11413 1013 1754 11414 1012 1689 11415 1013 1754 11416 1047 1755 11417 1046 1690 11418 1047 1755 11419 1081 1756 11420 1080 1691 11421 1081 1756 11422 1115 1757 11423 1114 1693 11424 1115 1757 11425 1149 1758 11426 1148 1694 11427 1149 1758 11428 1183 1759 11429 1182 1695 11430 1183 1759 11431 1217 1760 11432 1216 1696 11433 1217 1760 11434 1251 1761 11435 1250 1697 11436 1251 1761 11437 1285 1762 11438 1284 1698 11439 1285 1762 11440 1319 1763 11441 1318 1699 11442 1319 1763 11443 1353 1764 11444 1352 1700 11445 1353 1764 11446 1387 1765 11447 1386 1701 11448 1387 1765 11449 1421 1766 11450 1420 1702 11451 1421 1766 11452 1455 1767 11453 1454 1703 11454 1455 1767 11455 1489 1768 11456 1488 1704 11457 1489 1768 11458 1523 1769 11459 1522 1705 11460 1523 1769 11461 1557 1770 11462 1556 1771 11463 1557 1770 11464 1591 1772 11465 1590 1707 11466 1591 1772 11467 1625 1773 11468 1624 1708 11469 1625 1773 11470 1659 1774 11471 1658 1709 11472 1659 1774 11473 1693 1775 11474 1692 1710 11475 1693 1775 11476 1727 1776 11477 1726 1777 11478 1727 1776 11479 1761 1778 11480 1760 1711 11481 1761 1778 11482 1795 1779 11483 1794 1712 11484 1795 1779 11485 1829 1780 11486 1828 1713 11487 1829 1780 11488 1863 1781 11489 1862 1714 11490 1863 1781 11491 1897 1782 11492 1896 1715 11493 1897 1782 11494 1931 1783 11495 1930 1716 11496 1931 1783 11497 1965 1784 11498 1964 1717 11499 1965 1784 11500 1999 1785 11501 1998 1718 11502 1999 1785 11503 2033 1786 11504 2032 1719 11505 2033 1786 11506 2067 1787 11507 2066 1720 11508 2067 1787 11509 2101 1788 11510 2100 1721 11511 2101 1788 11512 2135 1789 11513 2134 1722 11514 2135 1789 11515 2169 1790 11516 2168 1723 11517 2169 1790 11518 27 1791 11519 61 1725 11520 27 1791 11521 2176 1792 11522 27 1791 11523 28 1861 11524 2176 1792 11525 62 1793 11526 96 1794 11527 95 1726 11528 96 1794 11529 130 1795 11530 129 1727 11531 130 1795 11532 164 1796 11533 163 1728 11534 164 1796 11535 198 1797 11536 197 1729 11537 198 1797 11538 232 1798 11539 231 1730 11540 232 1798 11541 266 1799 11542 265 1731 11543 266 1799 11544 300 1800 11545 299 1732 11546 300 1800 11547 334 1801 11548 333 1733 11549 334 1801 11550 368 1802 11551 367 1734 11552 368 1802 11553 402 1803 11554 401 1735 11555 402 1803 11556 436 1804 11557 435 1736 11558 436 1804 11559 470 1805 11560 469 1737 11561 470 1805 11562 504 1806 11563 503 1738 11564 504 1806 11565 538 1807 11566 537 1739 11567 538 1807 11568 572 1808 11569 571 1740 11570 572 1808 11571 606 1809 11572 605 1741 11573 606 1809 11574 640 1810 11575 639 1742 11576 640 1810 11577 674 1811 11578 673 1744 11579 674 1811 11580 708 1812 11581 707 1745 11582 708 1812 11583 742 1813 11584 741 1746 11585 742 1813 11586 776 1814 11587 775 1747 11588 776 1814 11589 810 1885 11590 809 1748 11591 809 1748 11592 810 1885 11593 844 1815 11594 844 1815 11595 878 1816 11596 877 1750 11597 878 1816 11598 912 1817 11599 911 1751 11600 912 1817 11601 946 1818 11602 945 1752 11603 946 1818 11604 980 1819 11605 979 1753 11606 980 1819 11607 1014 1820 11608 1013 1754 11609 1014 1820 11610 1048 1821 11611 1047 1755 11612 1048 1821 11613 1082 1822 11614 1081 1756 11615 1082 1822 11616 1116 1823 11617 1115 1757 11618 1116 1823 11619 1150 1824 11620 1149 1758 11621 1150 1824 11622 1184 1825 11623 1183 1759 11624 1184 1825 11625 1218 1826 11626 1217 1760 11627 1218 1826 11628 1252 1827 11629 1251 1761 11630 1252 1827 11631 1286 1828 11632 1285 1762 11633 1286 1828 11634 1320 1829 11635 1319 1763 11636 1320 1829 11637 1354 1830 11638 1353 1764 11639 1354 1830 11640 1388 1831 11641 1387 1765 11642 1388 1831 11643 1422 1832 11644 1421 1766 11645 1422 1832 11646 1456 1833 11647 1455 1767 11648 1456 1833 11649 1490 1834 11650 1489 1768 11651 1490 1834 11652 1524 1835 11653 1523 1769 11654 1524 1835 11655 1558 1836 11656 1557 1770 11657 1558 1836 11658 1592 1837 11659 1591 1772 11660 1592 1837 11661 1626 1838 11662 1625 1773 11663 1626 1838 11664 1660 1839 11665 1659 1774 11666 1660 1839 11667 1694 1840 11668 1693 1775 11669 1694 1840 11670 1728 1841 11671 1727 1776 11672 1728 1841 11673 1762 1842 11674 1761 1778 11675 1762 1842 11676 1796 1843 11677 1795 1779 11678 1796 1843 11679 1830 1844 11680 1829 1780 11681 1830 1844 11682 1864 1845 11683 1863 1781 11684 1864 1845 11685 1898 1846 11686 1897 1782 11687 1898 1846 11688 1932 1847 11689 1931 1783 11690 1932 1847 11691 1966 1920 11692 1965 1784 11693 1999 1785 11694 1965 1784 11695 2197 1848 11696 1965 1784 11697 1966 1920 11698 2197 1848 11699 2033 1786 11700 1999 1785 11701 2199 1850 11702 1999 1785 11703 2000 1849 11704 2199 1850 11705 2067 1787 11706 2033 1786 11707 2201 1852 11708 2033 1786 11709 2034 1851 11710 2201 1852 11711 2101 1788 11712 2067 1787 11713 2203 1854 11714 2067 1787 11715 2068 1853 11716 2203 1854 11717 2135 1789 11718 2101 1788 11719 2205 1856 11720 2101 1788 11721 2102 1855 11722 2205 1856 11723 2169 1790 11724 2135 1789 11725 2206 1858 11726 2135 1789 11727 2136 1857 11728 2206 1858 11729 27 1791 11730 2169 1790 11731 2207 1860 11732 2169 1790 11733 2170 1859 11734 2207 1860 11735 2176 1792 11736 28 1861 11737 29 1927 11738 29 1927 11739 63 1862 11740 2176 1792 11741 62 1793 11742 63 1862 11743 97 1863 11744 96 1794 11745 97 1863 11746 131 1864 11747 130 1795 11748 131 1864 11749 165 1865 11750 164 1796 11751 165 1865 11752 199 1866 11753 198 1797 11754 199 1866 11755 233 1867 11756 232 1798 11757 233 1867 11758 267 1868 11759 266 1799 11760 267 1868 11761 301 1869 11762 300 1800 11763 301 1869 11764 335 1870 11765 334 1801 11766 335 1870 11767 369 1871 11768 368 1802 11769 369 1871 11770 403 1872 11771 402 1803 11772 403 1872 11773 437 1873 11774 436 1804 11775 437 1873 11776 471 1874 11777 470 1805 11778 471 1874 11779 505 1875 11780 504 1806 11781 505 1875 11782 539 1876 11783 538 1807 11784 539 1876 11785 573 1877 11786 572 1808 11787 573 1877 11788 607 1878 11789 606 1809 11790 607 1878 11791 641 1879 11792 640 1810 11793 641 1879 11794 675 1880 11795 674 1811 11796 675 1880 11797 709 1881 11798 708 1812 11799 709 1881 11800 743 1882 11801 742 1813 11802 743 1882 11803 777 1883 11804 776 1814 11805 777 1883 11806 811 1884 11807 810 1885 11808 811 1884 11809 845 1886 11810 844 1815 11811 845 1886 11812 879 1887 11813 878 1816 11814 879 1887 11815 913 1888 11816 912 1817 11817 913 1888 11818 947 1889 11819 946 1818 11820 947 1889 11821 981 1890 11822 980 1819 11823 981 1890 11824 1015 1891 11825 1014 1820 11826 1015 1891 11827 1049 1892 11828 1048 1821 11829 1049 1892 11830 1083 1893 11831 1082 1822 11832 1083 1893 11833 1117 1894 11834 1116 1823 11835 1117 1894 11836 1151 1895 11837 1150 1824 11838 1151 1895 11839 1185 1896 11840 1184 1825 11841 1185 1896 11842 1219 1897 11843 1218 1826 11844 1219 1897 11845 1253 1898 11846 1252 1827 11847 1253 1898 11848 1287 1899 11849 1286 1828 11850 1287 1899 11851 1321 1900 11852 1320 1829 11853 1321 1900 11854 1355 1901 11855 1354 1830 11856 1355 1901 11857 1389 1902 11858 1388 1831 11859 1389 1902 11860 1423 1903 11861 1422 1832 11862 1423 1903 11863 1457 1904 11864 1456 1833 11865 1457 1904 11866 1491 1905 11867 1490 1834 11868 1491 1905 11869 1525 1906 11870 1524 1835 11871 1525 1906 11872 1559 1907 11873 1558 1836 11874 1559 1907 11875 1593 1908 11876 1592 1837 11877 1593 1908 11878 1627 1909 11879 1626 1838 11880 1627 1909 11881 1661 1910 11882 1660 1839 11883 1661 1910 11884 1695 1911 11885 1694 1840 11886 1695 1911 11887 1729 1912 11888 1728 1841 11889 1729 1912 11890 1763 1913 11891 1762 1842 11892 1763 1913 11893 1797 1914 11894 1796 1843 11895 1797 1914 11896 1831 1915 11897 1830 1844 11898 1831 1915 11899 1865 1916 11900 1864 1845 11901 1865 1916 11902 1899 1917 11903 1898 1846 11904 1899 1917 11905 1933 1918 11906 1932 1847 11907 1933 1918 11908 1967 1919 11909 2197 1848 11910 1966 1920 11911 1967 1919 11912 1967 1919 11913 2001 1921 11914 2197 1848 11915 2199 1850 11916 2000 1849 11917 2001 1921 11918 2001 1921 11919 2035 1922 11920 2199 1850 11921 2201 1852 11922 2034 1851 11923 2035 1922 11924 2035 1922 11925 2069 1923 11926 2201 1852 11927 2203 1854 11928 2068 1853 11929 2069 1923 11930 2069 1923 11931 2103 1924 11932 2203 1854 11933 2205 1856 11934 2102 1855 11935 2103 1924 11936 2103 1924 11937 2137 1925 11938 2205 1856 11939 2206 1858 11940 2136 1857 11941 2137 1925 11942 2137 1925 11943 2171 1926 11944 2206 1858 11945 2207 1860 11946 2170 1859 11947 2171 1926 11948 2171 1926 11949 29 1927 11950 2207 1860 11951 30 1928 11952 64 1929 11953 63 1862 11954 64 1929 11955 98 1930 11956 97 1863 11957 98 1930 11958 132 1931 11959 131 1864 11960 132 1931 11961 166 1932 11962 165 1865 11963 166 1932 11964 200 1933 11965 199 1866 11966 200 1933 11967 234 1934 11968 233 1867 11969 234 1934 11970 268 1935 11971 267 1868 11972 268 1935 11973 302 1936 11974 301 1869 11975 302 1936 11976 336 1937 11977 335 1870 11978 336 1937 11979 370 1938 11980 369 1871 11981 370 1938 11982 404 1939 11983 403 1872 11984 404 1939 11985 438 1940 11986 437 1873 11987 438 1940 11988 472 1941 11989 471 1874 11990 472 1941 11991 506 1942 11992 505 1875 11993 506 1942 11994 540 1943 11995 539 1876 11996 540 1943 11997 574 1944 11998 573 1877 11999 574 1944 12000 608 1945 12001 607 1878 12002 608 1945 12003 642 1946 12004 641 1879 12005 642 1946 12006 676 1947 12007 675 1880 12008 676 1947 12009 710 1948 12010 709 1881 12011 710 1948 12012 744 1949 12013 743 1882 12014 744 1949 12015 778 1950 12016 777 1883 12017 778 1950 12018 812 1951 12019 811 1884 12020 812 1951 12021 846 1952 12022 845 1886 12023 846 1952 12024 880 1953 12025 879 1887 12026 880 1953 12027 914 1954 12028 913 1888 12029 914 1954 12030 948 1955 12031 947 1889 12032 948 1955 12033 982 1956 12034 981 1890 12035 982 1956 12036 1016 1957 12037 1015 1891 12038 1016 1957 12039 1050 1958 12040 1049 1892 12041 1050 1958 12042 1084 1959 12043 1083 1893 12044 1084 1959 12045 1118 1960 12046 1117 1894 12047 1118 1960 12048 1152 2025 12049 1151 1895 12050 1185 1896 12051 1151 1895 12052 2177 1961 12053 1151 1895 12054 1152 2025 12055 2177 1961 12056 1219 1897 12057 1185 1896 12058 2178 1963 12059 1185 1896 12060 1186 1962 12061 2178 1963 12062 1253 1898 12063 1219 1897 12064 2179 1965 12065 1219 1897 12066 1220 1964 12067 2179 1965 12068 1254 1966 12069 1288 1967 12070 1287 1899 12071 1288 1967 12072 1322 1968 12073 1321 1900 12074 1322 1968 12075 1356 1969 12076 1355 1901 12077 1356 1969 12078 1390 1970 12079 1389 1902 12080 1390 1970 12081 1424 1971 12082 1423 1903 12083 1424 1971 12084 1458 1972 12085 1457 1904 12086 1458 1972 12087 1492 1973 12088 1491 1905 12089 1492 1973 12090 1526 1974 12091 1525 1906 12092 1526 1974 12093 1560 1975 12094 1559 1907 12095 1560 1975 12096 1594 1976 12097 1593 1908 12098 1594 1976 12099 1628 1977 12100 1627 1909 12101 1628 1977 12102 1662 1978 12103 1661 1910 12104 1662 1978 12105 1696 1979 12106 1695 1911 12107 1696 1979 12108 1730 1980 12109 1729 1912 12110 1730 1980 12111 1764 1981 12112 1763 1913 12113 1764 1981 12114 1798 1982 12115 1797 1914 12116 1798 1982 12117 1832 1983 12118 1831 1915 12119 1832 1983 12120 1866 2059 12121 1865 1916 12122 1899 1917 12123 1865 1916 12124 2194 1984 12125 1865 1916 12126 1866 2059 12127 2194 1984 12128 1933 1918 12129 1899 1917 12130 2195 1986 12131 1899 1917 12132 1900 1985 12133 2195 1986 12134 1967 1919 12135 1933 1918 12136 2196 1988 12137 1933 1918 12138 1934 1987 12139 2196 1988 12140 2001 1921 12141 1967 1919 12142 2198 1990 12143 1967 1919 12144 1968 1989 12145 2198 1990 12146 2035 1922 12147 2001 1921 12148 2200 1992 12149 2001 1921 12150 2002 1991 12151 2200 1992 12152 2069 1923 12153 2035 1922 12154 2202 1994 12155 2035 1922 12156 2036 1993 12157 2202 1994 12158 2103 1924 12159 2069 1923 12160 2204 1996 12161 2069 1923 12162 2070 1995 12163 2204 1996 12164 2104 1997 12165 2138 1998 12166 2137 1925 12167 2138 1998 12168 2172 1999 12169 2171 1926 12170 2172 1999 12171 30 1928 12172 29 1927 12173 30 1928 12174 31 2069 12175 65 2000 12176 64 1929 12177 65 2000 12178 99 2001 12179 99 2001 12180 133 2073 12181 132 1931 12182 132 1931 12183 133 2073 12184 167 2002 12185 166 1932 12186 167 2002 12187 201 2003 12188 201 2003 12189 235 2004 12190 234 1934 12191 235 2004 12192 269 2078 12193 268 1935 12194 268 1935 12195 269 2078 12196 303 2005 12197 302 1936 12198 303 2005 12199 337 2006 12200 337 2006 12201 371 2082 12202 370 1938 12203 370 1938 12204 371 2082 12205 405 2007 12206 404 1939 12207 405 2007 12208 439 2008 12209 438 1940 12210 439 2008 12211 473 2009 12212 473 2009 12213 507 2087 12214 506 1942 12215 506 1942 12216 507 2087 12217 541 2010 12218 541 2010 12219 575 2011 12220 574 1944 12221 575 2011 12222 609 2091 12223 608 1945 12224 608 1945 12225 609 2091 12226 643 2012 12227 643 2012 12228 677 2013 12229 676 1947 12230 677 2013 12231 711 2014 12232 710 1948 12233 711 2014 12234 745 2096 12235 744 1949 12236 744 1949 12237 745 2096 12238 779 2015 12239 779 2015 12240 813 2016 12241 812 1951 12242 813 2016 12243 847 2017 12244 846 1952 12245 847 2017 12246 881 2018 12247 880 1953 12248 881 2018 12249 915 2019 12250 914 1954 12251 915 2019 12252 949 2103 12253 948 1955 12254 948 1955 12255 949 2103 12256 983 2020 12257 982 1956 12258 983 2020 12259 1017 2021 12260 1017 2021 12261 1051 2022 12262 1050 1958 12263 1051 2022 12264 1085 2023 12265 1084 1959 12266 1085 2023 12267 1119 2024 12268 1118 1960 12269 1119 2024 12270 1153 2110 12271 1152 2025 12272 2177 1961 12273 1152 2025 12274 1153 2110 12275 1153 2110 12276 1187 2026 12277 2177 1961 12278 2178 1963 12279 1186 1962 12280 1187 2026 12281 1187 2026 12282 1221 2027 12283 2178 1963 12284 2179 1965 12285 1220 1964 12286 1221 2027 12287 1221 2027 12288 1255 2028 12289 2179 1965 12290 1255 2028 12291 1289 2115 12292 1288 1967 12293 1288 1967 12294 1289 2115 12295 1323 2029 12296 1356 1969 12297 1322 1968 12298 2180 2030 12299 1322 1968 12300 1323 2029 12301 2180 2030 12302 1390 1970 12303 1356 1969 12304 2181 2032 12305 1356 1969 12306 1357 2031 12307 2181 2032 12308 1424 1971 12309 1390 1970 12310 2182 2034 12311 1390 1970 12312 1391 2033 12313 2182 2034 12314 1458 1972 12315 1424 1971 12316 2183 2036 12317 1424 1971 12318 1425 2035 12319 2183 2036 12320 1492 1973 12321 1458 1972 12322 2184 2038 12323 1458 1972 12324 1459 2037 12325 2184 2038 12326 1526 1974 12327 1492 1973 12328 2185 2040 12329 1492 1973 12330 1493 2039 12331 2185 2040 12332 1560 1975 12333 1526 1974 12334 2186 2042 12335 1526 1974 12336 1527 2041 12337 2186 2042 12338 1594 1976 12339 1560 1975 12340 2187 2044 12341 1560 1975 12342 1561 2043 12343 2187 2044 12344 1628 1977 12345 1594 1976 12346 2188 2046 12347 1594 1976 12348 1595 2045 12349 2188 2046 12350 1662 1978 12351 1628 1977 12352 2189 2048 12353 1628 1977 12354 1629 2047 12355 2189 2048 12356 1696 1979 12357 1662 1978 12358 2190 2050 12359 1662 1978 12360 1663 2049 12361 2190 2050 12362 1730 1980 12363 1696 1979 12364 2191 2052 12365 1696 1979 12366 1697 2051 12367 2191 2052 12368 1764 1981 12369 1730 1980 12370 2192 2054 12371 1730 1980 12372 1731 2053 12373 2192 2054 12374 1798 1982 12375 1764 1981 12376 2193 2056 12377 1764 1981 12378 1765 2055 12379 2193 2056 12380 1798 1982 12381 1799 2057 12382 1833 2058 12383 1833 2058 12384 1867 2133 12385 1866 2059 12386 2194 1984 12387 1866 2059 12388 1867 2133 12389 1867 2133 12390 1901 2060 12391 2194 1984 12392 2195 1986 12393 1900 1985 12394 1901 2060 12395 1901 2060 12396 1935 2061 12397 2195 1986 12398 2196 1988 12399 1934 1987 12400 1935 2061 12401 1935 2061 12402 1969 2062 12403 2196 1988 12404 2198 1990 12405 1968 1989 12406 1969 2062 12407 1969 2062 12408 2003 2063 12409 2198 1990 12410 2200 1992 12411 2002 1991 12412 2003 2063 12413 2003 2063 12414 2037 2064 12415 2200 1992 12416 2202 1994 12417 2036 1993 12418 2037 2064 12419 2037 2064 12420 2071 2065 12421 2202 1994 12422 2204 1996 12423 2070 1995 12424 2071 2065 12425 2071 2065 12426 2105 2066 12427 2204 1996 12428 2105 2066 12429 2139 2067 12430 2138 1998 12431 2139 2067 12432 2173 2068 12433 2172 1999 12434 2173 2068 12435 31 2069 12436 30 1928 12437 31 2069 12438 32 2143 12439 66 2070 12440 65 2000 12441 66 2070 12442 100 2071 12443 99 2001 12444 100 2071 12445 134 2072 12446 133 2073 12447 134 2072 12448 168 2074 12449 167 2002 12450 168 2074 12451 202 2075 12452 201 2003 12453 202 2075 12454 236 2076 12455 235 2004 12456 236 2076 12457 270 2077 12458 269 2078 12459 270 2077 12460 304 2079 12461 303 2005 12462 304 2079 12463 338 2080 12464 337 2006 12465 338 2080 12466 372 2081 12467 371 2082 12468 372 2081 12469 406 2083 12470 405 2007 12471 406 2083 12472 440 2084 12473 439 2008 12474 440 2084 12475 474 2085 12476 473 2009 12477 474 2085 12478 508 2086 12479 507 2087 12480 508 2086 12481 542 2088 12482 541 2010 12483 542 2088 12484 576 2089 12485 575 2011 12486 576 2089 12487 610 2090 12488 609 2091 12489 610 2090 12490 644 2092 12491 643 2012 12492 644 2092 12493 678 2093 12494 677 2013 12495 678 2093 12496 712 2094 12497 711 2014 12498 712 2094 12499 746 2095 12500 745 2096 12501 746 2095 12502 780 2097 12503 779 2015 12504 780 2097 12505 814 2098 12506 813 2016 12507 814 2098 12508 848 2099 12509 847 2017 12510 848 2099 12511 882 2100 12512 881 2018 12513 882 2100 12514 916 2101 12515 915 2019 12516 916 2101 12517 950 2102 12518 949 2103 12519 950 2102 12520 984 2104 12521 983 2020 12522 984 2104 12523 1018 2105 12524 1017 2021 12525 1018 2105 12526 1052 2106 12527 1051 2022 12528 1052 2106 12529 1086 2107 12530 1085 2023 12531 1086 2107 12532 1120 2108 12533 1119 2024 12534 1120 2108 12535 1154 2109 12536 1153 2110 12537 1154 2109 12538 1188 2111 12539 1187 2026 12540 1188 2111 12541 1222 2112 12542 1221 2027 12543 1222 2112 12544 1256 2113 12545 1255 2028 12546 1256 2113 12547 1290 2114 12548 1289 2115 12549 1290 2114 12550 1324 2116 12551 2180 2030 12552 1323 2029 12553 1324 2116 12554 1324 2116 12555 1358 2117 12556 2180 2030 12557 2181 2032 12558 1357 2031 12559 1358 2117 12560 1358 2117 12561 1392 2118 12562 2181 2032 12563 2182 2034 12564 1391 2033 12565 1392 2118 12566 1392 2118 12567 1426 2119 12568 2182 2034 12569 2183 2036 12570 1425 2035 12571 1426 2119 12572 1426 2119 12573 1460 2120 12574 2183 2036 12575 2184 2038 12576 1459 2037 12577 1460 2120 12578 1460 2120 12579 1494 2121 12580 2184 2038 12581 2185 2040 12582 1493 2039 12583 1494 2121 12584 1494 2121 12585 1528 2122 12586 2185 2040 12587 2186 2042 12588 1527 2041 12589 1528 2122 12590 1528 2122 12591 1562 2123 12592 2186 2042 12593 2187 2044 12594 1561 2043 12595 1562 2123 12596 1562 2123 12597 1596 2124 12598 2187 2044 12599 2188 2046 12600 1595 2045 12601 1596 2124 12602 1596 2124 12603 1630 2125 12604 2188 2046 12605 2189 2048 12606 1629 2047 12607 1630 2125 12608 1630 2125 12609 1664 2126 12610 2189 2048 12611 2190 2050 12612 1663 2049 12613 1664 2126 12614 1664 2126 12615 1698 2127 12616 2190 2050 12617 2191 2052 12618 1697 2051 12619 1698 2127 12620 1698 2127 12621 1732 2128 12622 2191 2052 12623 2192 2054 12624 1731 2053 12625 1732 2128 12626 1732 2128 12627 1766 2129 12628 2192 2054 12629 2193 2056 12630 1765 2055 12631 1766 2129 12632 1766 2129 12633 1800 2130 12634 2193 2056 12635 1799 2057 12636 1800 2130 12637 1834 2131 12638 1833 2058 12639 1834 2131 12640 1868 2132 12641 1867 2133 12642 1868 2132 12643 1902 2134 12644 1901 2060 12645 1902 2134 12646 1936 2135 12647 1935 2061 12648 1936 2135 12649 1970 2136 12650 1969 2062 12651 1970 2136 12652 2004 2137 12653 2003 2063 12654 2004 2137 12655 2038 2138 12656 2037 2064 12657 2038 2138 12658 2072 2139 12659 2071 2065 12660 2072 2139 12661 2106 2140 12662 2105 2066 12663 2106 2140 12664 2140 2141 12665 2139 2067 12666 2140 2141 12667 2174 2142 12668 2173 2068 12669 2174 2142 12670 32 2143 12671 32 2143 12672 33 2207 12673 67 2144 12674 66 2070 12675 67 2144 12676 101 2145 12677 100 2071 12678 101 2145 12679 135 2146 12680 134 2072 12681 135 2146 12682 169 2147 12683 168 2074 12684 169 2147 12685 203 2148 12686 202 2075 12687 203 2148 12688 237 2149 12689 236 2076 12690 237 2149 12691 271 2150 12692 270 2077 12693 271 2150 12694 305 2151 12695 304 2079 12696 305 2151 12697 339 2152 12698 338 2080 12699 339 2152 12700 373 2153 12701 372 2081 12702 373 2153 12703 407 2154 12704 406 2083 12705 407 2154 12706 441 2155 12707 440 2084 12708 441 2155 12709 475 2156 12710 474 2085 12711 475 2156 12712 509 2157 12713 508 2086 12714 509 2157 12715 543 2158 12716 542 2088 12717 543 2158 12718 577 2159 12719 576 2089 12720 577 2159 12721 611 2160 12722 610 2090 12723 611 2160 12724 645 2161 12725 644 2092 12726 645 2161 12727 679 2162 12728 678 2093 12729 679 2162 12730 713 2163 12731 712 2094 12732 713 2163 12733 747 2164 12734 746 2095 12735 747 2164 12736 781 2165 12737 780 2097 12738 781 2165 12739 815 2166 12740 814 2098 12741 815 2166 12742 849 2167 12743 848 2099 12744 849 2167 12745 883 2168 12746 882 2100 12747 883 2168 12748 917 2169 12749 916 2101 12750 917 2169 12751 951 2170 12752 950 2102 12753 951 2170 12754 985 2171 12755 984 2104 12756 985 2171 12757 1019 2172 12758 1018 2105 12759 1019 2172 12760 1053 2173 12761 1052 2106 12762 1053 2173 12763 1087 2174 12764 1086 2107 12765 1087 2174 12766 1121 2175 12767 1120 2108 12768 1121 2175 12769 1155 2176 12770 1154 2109 12771 1155 2176 12772 1189 2177 12773 1188 2111 12774 1189 2177 12775 1223 2178 12776 1222 2112 12777 1223 2178 12778 1257 2179 12779 1256 2113 12780 1257 2179 12781 1291 2180 12782 1290 2114 12783 1291 2180 12784 1325 2181 12785 1324 2116 12786 1325 2181 12787 1359 2182 12788 1358 2117 12789 1359 2182 12790 1393 2183 12791 1392 2118 12792 1393 2183 12793 1427 2184 12794 1426 2119 12795 1427 2184 12796 1461 2185 12797 1460 2120 12798 1461 2185 12799 1495 2186 12800 1494 2121 12801 1495 2186 12802 1529 2187 12803 1528 2122 12804 1529 2187 12805 1563 2188 12806 1562 2123 12807 1563 2188 12808 1597 2189 12809 1596 2124 12810 1597 2189 12811 1631 2190 12812 1630 2125 12813 1631 2190 12814 1665 2191 12815 1664 2126 12816 1665 2191 12817 1699 2192 12818 1698 2127 12819 1699 2192 12820 1733 2193 12821 1732 2128 12822 1733 2193 12823 1767 2194 12824 1766 2129 12825 1767 2194 12826 1801 2195 12827 1800 2130 12828 1801 2195 12829 1835 2196 12830 1834 2131 12831 1835 2196 12832 1869 2197 12833 1868 2132 12834 1869 2197 12835 1903 2198 12836 1902 2134 12837 1903 2198 12838 1937 2199 12839 1936 2135 12840 1937 2199 12841 1971 2200 12842 1970 2136 12843 1971 2200 12844 2005 2201 12845 2004 2137 12846 2005 2201 12847 2039 2202 12848 2038 2138 12849 2039 2202 12850 2073 2203 12851 2072 2139 12852 2073 2203 12853 2107 2204 12854 2106 2140 12855 2107 2204 12856 2141 2205 12857 2140 2141 12858 2141 2205 12859 2175 2206 12860 2174 2142 12861 2175 2206 12862 33 2207 12863</p>
        </triangles>
      </mesh>
    </geometry>
  </library_geometries>
  <library_visual_scenes>
    <visual_scene id="Scene" name="Scene">
      <node id="Light_002" name="Light.002" type="NODE">
        <matrix sid="transform">-0.2908646 -0.7711008 0.5663933 4.076245 0.9551712 -0.1998833 0.2183913 1.005454 -0.05518912 0.6045247 0.7946723 5.903862 0 0 0 1</matrix>
        <instance_light url="#Light_002-light"/>
      </node>
      <node id="Camera_002" name="Camera.002" type="NODE">
        <matrix sid="transform">0.6859207 -0.3240135 0.6515582 7.358891 0.7276763 0.3054209 -0.6141704 -6.925791 -4.01133e-9 0.8953956 0.4452714 4.958309 0 0 0 1</matrix>
        <instance_camera url="#Camera_002-camera"/>
      </node>
      <node id="Plane" name="Plane" type="NODE">
        <matrix sid="transform">0.06569592 0 0 0.0102079 0 0.06569592 0 0.01862033 0 0 0.05670966 0.1418188 0 0 0 1</matrix>
        <instance_geometry url="#Plane-mesh" name="Plane">
          <bind_material>
            <technique_common>
              <instance_material symbol="Label_001-material" target="#Label_001-material">
                <bind_vertex_input semantic="Plane-mesh-map-0" input_semantic="TEXCOORD" input_set="0"/>
              </instance_material>
              <instance_material symbol="Plastic-material" target="#Plastic-material">
                <bind_vertex_input semantic="Plane-mesh-map-0" input_semantic="TEXCOORD" input_set="0"/>
              </instance_material>
            </technique_common>
          </bind_material>
        </instance_geometry>
      </node>
      <node id="Empty" name="Empty" type="NODE">
        <matrix sid="transform">1 0 0 0 0 7.54979e-8 -1 7.350513 0 1 7.54979e-8 0 0 0 0 1</matrix>
      </node>
      <node id="Camera_001" name="Camera.001" type="NODE">
        <matrix sid="transform">0.6859207 -0.3240135 0.6515582 7.358891 0.7276763 0.3054209 -0.6141704 -6.925791 -4.01133e-9 0.8953956 0.4452714 4.958309 0 0 0 1</matrix>
        <instance_camera url="#Camera_001-camera"/>
      </node>
      <node id="Light_001" name="Light.001" type="NODE">
        <matrix sid="transform">-0.2908646 -0.7711007 0.5663934 4.076245 0.9551712 -0.1998832 0.2183914 1.005454 -0.05518918 0.6045248 0.7946723 5.903862 0 0 0 1</matrix>
        <instance_light url="#Light_001-light"/>
      </node>
      <node id="Camera" name="Camera" type="NODE">
        <matrix sid="transform">0.6859207 -0.3240135 0.6515582 7.358891 0.7276763 0.3054208 -0.6141704 -6.925791 0 0.8953956 0.4452714 4.958309 0 0 0 1</matrix>
        <instance_camera url="#Camera-camera"/>
      </node>
      <node id="Light" name="Light" type="NODE">
        <matrix sid="transform">-0.2908646 -0.7711008 0.5663932 4.076245 0.9551712 -0.1998834 0.2183912 1.005454 -0.05518906 0.6045247 0.7946723 5.903862 0 0 0 1</matrix>
        <instance_light url="#Light-light"/>
      </node>
    </visual_scene>
  </library_visual_scenes>
  <scene>
    <instance_visual_scene url="#Scene"/>
  </scene>
</COLLADA>